{
  "n_center": 3,
  "n_community": 10,
  "n_warehouse": 6,
  "set_F": [
    "F1",
    "F2",
    "F3",
    "F4",
    "F5",
    "F6"
  ],
  "set_D": [
    "D1",
    "D2",
    "D3"
  ],
  "set_V": [
    "V1",
    "V2",
    "V3",
    "V4",
    "V5",
    "V6",
    "V7",
    "V8",
    "V9",
    "V10"
  ],
  "set_A": [
    "('F1', 'D1')",
    "('F1', 'D2')",
    "('F1', 'D3')",
    "('F2', 'D1')",
    "('F2', 'D2')",
    "('F2', 'D3')",
    "('F3', 'D1')",
    "('F3', 'D2')",
    "('F3', 'D3')",
    "('F4', 'D1')",
    "('F4', 'D2')",
    "('F4', 'D3')",
    "('F5', 'D1')",
    "('F5', 'D2')",
    "('F5', 'D3')",
    "('F6', 'D1')",
    "('F6', 'D2')",
    "('F6', 'D3')",
    "('D1', 'D2')",
    "('D1', 'D3')",
    "('D1', 'V1')",
    "('D1', 'V2')",
    "('D1', 'V3')",
    "('D1', 'V4')",
    "('D1', 'V5')",
    "('D1', 'V6')",
    "('D1', 'V7')",
    "('D1', 'V8')",
    "('D1', 'V9')",
    "('D1', 'V10')",
    "('D2', 'D1')",
    "('D2', 'D3')",
    "('D2', 'V1')",
    "('D2', 'V2')",
    "('D2', 'V3')",
    "('D2', 'V4')",
    "('D2', 'V5')",
    "('D2', 'V6')",
    "('D2', 'V7')",
    "('D2', 'V8')",
    "('D2', 'V9')",
    "('D2', 'V10')",
    "('D3', 'D1')",
    "('D3', 'D2')",
    "('D3', 'V1')",
    "('D3', 'V2')",
    "('D3', 'V3')",
    "('D3', 'V4')",
    "('D3', 'V5')",
    "('D3', 'V6')",
    "('D3', 'V7')",
    "('D3', 'V8')",
    "('D3', 'V9')",
    "('D3', 'V10')",
    "('V1', 'D1')",
    "('V1', 'D2')",
    "('V1', 'D3')",
    "('V1', 'V2')",
    "('V1', 'V3')",
    "('V1', 'V4')",
    "('V1', 'V5')",
    "('V1', 'V6')",
    "('V1', 'V7')",
    "('V1', 'V8')",
    "('V1', 'V9')",
    "('V1', 'V10')",
    "('V2', 'D1')",
    "('V2', 'D2')",
    "('V2', 'D3')",
    "('V2', 'V1')",
    "('V2', 'V3')",
    "('V2', 'V4')",
    "('V2', 'V5')",
    "('V2', 'V6')",
    "('V2', 'V7')",
    "('V2', 'V8')",
    "('V2', 'V9')",
    "('V2', 'V10')",
    "('V3', 'D1')",
    "('V3', 'D2')",
    "('V3', 'D3')",
    "('V3', 'V1')",
    "('V3', 'V2')",
    "('V3', 'V4')",
    "('V3', 'V5')",
    "('V3', 'V6')",
    "('V3', 'V7')",
    "('V3', 'V8')",
    "('V3', 'V9')",
    "('V3', 'V10')",
    "('V4', 'D1')",
    "('V4', 'D2')",
    "('V4', 'D3')",
    "('V4', 'V1')",
    "('V4', 'V2')",
    "('V4', 'V3')",
    "('V4', 'V5')",
    "('V4', 'V6')",
    "('V4', 'V7')",
    "('V4', 'V8')",
    "('V4', 'V9')",
    "('V4', 'V10')",
    "('V5', 'D1')",
    "('V5', 'D2')",
    "('V5', 'D3')",
    "('V5', 'V1')",
    "('V5', 'V2')",
    "('V5', 'V3')",
    "('V5', 'V4')",
    "('V5', 'V6')",
    "('V5', 'V7')",
    "('V5', 'V8')",
    "('V5', 'V9')",
    "('V5', 'V10')",
    "('V6', 'D1')",
    "('V6', 'D2')",
    "('V6', 'D3')",
    "('V6', 'V1')",
    "('V6', 'V2')",
    "('V6', 'V3')",
    "('V6', 'V4')",
    "('V6', 'V5')",
    "('V6', 'V7')",
    "('V6', 'V8')",
    "('V6', 'V9')",
    "('V6', 'V10')",
    "('V7', 'D1')",
    "('V7', 'D2')",
    "('V7', 'D3')",
    "('V7', 'V1')",
    "('V7', 'V2')",
    "('V7', 'V3')",
    "('V7', 'V4')",
    "('V7', 'V5')",
    "('V7', 'V6')",
    "('V7', 'V8')",
    "('V7', 'V9')",
    "('V7', 'V10')",
    "('V8', 'D1')",
    "('V8', 'D2')",
    "('V8', 'D3')",
    "('V8', 'V1')",
    "('V8', 'V2')",
    "('V8', 'V3')",
    "('V8', 'V4')",
    "('V8', 'V5')",
    "('V8', 'V6')",
    "('V8', 'V7')",
    "('V8', 'V9')",
    "('V8', 'V10')",
    "('V9', 'D1')",
    "('V9', 'D2')",
    "('V9', 'D3')",
    "('V9', 'V1')",
    "('V9', 'V2')",
    "('V9', 'V3')",
    "('V9', 'V4')",
    "('V9', 'V5')",
    "('V9', 'V6')",
    "('V9', 'V7')",
    "('V9', 'V8')",
    "('V9', 'V10')",
    "('V10', 'D1')",
    "('V10', 'D2')",
    "('V10', 'D3')",
    "('V10', 'V1')",
    "('V10', 'V2')",
    "('V10', 'V3')",
    "('V10', 'V4')",
    "('V10', 'V5')",
    "('V10', 'V6')",
    "('V10', 'V7')",
    "('V10', 'V8')",
    "('V10', 'V9')"
  ],
  "set_L": [
    "L1",
    "L2",
    "L3",
    "L4",
    "L5"
  ],
  "set_T": [
    "T1",
    "T2",
    "T3",
    "T4",
    "T5",
    "T6",
    "T7",
    "T8"
  ],
  "set_U": [
    "U1",
    "U2",
    "U3",
    "U4",
    "U5",
    "U6",
    "U7",
    "U8",
    "U9",
    "U10"
  ],
  "par_d": {
    "V1": 9,
    "V2": 20,
    "V3": 16,
    "V4": 12,
    "V5": 9,
    "V6": 24,
    "V7": 15,
    "V8": 16,
    "V9": 6,
    "V10": 28
  },
  "par_r": 160,
  "par_n": 250,
  "par_h": 50,
  "par_m": 180,
  "par_v": 21,
  "par_l": {
    "L1": 36,
    "L2": 48,
    "L3": 72,
    "L4": 120,
    "L5": 168
  },
  "par_f": {
    "D1": 87.0,
    "D2": 75.0,
    "D3": 95.0
  },
  "par_o_items": [
    {
      "j": "D1",
      "l": "L1",
      "value": 15.0
    },
    {
      "j": "D1",
      "l": "L2",
      "value": 20.0
    },
    {
      "j": "D1",
      "l": "L3",
      "value": 28.0
    },
    {
      "j": "D1",
      "l": "L4",
      "value": 45.0
    },
    {
      "j": "D1",
      "l": "L5",
      "value": 60.0
    },
    {
      "j": "D2",
      "l": "L1",
      "value": 15.0
    },
    {
      "j": "D2",
      "l": "L2",
      "value": 20.0
    },
    {
      "j": "D2",
      "l": "L3",
      "value": 28.0
    },
    {
      "j": "D2",
      "l": "L4",
      "value": 45.0
    },
    {
      "j": "D2",
      "l": "L5",
      "value": 60.0
    },
    {
      "j": "D3",
      "l": "L1",
      "value": 15.0
    },
    {
      "j": "D3",
      "l": "L2",
      "value": 20.0
    },
    {
      "j": "D3",
      "l": "L3",
      "value": 28.0
    },
    {
      "j": "D3",
      "l": "L4",
      "value": 45.0
    },
    {
      "j": "D3",
      "l": "L5",
      "value": 60.0
    }
  ],
  "par_s_items": [
    {
      "j": "D1",
      "l": "L1",
      "value": 36.0
    },
    {
      "j": "D1",
      "l": "L2",
      "value": 48.0
    },
    {
      "j": "D1",
      "l": "L3",
      "value": 72.0
    },
    {
      "j": "D1",
      "l": "L4",
      "value": 120.0
    },
    {
      "j": "D1",
      "l": "L5",
      "value": 168.0
    },
    {
      "j": "D2",
      "l": "L1",
      "value": 36.0
    },
    {
      "j": "D2",
      "l": "L2",
      "value": 48.0
    },
    {
      "j": "D2",
      "l": "L3",
      "value": 72.0
    },
    {
      "j": "D2",
      "l": "L4",
      "value": 120.0
    },
    {
      "j": "D2",
      "l": "L5",
      "value": 168.0
    },
    {
      "j": "D3",
      "l": "L1",
      "value": 36.0
    },
    {
      "j": "D3",
      "l": "L2",
      "value": 48.0
    },
    {
      "j": "D3",
      "l": "L3",
      "value": 72.0
    },
    {
      "j": "D3",
      "l": "L4",
      "value": 120.0
    },
    {
      "j": "D3",
      "l": "L5",
      "value": 168.0
    }
  ],
  "par_t": 155.0,
  "par_c": {
    "('F1', 'D1')": 15.997122664500559,
    "('F1', 'D2')": 10.037120117086635,
    "('F1', 'D3')": 15.654495466806832,
    "('F2', 'D1')": 7.33533467481018,
    "('F2', 'D2')": 18.341207304041536,
    "('F2', 'D3')": 7.135898829856377,
    "('F3', 'D1')": 11.720795624179418,
    "('F3', 'D2')": 19.169864513834966,
    "('F3', 'D3')": 12.136229959220254,
    "('F4', 'D1')": 9.80839266451599,
    "('F4', 'D2')": 17.616691493820852,
    "('F4', 'D3')": 9.451928404073014,
    "('F5', 'D1')": 22.80017619776046,
    "('F5', 'D2')": 14.152469126168553,
    "('F5', 'D3')": 22.921627566125537,
    "('F6', 'D1')": 19.61763851208937,
    "('F6', 'D2')": 8.695954020001022,
    "('F6', 'D3')": 19.633087825692655,
    "('D1', 'D2')": 12.54498429737932,
    "('D1', 'D3')": 0.4158862572695224,
    "('D1', 'V1')": 7.485272281494785,
    "('D1', 'V2')": 5.927036132755067,
    "('D1', 'V3')": 8.380425010030809,
    "('D1', 'V4')": 6.985123681898053,
    "('D1', 'V5')": 6.34736281939296,
    "('D1', 'V6')": 6.813218558943128,
    "('D1', 'V7')": 8.353844360692072,
    "('D1', 'V8')": 4.367914538880734,
    "('D1', 'V9')": 6.408481113645822,
    "('D1', 'V10')": 9.81069462816875,
    "('D2', 'D1')": 12.54498429737932,
    "('D2', 'D3')": 12.429495164093133,
    "('D2', 'V1')": 5.098953609003045,
    "('D2', 'V2')": 8.119126844538266,
    "('D2', 'V3')": 5.06730008208174,
    "('D2', 'V4')": 5.795193920847477,
    "('D2', 'V5')": 10.106484107397742,
    "('D2', 'V6')": 5.986771066794623,
    "('D2', 'V7')": 7.978128593188791,
    "('D2', 'V8')": 9.35911264267358,
    "('D2', 'V9')": 6.136840035165215,
    "('D2', 'V10')": 9.190619204893354,
    "('D3', 'D1')": 0.4158862572695224,
    "('D3', 'D2')": 12.429495164093133,
    "('D3', 'V1')": 7.348081504126382,
    "('D3', 'V2')": 6.045395424972018,
    "('D3', 'V3')": 8.384561731210713,
    "('D3', 'V4')": 6.946577841378024,
    "('D3', 'V5')": 6.600992589663808,
    "('D3', 'V6')": 6.629693775518992,
    "('D3', 'V7')": 8.516325999847984,
    "('D3', 'V8')": 4.044199776578438,
    "('D3', 'V9')": 6.296294340772188,
    "('D3', 'V10')": 10.022350314439056,
    "('V1', 'D1')": 7.485272281494785,
    "('V1', 'D2')": 5.098953609003045,
    "('V1', 'D3')": 7.348081504126382,
    "('V1', 'V2')": 4.338318245467026,
    "('V1', 'V3')": 2.8822055008216525,
    "('V1', 'V4')": 1.8021701766716802,
    "('V1', 'V5')": 6.662841218844925,
    "('V1', 'V6')": 1.1003989332562065,
    "('V1', 'V7')": 5.79261100383917,
    "('V1', 'V8')": 4.439200643062678,
    "('V1', 'V9')": 1.1492523498305367,
    "('V1', 'V10')": 7.649089989601645,
    "('V2', 'D1')": 5.927036132755067,
    "('V2', 'D2')": 8.119126844538266,
    "('V2', 'D3')": 6.045395424972018,
    "('V2', 'V1')": 4.338318245467026,
    "('V2', 'V3')": 3.1012171477383053,
    "('V2', 'V4')": 2.6368984372498896,
    "('V2', 'V5')": 2.325271376909123,
    "('V2', 'V6')": 4.6789488818669165,
    "('V2', 'V7')": 2.5774344925235257,
    "('V2', 'V8')": 5.862815765735205,
    "('V2', 'V9')": 3.438116336356538,
    "('V2', 'V10')": 4.360254064684057,
    "('V3', 'D1')": 8.380425010030809,
    "('V3', 'D2')": 5.06730008208174,
    "('V3', 'D3')": 8.384561731210713,
    "('V3', 'V1')": 2.8822055008216525,
    "('V3', 'V2')": 3.1012171477383053,
    "('V3', 'V4')": 1.620014667365425,
    "('V3', 'V5')": 5.050582326332774,
    "('V3', 'V6')": 3.850373556403088,
    "('V3', 'V7')": 3.2708584077081544,
    "('V3', 'V8')": 6.651585214741665,
    "('V3', 'V9')": 2.8919287878268207,
    "('V3', 'V10')": 4.965821323397175,
    "('V4', 'D1')": 6.985123681898053,
    "('V4', 'D2')": 5.795193920847477,
    "('V4', 'D3')": 6.946577841378024,
    "('V4', 'V1')": 1.8021701766716802,
    "('V4', 'V2')": 2.6368984372498896,
    "('V4', 'V3')": 1.620014667365425,
    "('V4', 'V5')": 4.935635951266796,
    "('V4', 'V6')": 2.4903548227710557,
    "('V4', 'V7')": 4.027463950262461,
    "('V4', 'V8')": 5.035724973852057,
    "('V4', 'V9')": 1.345937402822573,
    "('V4', 'V10')": 5.913421346941394,
    "('V5', 'D1')": 6.34736281939296,
    "('V5', 'D2')": 10.106484107397742,
    "('V5', 'D3')": 6.600992589663808,
    "('V5', 'V1')": 6.662841218844925,
    "('V5', 'V2')": 2.325271376909123,
    "('V5', 'V3')": 5.050582326332774,
    "('V5', 'V4')": 4.935635951266796,
    "('V5', 'V6')": 6.972776896450755,
    "('V5', 'V7')": 2.7137926151488556,
    "('V5', 'V8')": 7.639663905454558,
    "('V5', 'V9')": 5.74698924393837,
    "('V5', 'V10')": 3.5788836745171766,
    "('V6', 'D1')": 6.813218558943128,
    "('V6', 'D2')": 5.986771066794623,
    "('V6', 'D3')": 6.629693775518992,
    "('V6', 'V1')": 1.1003989332562065,
    "('V6', 'V2')": 4.6789488818669165,
    "('V6', 'V3')": 3.850373556403088,
    "('V6', 'V4')": 2.4903548227710557,
    "('V6', 'V5')": 6.972776896450755,
    "('V6', 'V7')": 6.497125739470131,
    "('V6', 'V8')": 3.4053207600120734,
    "('V6', 'V9')": 1.2553798552223254,
    "('V6', 'V10')": 8.395493018244716,
    "('V7', 'D1')": 8.353844360692072,
    "('V7', 'D2')": 7.978128593188791,
    "('V7', 'D3')": 8.516325999847984,
    "('V7', 'V1')": 5.79261100383917,
    "('V7', 'V2')": 2.5774344925235257,
    "('V7', 'V3')": 3.2708584077081544,
    "('V7', 'V4')": 4.027463950262461,
    "('V7', 'V5')": 2.7137926151488556,
    "('V7', 'V6')": 6.497125739470131,
    "('V7', 'V8')": 8.331993583113366,
    "('V7', 'V9')": 5.27341951451004,
    "('V7', 'V10')": 1.9139185606716633,
    "('V8', 'D1')": 4.367914538880734,
    "('V8', 'D2')": 9.35911264267358,
    "('V8', 'D3')": 4.044199776578438,
    "('V8', 'V1')": 4.439200643062678,
    "('V8', 'V2')": 5.862815765735205,
    "('V8', 'V3')": 6.651585214741665,
    "('V8', 'V4')": 5.035724973852057,
    "('V8', 'V5')": 7.639663905454558,
    "('V8', 'V6')": 3.4053207600120734,
    "('V8', 'V7')": 8.331993583113366,
    "('V8', 'V9')": 3.8103915863652325,
    "('V8', 'V10')": 10.198449240532762,
    "('V9', 'D1')": 6.408481113645822,
    "('V9', 'D2')": 6.136840035165215,
    "('V9', 'D3')": 6.296294340772188,
    "('V9', 'V1')": 1.1492523498305367,
    "('V9', 'V2')": 3.438116336356538,
    "('V9', 'V3')": 2.8919287878268207,
    "('V9', 'V4')": 1.345937402822573,
    "('V9', 'V5')": 5.74698924393837,
    "('V9', 'V6')": 1.2553798552223254,
    "('V9', 'V7')": 5.27341951451004,
    "('V9', 'V8')": 3.8103915863652325,
    "('V9', 'V10')": 7.18070290572859,
    "('V10', 'D1')": 9.81069462816875,
    "('V10', 'D2')": 9.190619204893354,
    "('V10', 'D3')": 10.022350314439056,
    "('V10', 'V1')": 7.649089989601645,
    "('V10', 'V2')": 4.360254064684057,
    "('V10', 'V3')": 4.965821323397175,
    "('V10', 'V4')": 5.913421346941394,
    "('V10', 'V5')": 3.5788836745171766,
    "('V10', 'V6')": 8.395493018244716,
    "('V10', 'V7')": 1.9139185606716633,
    "('V10', 'V8')": 10.198449240532762,
    "('V10', 'V9')": 7.18070290572859
  },
  "par_a": [
    36,
    48,
    72,
    120,
    168
  ],
  "_distance": {
    "('F1', 'F1')": 0.0,
    "('F1', 'F2')": 18.05929827552371,
    "('F1', 'F3')": 26.33385086777421,
    "('F1', 'F4')": 14.727574182585835,
    "('F1', 'F5')": 23.556377419304905,
    "('F1', 'F6')": 17.400277396139806,
    "('F1', 'D1')": 15.997122664500559,
    "('F1', 'D2')": 10.037120117086635,
    "('F1', 'D3')": 15.654495466806832,
    "('F1', 'V1')": 10.773261004673131,
    "('F1', 'V2')": 15.0923337779945,
    "('F1', 'V3')": 13.13470096680196,
    "('F1', 'V4')": 12.558693901341236,
    "('F1', 'V5')": 17.41527246199929,
    "('F1', 'V6')": 10.492508733077823,
    "('F1', 'V7')": 16.37809555001372,
    "('F1', 'V8')": 11.637653710075977,
    "('F1', 'V9')": 11.679032890105566,
    "('F1', 'V10')": 18.090084080503406,
    "('F2', 'F1')": 18.05929827552371,
    "('F2', 'F2')": 0.0,
    "('F2', 'F3')": 16.862830365720388,
    "('F2', 'F4')": 4.981461966142602,
    "('F2', 'F5')": 29.97925550387801,
    "('F2', 'F6')": 26.294881665075962,
    "('F2', 'D1')": 7.33533467481018,
    "('F2', 'D2')": 18.341207304041536,
    "('F2', 'D3')": 7.135898829856377,
    "('F2', 'V1')": 13.38469873219653,
    "('F2', 'V2')": 13.143002418403263,
    "('F2', 'V3')": 15.1488533034524,
    "('F2', 'V4')": 13.576525286336803,
    "('F2', 'V5')": 13.663951217652253,
    "('F2', 'V6')": 12.385728881272968,
    "('F2', 'V7')": 15.647220730390876,
    "('F2', 'V8')": 8.986236118737809,
    "('F2', 'V9')": 12.583538030369162,
    "('F2', 'V10')": 17.145844006610957,
    "('F3', 'F1')": 26.33385086777421,
    "('F3', 'F2')": 16.862830365720388,
    "('F3', 'F3')": 0.0,
    "('F3', 'F4')": 20.910237686867596,
    "('F3', 'F5')": 21.942345600938147,
    "('F3', 'F6')": 22.095830176914216,
    "('F3', 'D1')": 11.720795624179418,
    "('F3', 'D2')": 19.169864513834966,
    "('F3', 'D3')": 12.136229959220254,
    "('F3', 'V1')": 15.741093002403378,
    "('F3', 'V2')": 11.450267921466171,
    "('F3', 'V3')": 14.184840394269862,
    "('F3', 'V4')": 14.087161877631473,
    "('F3', 'V5')": 9.186058346269641,
    "('F3', 'V6')": 15.8560821425996,
    "('F3', 'V7')": 11.235607004164766,
    "('F3', 'V8')": 15.331388264608883,
    "('F3', 'V9')": 14.718761803244849,
    "('F3', 'V10')": 10.527892531634954,
    "('F4', 'F1')": 14.727574182585835,
    "('F4', 'F2')": 4.981461966142602,
    "('F4', 'F3')": 20.910237686867596,
    "('F4', 'F4')": 0.0,
    "('F4', 'F5')": 30.69829277322307,
    "('F4', 'F6')": 26.16093475230828,
    "('F4', 'D1')": 9.80839266451599,
    "('F4', 'D2')": 17.616691493820852,
    "('F4', 'D3')": 9.451928404073014,
    "('F4', 'V1')": 13.29394030914603,
    "('F4', 'V2')": 14.61286072482812,
    "('F4', 'V3')": 15.730362350870582,
    "('F4', 'V4')": 14.117962875601219,
    "('F4', 'V5')": 15.832354470868424,
    "('F4', 'V6')": 12.194480404666265,
    "('F4', 'V7')": 17.18256068330483,
    "('F4', 'V8')": 9.083812824332005,
    "('F4', 'V9')": 12.860556959430532,
    "('F4', 'V10')": 18.94731359212948,
    "('F5', 'F1')": 23.556377419304905,
    "('F5', 'F2')": 29.97925550387801,
    "('F5', 'F3')": 21.942345600938147,
    "('F5', 'F4')": 30.69829277322307,
    "('F5', 'F5')": 0.0,
    "('F5', 'F6')": 6.359410548376097,
    "('F5', 'D1')": 22.80017619776046,
    "('F5', 'D2')": 14.152469126168553,
    "('F5', 'D3')": 22.921627566125537,
    "('F5', 'V1')": 17.440817642887797,
    "('F5', 'V2')": 16.877375809928484,
    "('F5', 'V3')": 15.009367182838796,
    "('F5', 'V4')": 16.62927641830219,
    "('F5', 'V5')": 16.956090870927735,
    "('F5', 'V6')": 18.539429728368667,
    "('F5', 'V7')": 14.500705562429136,
    "('F5', 'V8')": 21.648225887368046,
    "('F5', 'V9')": 17.84499835886173,
    "('F5', 'V10')": 13.428316593711118,
    "('F6', 'F1')": 17.400277396139806,
    "('F6', 'F2')": 26.294881665075962,
    "('F6', 'F3')": 22.095830176914216,
    "('F6', 'F4')": 26.16093475230828,
    "('F6', 'F5')": 6.359410548376097,
    "('F6', 'F6')": 0.0,
    "('F6', 'D1')": 19.61763851208937,
    "('F6', 'D2')": 8.695954020001022,
    "('F6', 'D3')": 19.633087825692655,
    "('F6', 'V1')": 13.005604254281893,
    "('F6', 'V2')": 13.909693326535267,
    "('F6', 'V3')": 11.249760880225782,
    "('F6', 'V4')": 12.752249551935895,
    "('F6', 'V5')": 14.835971916015527,
    "('F6', 'V6')": 14.075670979800691,
    "('F6', 'V7')": 12.12315239806187,
    "('F6', 'V8')": 17.43900453654746,
    "('F6', 'V9')": 13.716338072445884,
    "('F6', 'V10')": 11.888167296059265,
    "('D1', 'F1')": 15.997122664500559,
    "('D1', 'F2')": 7.33533467481018,
    "('D1', 'F3')": 11.720795624179418,
    "('D1', 'F4')": 9.80839266451599,
    "('D1', 'F5')": 22.80017619776046,
    "('D1', 'F6')": 19.61763851208937,
    "('D1', 'D1')": 0.0,
    "('D1', 'D2')": 12.54498429737932,
    "('D1', 'D3')": 0.4158862572695224,
    "('D1', 'V1')": 7.485272281494785,
    "('D1', 'V2')": 5.927036132755067,
    "('D1', 'V3')": 8.380425010030809,
    "('D1', 'V4')": 6.985123681898053,
    "('D1', 'V5')": 6.34736281939296,
    "('D1', 'V6')": 6.813218558943128,
    "('D1', 'V7')": 8.353844360692072,
    "('D1', 'V8')": 4.367914538880734,
    "('D1', 'V9')": 6.408481113645822,
    "('D1', 'V10')": 9.81069462816875,
    "('D2', 'F1')": 10.037120117086635,
    "('D2', 'F2')": 18.341207304041536,
    "('D2', 'F3')": 19.169864513834966,
    "('D2', 'F4')": 17.616691493820852,
    "('D2', 'F5')": 14.152469126168553,
    "('D2', 'F6')": 8.695954020001022,
    "('D2', 'D1')": 12.54498429737932,
    "('D2', 'D2')": 0.0,
    "('D2', 'D3')": 12.429495164093133,
    "('D2', 'V1')": 5.098953609003045,
    "('D2', 'V2')": 8.119126844538266,
    "('D2', 'V3')": 5.06730008208174,
    "('D2', 'V4')": 5.795193920847477,
    "('D2', 'V5')": 10.106484107397742,
    "('D2', 'V6')": 5.986771066794623,
    "('D2', 'V7')": 7.978128593188791,
    "('D2', 'V8')": 9.35911264267358,
    "('D2', 'V9')": 6.136840035165215,
    "('D2', 'V10')": 9.190619204893354,
    "('D3', 'F1')": 15.654495466806832,
    "('D3', 'F2')": 7.135898829856377,
    "('D3', 'F3')": 12.136229959220254,
    "('D3', 'F4')": 9.451928404073014,
    "('D3', 'F5')": 22.921627566125537,
    "('D3', 'F6')": 19.633087825692655,
    "('D3', 'D1')": 0.4158862572695224,
    "('D3', 'D2')": 12.429495164093133,
    "('D3', 'D3')": 0.0,
    "('D3', 'V1')": 7.348081504126382,
    "('D3', 'V2')": 6.045395424972018,
    "('D3', 'V3')": 8.384561731210713,
    "('D3', 'V4')": 6.946577841378024,
    "('D3', 'V5')": 6.600992589663808,
    "('D3', 'V6')": 6.629693775518992,
    "('D3', 'V7')": 8.516325999847984,
    "('D3', 'V8')": 4.044199776578438,
    "('D3', 'V9')": 6.296294340772188,
    "('D3', 'V10')": 10.022350314439056,
    "('V1', 'F1')": 10.773261004673131,
    "('V1', 'F2')": 13.38469873219653,
    "('V1', 'F3')": 15.741093002403378,
    "('V1', 'F4')": 13.29394030914603,
    "('V1', 'F5')": 17.440817642887797,
    "('V1', 'F6')": 13.005604254281893,
    "('V1', 'D1')": 7.485272281494785,
    "('V1', 'D2')": 5.098953609003045,
    "('V1', 'D3')": 7.348081504126382,
    "('V1', 'V1')": 0.0,
    "('V1', 'V2')": 4.338318245467026,
    "('V1', 'V3')": 2.8822055008216525,
    "('V1', 'V4')": 1.8021701766716802,
    "('V1', 'V5')": 6.662841218844925,
    "('V1', 'V6')": 1.1003989332562065,
    "('V1', 'V7')": 5.79261100383917,
    "('V1', 'V8')": 4.439200643062678,
    "('V1', 'V9')": 1.1492523498305367,
    "('V1', 'V10')": 7.649089989601645,
    "('V2', 'F1')": 15.0923337779945,
    "('V2', 'F2')": 13.143002418403263,
    "('V2', 'F3')": 11.450267921466171,
    "('V2', 'F4')": 14.61286072482812,
    "('V2', 'F5')": 16.877375809928484,
    "('V2', 'F6')": 13.909693326535267,
    "('V2', 'D1')": 5.927036132755067,
    "('V2', 'D2')": 8.119126844538266,
    "('V2', 'D3')": 6.045395424972018,
    "('V2', 'V1')": 4.338318245467026,
    "('V2', 'V2')": 0.0,
    "('V2', 'V3')": 3.1012171477383053,
    "('V2', 'V4')": 2.6368984372498896,
    "('V2', 'V5')": 2.325271376909123,
    "('V2', 'V6')": 4.6789488818669165,
    "('V2', 'V7')": 2.5774344925235257,
    "('V2', 'V8')": 5.862815765735205,
    "('V2', 'V9')": 3.438116336356538,
    "('V2', 'V10')": 4.360254064684057,
    "('V3', 'F1')": 13.13470096680196,
    "('V3', 'F2')": 15.1488533034524,
    "('V3', 'F3')": 14.184840394269862,
    "('V3', 'F4')": 15.730362350870582,
    "('V3', 'F5')": 15.009367182838796,
    "('V3', 'F6')": 11.249760880225782,
    "('V3', 'D1')": 8.380425010030809,
    "('V3', 'D2')": 5.06730008208174,
    "('V3', 'D3')": 8.384561731210713,
    "('V3', 'V1')": 2.8822055008216525,
    "('V3', 'V2')": 3.1012171477383053,
    "('V3', 'V3')": 0.0,
    "('V3', 'V4')": 1.620014667365425,
    "('V3', 'V5')": 5.050582326332774,
    "('V3', 'V6')": 3.850373556403088,
    "('V3', 'V7')": 3.2708584077081544,
    "('V3', 'V8')": 6.651585214741665,
    "('V3', 'V9')": 2.8919287878268207,
    "('V3', 'V10')": 4.965821323397175,
    "('V4', 'F1')": 12.558693901341236,
    "('V4', 'F2')": 13.576525286336803,
    "('V4', 'F3')": 14.087161877631473,
    "('V4', 'F4')": 14.117962875601219,
    "('V4', 'F5')": 16.62927641830219,
    "('V4', 'F6')": 12.752249551935895,
    "('V4', 'D1')": 6.985123681898053,
    "('V4', 'D2')": 5.795193920847477,
    "('V4', 'D3')": 6.946577841378024,
    "('V4', 'V1')": 1.8021701766716802,
    "('V4', 'V2')": 2.6368984372498896,
    "('V4', 'V3')": 1.620014667365425,
    "('V4', 'V4')": 0.0,
    "('V4', 'V5')": 4.935635951266796,
    "('V4', 'V6')": 2.4903548227710557,
    "('V4', 'V7')": 4.027463950262461,
    "('V4', 'V8')": 5.035724973852057,
    "('V4', 'V9')": 1.345937402822573,
    "('V4', 'V10')": 5.913421346941394,
    "('V5', 'F1')": 17.41527246199929,
    "('V5', 'F2')": 13.663951217652253,
    "('V5', 'F3')": 9.186058346269641,
    "('V5', 'F4')": 15.832354470868424,
    "('V5', 'F5')": 16.956090870927735,
    "('V5', 'F6')": 14.835971916015527,
    "('V5', 'D1')": 6.34736281939296,
    "('V5', 'D2')": 10.106484107397742,
    "('V5', 'D3')": 6.600992589663808,
    "('V5', 'V1')": 6.662841218844925,
    "('V5', 'V2')": 2.325271376909123,
    "('V5', 'V3')": 5.050582326332774,
    "('V5', 'V4')": 4.935635951266796,
    "('V5', 'V5')": 0.0,
    "('V5', 'V6')": 6.972776896450755,
    "('V5', 'V7')": 2.7137926151488556,
    "('V5', 'V8')": 7.639663905454558,
    "('V5', 'V9')": 5.74698924393837,
    "('V5', 'V10')": 3.5788836745171766,
    "('V6', 'F1')": 10.492508733077823,
    "('V6', 'F2')": 12.385728881272968,
    "('V6', 'F3')": 15.8560821425996,
    "('V6', 'F4')": 12.194480404666265,
    "('V6', 'F5')": 18.539429728368667,
    "('V6', 'F6')": 14.075670979800691,
    "('V6', 'D1')": 6.813218558943128,
    "('V6', 'D2')": 5.986771066794623,
    "('V6', 'D3')": 6.629693775518992,
    "('V6', 'V1')": 1.1003989332562065,
    "('V6', 'V2')": 4.6789488818669165,
    "('V6', 'V3')": 3.850373556403088,
    "('V6', 'V4')": 2.4903548227710557,
    "('V6', 'V5')": 6.972776896450755,
    "('V6', 'V6')": 0.0,
    "('V6', 'V7')": 6.497125739470131,
    "('V6', 'V8')": 3.4053207600120734,
    "('V6', 'V9')": 1.2553798552223254,
    "('V6', 'V10')": 8.395493018244716,
    "('V7', 'F1')": 16.37809555001372,
    "('V7', 'F2')": 15.647220730390876,
    "('V7', 'F3')": 11.235607004164766,
    "('V7', 'F4')": 17.18256068330483,
    "('V7', 'F5')": 14.500705562429136,
    "('V7', 'F6')": 12.12315239806187,
    "('V7', 'D1')": 8.353844360692072,
    "('V7', 'D2')": 7.978128593188791,
    "('V7', 'D3')": 8.516325999847984,
    "('V7', 'V1')": 5.79261100383917,
    "('V7', 'V2')": 2.5774344925235257,
    "('V7', 'V3')": 3.2708584077081544,
    "('V7', 'V4')": 4.027463950262461,
    "('V7', 'V5')": 2.7137926151488556,
    "('V7', 'V6')": 6.497125739470131,
    "('V7', 'V7')": 0.0,
    "('V7', 'V8')": 8.331993583113366,
    "('V7', 'V9')": 5.27341951451004,
    "('V7', 'V10')": 1.9139185606716633,
    "('V8', 'F1')": 11.637653710075977,
    "('V8', 'F2')": 8.986236118737809,
    "('V8', 'F3')": 15.331388264608883,
    "('V8', 'F4')": 9.083812824332005,
    "('V8', 'F5')": 21.648225887368046,
    "('V8', 'F6')": 17.43900453654746,
    "('V8', 'D1')": 4.367914538880734,
    "('V8', 'D2')": 9.35911264267358,
    "('V8', 'D3')": 4.044199776578438,
    "('V8', 'V1')": 4.439200643062678,
    "('V8', 'V2')": 5.862815765735205,
    "('V8', 'V3')": 6.651585214741665,
    "('V8', 'V4')": 5.035724973852057,
    "('V8', 'V5')": 7.639663905454558,
    "('V8', 'V6')": 3.4053207600120734,
    "('V8', 'V7')": 8.331993583113366,
    "('V8', 'V8')": 0.0,
    "('V8', 'V9')": 3.8103915863652325,
    "('V8', 'V10')": 10.198449240532762,
    "('V9', 'F1')": 11.679032890105566,
    "('V9', 'F2')": 12.583538030369162,
    "('V9', 'F3')": 14.718761803244849,
    "('V9', 'F4')": 12.860556959430532,
    "('V9', 'F5')": 17.84499835886173,
    "('V9', 'F6')": 13.716338072445884,
    "('V9', 'D1')": 6.408481113645822,
    "('V9', 'D2')": 6.136840035165215,
    "('V9', 'D3')": 6.296294340772188,
    "('V9', 'V1')": 1.1492523498305367,
    "('V9', 'V2')": 3.438116336356538,
    "('V9', 'V3')": 2.8919287878268207,
    "('V9', 'V4')": 1.345937402822573,
    "('V9', 'V5')": 5.74698924393837,
    "('V9', 'V6')": 1.2553798552223254,
    "('V9', 'V7')": 5.27341951451004,
    "('V9', 'V8')": 3.8103915863652325,
    "('V9', 'V9')": 0.0,
    "('V9', 'V10')": 7.18070290572859,
    "('V10', 'F1')": 18.090084080503406,
    "('V10', 'F2')": 17.145844006610957,
    "('V10', 'F3')": 10.527892531634954,
    "('V10', 'F4')": 18.94731359212948,
    "('V10', 'F5')": 13.428316593711118,
    "('V10', 'F6')": 11.888167296059265,
    "('V10', 'D1')": 9.81069462816875,
    "('V10', 'D2')": 9.190619204893354,
    "('V10', 'D3')": 10.022350314439056,
    "('V10', 'V1')": 7.649089989601645,
    "('V10', 'V2')": 4.360254064684057,
    "('V10', 'V3')": 4.965821323397175,
    "('V10', 'V4')": 5.913421346941394,
    "('V10', 'V5')": 3.5788836745171766,
    "('V10', 'V6')": 8.395493018244716,
    "('V10', 'V7')": 1.9139185606716633,
    "('V10', 'V8')": 10.198449240532762,
    "('V10', 'V9')": 7.18070290572859,
    "('V10', 'V10')": 0.0
  },
  "tij": {
    "('F1', 'D1')": 15.997122664500559,
    "('F1', 'D2')": 10.037120117086635,
    "('F1', 'D3')": 15.654495466806832,
    "('F2', 'D1')": 7.33533467481018,
    "('F2', 'D2')": 18.341207304041536,
    "('F2', 'D3')": 7.135898829856377,
    "('F3', 'D1')": 11.720795624179418,
    "('F3', 'D2')": 19.169864513834966,
    "('F3', 'D3')": 12.136229959220254,
    "('F4', 'D1')": 9.80839266451599,
    "('F4', 'D2')": 17.616691493820852,
    "('F4', 'D3')": 9.451928404073014,
    "('F5', 'D1')": 22.80017619776046,
    "('F5', 'D2')": 14.152469126168553,
    "('F5', 'D3')": 22.921627566125537,
    "('F6', 'D1')": 19.617638512089375,
    "('F6', 'D2')": 8.695954020001022,
    "('F6', 'D3')": 19.633087825692655,
    "('D1', 'D2')": 18.81747644606898,
    "('D1', 'D3')": 0.6238293859042836,
    "('D1', 'V1')": 11.227908422242177,
    "('D1', 'V2')": 8.8905541991326,
    "('D1', 'V3')": 12.570637515046213,
    "('D1', 'V4')": 10.477685522847079,
    "('D1', 'V5')": 9.52104422908944,
    "('D1', 'V6')": 10.219827838414691,
    "('D1', 'V7')": 12.530766541038108,
    "('D1', 'V8')": 6.5518718083211,
    "('D1', 'V9')": 9.612721670468733,
    "('D1', 'V10')": 14.716041942253124,
    "('D2', 'D1')": 18.81747644606898,
    "('D2', 'D3')": 18.6442427461397,
    "('D2', 'V1')": 7.648430413504568,
    "('D2', 'V2')": 12.178690266807399,
    "('D2', 'V3')": 7.60095012312261,
    "('D2', 'V4')": 8.692790881271215,
    "('D2', 'V5')": 15.159726161096614,
    "('D2', 'V6')": 8.980156600191936,
    "('D2', 'V7')": 11.967192889783188,
    "('D2', 'V8')": 14.03866896401037,
    "('D2', 'V9')": 9.205260052747821,
    "('D2', 'V10')": 13.785928807340031,
    "('D3', 'D1')": 0.6238293859042836,
    "('D3', 'D2')": 18.6442427461397,
    "('D3', 'V1')": 11.022122256189572,
    "('D3', 'V2')": 9.068093137458026,
    "('D3', 'V3')": 12.57684259681607,
    "('D3', 'V4')": 10.419866762067034,
    "('D3', 'V5')": 9.901488884495713,
    "('D3', 'V6')": 9.944540663278488,
    "('D3', 'V7')": 12.774488999771977,
    "('D3', 'V8')": 6.066299664867657,
    "('D3', 'V9')": 9.444441511158281,
    "('D3', 'V10')": 15.033525471658583,
    "('V1', 'D1')": 11.227908422242177,
    "('V1', 'D2')": 7.648430413504568,
    "('V1', 'D3')": 11.022122256189572,
    "('V1', 'V2')": 6.50747736820054,
    "('V1', 'V3')": 4.323308251232478,
    "('V1', 'V4')": 2.7032552650075203,
    "('V1', 'V5')": 9.994261828267387,
    "('V1', 'V6')": 1.65059839988431,
    "('V1', 'V7')": 8.688916505758755,
    "('V1', 'V8')": 6.658800964594017,
    "('V1', 'V9')": 1.723878524745805,
    "('V1', 'V10')": 11.473634984402468,
    "('V2', 'D1')": 8.8905541991326,
    "('V2', 'D2')": 12.178690266807399,
    "('V2', 'D3')": 9.068093137458026,
    "('V2', 'V1')": 6.50747736820054,
    "('V2', 'V3')": 4.651825721607458,
    "('V2', 'V4')": 3.955347655874834,
    "('V2', 'V5')": 3.4879070653636846,
    "('V2', 'V6')": 7.018423322800375,
    "('V2', 'V7')": 3.866151738785289,
    "('V2', 'V8')": 8.794223648602808,
    "('V2', 'V9')": 5.157174504534807,
    "('V2', 'V10')": 6.540381097026085,
    "('V3', 'D1')": 12.570637515046213,
    "('V3', 'D2')": 7.60095012312261,
    "('V3', 'D3')": 12.57684259681607,
    "('V3', 'V1')": 4.323308251232478,
    "('V3', 'V2')": 4.651825721607458,
    "('V3', 'V4')": 2.4300220010481377,
    "('V3', 'V5')": 7.575873489499161,
    "('V3', 'V6')": 5.7755603346046325,
    "('V3', 'V7')": 4.906287611562232,
    "('V3', 'V8')": 9.977377822112498,
    "('V3', 'V9')": 4.337893181740231,
    "('V3', 'V10')": 7.448731985095762,
    "('V4', 'D1')": 10.477685522847079,
    "('V4', 'D2')": 8.692790881271215,
    "('V4', 'D3')": 10.419866762067034,
    "('V4', 'V1')": 2.7032552650075203,
    "('V4', 'V2')": 3.955347655874834,
    "('V4', 'V3')": 2.4300220010481377,
    "('V4', 'V5')": 7.4034539269001955,
    "('V4', 'V6')": 3.735532234156584,
    "('V4', 'V7')": 6.0411959253936915,
    "('V4', 'V8')": 7.553587460778085,
    "('V4', 'V9')": 2.018906104233859,
    "('V4', 'V10')": 8.870132020412091,
    "('V5', 'D1')": 9.52104422908944,
    "('V5', 'D2')": 15.159726161096614,
    "('V5', 'D3')": 9.901488884495713,
    "('V5', 'V1')": 9.994261828267387,
    "('V5', 'V2')": 3.4879070653636846,
    "('V5', 'V3')": 7.575873489499161,
    "('V5', 'V4')": 7.4034539269001955,
    "('V5', 'V6')": 10.459165344676133,
    "('V5', 'V7')": 4.070688922723283,
    "('V5', 'V8')": 11.459495858181837,
    "('V5', 'V9')": 8.620483865907556,
    "('V5', 'V10')": 5.3683255117757644,
    "('V6', 'D1')": 10.219827838414691,
    "('V6', 'D2')": 8.980156600191936,
    "('V6', 'D3')": 9.944540663278488,
    "('V6', 'V1')": 1.65059839988431,
    "('V6', 'V2')": 7.018423322800375,
    "('V6', 'V3')": 5.7755603346046325,
    "('V6', 'V4')": 3.735532234156584,
    "('V6', 'V5')": 10.459165344676133,
    "('V6', 'V7')": 9.745688609205196,
    "('V6', 'V8')": 5.10798114001811,
    "('V6', 'V9')": 1.8830697828334881,
    "('V6', 'V10')": 12.593239527367073,
    "('V7', 'D1')": 12.530766541038108,
    "('V7', 'D2')": 11.967192889783188,
    "('V7', 'D3')": 12.774488999771977,
    "('V7', 'V1')": 8.688916505758755,
    "('V7', 'V2')": 3.866151738785289,
    "('V7', 'V3')": 4.906287611562232,
    "('V7', 'V4')": 6.0411959253936915,
    "('V7', 'V5')": 4.070688922723283,
    "('V7', 'V6')": 9.745688609205196,
    "('V7', 'V8')": 12.49799037467005,
    "('V7', 'V9')": 7.910129271765061,
    "('V7', 'V10')": 2.870877841007495,
    "('V8', 'D1')": 6.5518718083211,
    "('V8', 'D2')": 14.03866896401037,
    "('V8', 'D3')": 6.066299664867657,
    "('V8', 'V1')": 6.658800964594017,
    "('V8', 'V2')": 8.794223648602808,
    "('V8', 'V3')": 9.977377822112498,
    "('V8', 'V4')": 7.553587460778085,
    "('V8', 'V5')": 11.459495858181837,
    "('V8', 'V6')": 5.10798114001811,
    "('V8', 'V7')": 12.49799037467005,
    "('V8', 'V9')": 5.7155873795478485,
    "('V8', 'V10')": 15.297673860799142,
    "('V9', 'D1')": 9.612721670468733,
    "('V9', 'D2')": 9.205260052747821,
    "('V9', 'D3')": 9.444441511158281,
    "('V9', 'V1')": 1.723878524745805,
    "('V9', 'V2')": 5.157174504534807,
    "('V9', 'V3')": 4.337893181740231,
    "('V9', 'V4')": 2.018906104233859,
    "('V9', 'V5')": 8.620483865907556,
    "('V9', 'V6')": 1.8830697828334881,
    "('V9', 'V7')": 7.910129271765061,
    "('V9', 'V8')": 5.7155873795478485,
    "('V9', 'V10')": 10.771054358592885,
    "('V10', 'D1')": 14.716041942253124,
    "('V10', 'D2')": 13.785928807340031,
    "('V10', 'D3')": 15.033525471658583,
    "('V10', 'V1')": 11.473634984402468,
    "('V10', 'V2')": 6.540381097026085,
    "('V10', 'V3')": 7.448731985095762,
    "('V10', 'V4')": 8.870132020412091,
    "('V10', 'V5')": 5.3683255117757644,
    "('V10', 'V6')": 12.593239527367073,
    "('V10', 'V7')": 2.870877841007495,
    "('V10', 'V8')": 15.297673860799142,
    "('V10', 'V9')": 10.771054358592885
  },
  "waktu": {
    "('F1', 'D1')": 15.997122664500559,
    "('F1', 'D2')": 10.037120117086635,
    "('F1', 'D3')": 15.654495466806832,
    "('F2', 'D1')": 7.33533467481018,
    "('F2', 'D2')": 18.341207304041536,
    "('F2', 'D3')": 7.135898829856377,
    "('F3', 'D1')": 11.720795624179418,
    "('F3', 'D2')": 19.169864513834966,
    "('F3', 'D3')": 12.136229959220254,
    "('F4', 'D1')": 9.80839266451599,
    "('F4', 'D2')": 17.616691493820852,
    "('F4', 'D3')": 9.451928404073014,
    "('F5', 'D1')": 22.80017619776046,
    "('F5', 'D2')": 14.152469126168553,
    "('F5', 'D3')": 22.921627566125537,
    "('F6', 'D1')": 19.617638512089375,
    "('F6', 'D2')": 8.695954020001022,
    "('F6', 'D3')": 19.633087825692655,
    "('D1', 'D2')": 18.81747644606898,
    "('D1', 'D3')": 0.6238293859042836,
    "('D1', 'V1')": 11.227908422242177,
    "('D1', 'V2')": 8.8905541991326,
    "('D1', 'V3')": 12.570637515046213,
    "('D1', 'V4')": 10.477685522847079,
    "('D1', 'V5')": 9.52104422908944,
    "('D1', 'V6')": 10.219827838414691,
    "('D1', 'V7')": 12.530766541038108,
    "('D1', 'V8')": 6.5518718083211,
    "('D1', 'V9')": 9.612721670468733,
    "('D1', 'V10')": 14.716041942253124,
    "('D2', 'D1')": 18.81747644606898,
    "('D2', 'D3')": 18.6442427461397,
    "('D2', 'V1')": 7.648430413504568,
    "('D2', 'V2')": 12.178690266807399,
    "('D2', 'V3')": 7.60095012312261,
    "('D2', 'V4')": 8.692790881271215,
    "('D2', 'V5')": 15.159726161096614,
    "('D2', 'V6')": 8.980156600191936,
    "('D2', 'V7')": 11.967192889783188,
    "('D2', 'V8')": 14.03866896401037,
    "('D2', 'V9')": 9.205260052747821,
    "('D2', 'V10')": 13.785928807340031,
    "('D3', 'D1')": 0.6238293859042836,
    "('D3', 'D2')": 18.6442427461397,
    "('D3', 'V1')": 11.022122256189572,
    "('D3', 'V2')": 9.068093137458026,
    "('D3', 'V3')": 12.57684259681607,
    "('D3', 'V4')": 10.419866762067034,
    "('D3', 'V5')": 9.901488884495713,
    "('D3', 'V6')": 9.944540663278488,
    "('D3', 'V7')": 12.774488999771977,
    "('D3', 'V8')": 6.066299664867657,
    "('D3', 'V9')": 9.444441511158281,
    "('D3', 'V10')": 15.033525471658583,
    "('V1', 'D1')": 11.227908422242177,
    "('V1', 'D2')": 7.648430413504568,
    "('V1', 'D3')": 11.022122256189572,
    "('V1', 'V2')": 6.50747736820054,
    "('V1', 'V3')": 4.323308251232478,
    "('V1', 'V4')": 2.7032552650075203,
    "('V1', 'V5')": 9.994261828267387,
    "('V1', 'V6')": 1.65059839988431,
    "('V1', 'V7')": 8.688916505758755,
    "('V1', 'V8')": 6.658800964594017,
    "('V1', 'V9')": 1.723878524745805,
    "('V1', 'V10')": 11.473634984402468,
    "('V2', 'D1')": 8.8905541991326,
    "('V2', 'D2')": 12.178690266807399,
    "('V2', 'D3')": 9.068093137458026,
    "('V2', 'V1')": 6.50747736820054,
    "('V2', 'V3')": 4.651825721607458,
    "('V2', 'V4')": 3.955347655874834,
    "('V2', 'V5')": 3.4879070653636846,
    "('V2', 'V6')": 7.018423322800375,
    "('V2', 'V7')": 3.866151738785289,
    "('V2', 'V8')": 8.794223648602808,
    "('V2', 'V9')": 5.157174504534807,
    "('V2', 'V10')": 6.540381097026085,
    "('V3', 'D1')": 12.570637515046213,
    "('V3', 'D2')": 7.60095012312261,
    "('V3', 'D3')": 12.57684259681607,
    "('V3', 'V1')": 4.323308251232478,
    "('V3', 'V2')": 4.651825721607458,
    "('V3', 'V4')": 2.4300220010481377,
    "('V3', 'V5')": 7.575873489499161,
    "('V3', 'V6')": 5.7755603346046325,
    "('V3', 'V7')": 4.906287611562232,
    "('V3', 'V8')": 9.977377822112498,
    "('V3', 'V9')": 4.337893181740231,
    "('V3', 'V10')": 7.448731985095762,
    "('V4', 'D1')": 10.477685522847079,
    "('V4', 'D2')": 8.692790881271215,
    "('V4', 'D3')": 10.419866762067034,
    "('V4', 'V1')": 2.7032552650075203,
    "('V4', 'V2')": 3.955347655874834,
    "('V4', 'V3')": 2.4300220010481377,
    "('V4', 'V5')": 7.4034539269001955,
    "('V4', 'V6')": 3.735532234156584,
    "('V4', 'V7')": 6.0411959253936915,
    "('V4', 'V8')": 7.553587460778085,
    "('V4', 'V9')": 2.018906104233859,
    "('V4', 'V10')": 8.870132020412091,
    "('V5', 'D1')": 9.52104422908944,
    "('V5', 'D2')": 15.159726161096614,
    "('V5', 'D3')": 9.901488884495713,
    "('V5', 'V1')": 9.994261828267387,
    "('V5', 'V2')": 3.4879070653636846,
    "('V5', 'V3')": 7.575873489499161,
    "('V5', 'V4')": 7.4034539269001955,
    "('V5', 'V6')": 10.459165344676133,
    "('V5', 'V7')": 4.070688922723283,
    "('V5', 'V8')": 11.459495858181837,
    "('V5', 'V9')": 8.620483865907556,
    "('V5', 'V10')": 5.3683255117757644,
    "('V6', 'D1')": 10.219827838414691,
    "('V6', 'D2')": 8.980156600191936,
    "('V6', 'D3')": 9.944540663278488,
    "('V6', 'V1')": 1.65059839988431,
    "('V6', 'V2')": 7.018423322800375,
    "('V6', 'V3')": 5.7755603346046325,
    "('V6', 'V4')": 3.735532234156584,
    "('V6', 'V5')": 10.459165344676133,
    "('V6', 'V7')": 9.745688609205196,
    "('V6', 'V8')": 5.10798114001811,
    "('V6', 'V9')": 1.8830697828334881,
    "('V6', 'V10')": 12.593239527367073,
    "('V7', 'D1')": 12.530766541038108,
    "('V7', 'D2')": 11.967192889783188,
    "('V7', 'D3')": 12.774488999771977,
    "('V7', 'V1')": 8.688916505758755,
    "('V7', 'V2')": 3.866151738785289,
    "('V7', 'V3')": 4.906287611562232,
    "('V7', 'V4')": 6.0411959253936915,
    "('V7', 'V5')": 4.070688922723283,
    "('V7', 'V6')": 9.745688609205196,
    "('V7', 'V8')": 12.49799037467005,
    "('V7', 'V9')": 7.910129271765061,
    "('V7', 'V10')": 2.870877841007495,
    "('V8', 'D1')": 6.5518718083211,
    "('V8', 'D2')": 14.03866896401037,
    "('V8', 'D3')": 6.066299664867657,
    "('V8', 'V1')": 6.658800964594017,
    "('V8', 'V2')": 8.794223648602808,
    "('V8', 'V3')": 9.977377822112498,
    "('V8', 'V4')": 7.553587460778085,
    "('V8', 'V5')": 11.459495858181837,
    "('V8', 'V6')": 5.10798114001811,
    "('V8', 'V7')": 12.49799037467005,
    "('V8', 'V9')": 5.7155873795478485,
    "('V8', 'V10')": 15.297673860799142,
    "('V9', 'D1')": 9.612721670468733,
    "('V9', 'D2')": 9.205260052747821,
    "('V9', 'D3')": 9.444441511158281,
    "('V9', 'V1')": 1.723878524745805,
    "('V9', 'V2')": 5.157174504534807,
    "('V9', 'V3')": 4.337893181740231,
    "('V9', 'V4')": 2.018906104233859,
    "('V9', 'V5')": 8.620483865907556,
    "('V9', 'V6')": 1.8830697828334881,
    "('V9', 'V7')": 7.910129271765061,
    "('V9', 'V8')": 5.7155873795478485,
    "('V9', 'V10')": 10.771054358592885,
    "('V10', 'D1')": 14.716041942253124,
    "('V10', 'D2')": 13.785928807340031,
    "('V10', 'D3')": 15.033525471658583,
    "('V10', 'V1')": 11.473634984402468,
    "('V10', 'V2')": 6.540381097026085,
    "('V10', 'V3')": 7.448731985095762,
    "('V10', 'V4')": 8.870132020412091,
    "('V10', 'V5')": 5.3683255117757644,
    "('V10', 'V6')": 12.593239527367073,
    "('V10', 'V7')": 2.870877841007495,
    "('V10', 'V8')": 15.297673860799142,
    "('V10', 'V9')": 10.771054358592885
  },
  "truck_arcs": [
    {
      "p": "F1",
      "j": "D1",
      "cost": 15.997122664500559
    },
    {
      "p": "F1",
      "j": "D2",
      "cost": 10.037120117086635
    },
    {
      "p": "F1",
      "j": "D3",
      "cost": 15.654495466806832
    },
    {
      "p": "F2",
      "j": "D1",
      "cost": 7.33533467481018
    },
    {
      "p": "F2",
      "j": "D2",
      "cost": 18.341207304041536
    },
    {
      "p": "F2",
      "j": "D3",
      "cost": 7.135898829856377
    },
    {
      "p": "F3",
      "j": "D1",
      "cost": 11.720795624179418
    },
    {
      "p": "F3",
      "j": "D2",
      "cost": 19.169864513834966
    },
    {
      "p": "F3",
      "j": "D3",
      "cost": 12.136229959220254
    },
    {
      "p": "F4",
      "j": "D1",
      "cost": 9.80839266451599
    },
    {
      "p": "F4",
      "j": "D2",
      "cost": 17.616691493820852
    },
    {
      "p": "F4",
      "j": "D3",
      "cost": 9.451928404073014
    },
    {
      "p": "F5",
      "j": "D1",
      "cost": 22.80017619776046
    },
    {
      "p": "F5",
      "j": "D2",
      "cost": 14.152469126168553
    },
    {
      "p": "F5",
      "j": "D3",
      "cost": 22.921627566125537
    },
    {
      "p": "F6",
      "j": "D1",
      "cost": 19.61763851208937
    },
    {
      "p": "F6",
      "j": "D2",
      "cost": 8.695954020001022
    },
    {
      "p": "F6",
      "j": "D3",
      "cost": 19.633087825692655
    }
  ],
  "uav_arcs": [
    {
      "u": "D1",
      "v": "D2",
      "cost": 12.54498429737932
    },
    {
      "u": "D1",
      "v": "D3",
      "cost": 0.4158862572695224
    },
    {
      "u": "D1",
      "v": "V1",
      "cost": 7.485272281494785
    },
    {
      "u": "D1",
      "v": "V2",
      "cost": 5.927036132755067
    },
    {
      "u": "D1",
      "v": "V3",
      "cost": 8.380425010030809
    },
    {
      "u": "D1",
      "v": "V4",
      "cost": 6.985123681898053
    },
    {
      "u": "D1",
      "v": "V5",
      "cost": 6.34736281939296
    },
    {
      "u": "D1",
      "v": "V6",
      "cost": 6.813218558943128
    },
    {
      "u": "D1",
      "v": "V7",
      "cost": 8.353844360692072
    },
    {
      "u": "D1",
      "v": "V8",
      "cost": 4.367914538880734
    },
    {
      "u": "D1",
      "v": "V9",
      "cost": 6.408481113645822
    },
    {
      "u": "D1",
      "v": "V10",
      "cost": 9.81069462816875
    },
    {
      "u": "D2",
      "v": "D1",
      "cost": 12.54498429737932
    },
    {
      "u": "D2",
      "v": "D3",
      "cost": 12.429495164093133
    },
    {
      "u": "D2",
      "v": "V1",
      "cost": 5.098953609003045
    },
    {
      "u": "D2",
      "v": "V2",
      "cost": 8.119126844538266
    },
    {
      "u": "D2",
      "v": "V3",
      "cost": 5.06730008208174
    },
    {
      "u": "D2",
      "v": "V4",
      "cost": 5.795193920847477
    },
    {
      "u": "D2",
      "v": "V5",
      "cost": 10.106484107397742
    },
    {
      "u": "D2",
      "v": "V6",
      "cost": 5.986771066794623
    },
    {
      "u": "D2",
      "v": "V7",
      "cost": 7.978128593188791
    },
    {
      "u": "D2",
      "v": "V8",
      "cost": 9.35911264267358
    },
    {
      "u": "D2",
      "v": "V9",
      "cost": 6.136840035165215
    },
    {
      "u": "D2",
      "v": "V10",
      "cost": 9.190619204893354
    },
    {
      "u": "D3",
      "v": "D1",
      "cost": 0.4158862572695224
    },
    {
      "u": "D3",
      "v": "D2",
      "cost": 12.429495164093133
    },
    {
      "u": "D3",
      "v": "V1",
      "cost": 7.348081504126382
    },
    {
      "u": "D3",
      "v": "V2",
      "cost": 6.045395424972018
    },
    {
      "u": "D3",
      "v": "V3",
      "cost": 8.384561731210713
    },
    {
      "u": "D3",
      "v": "V4",
      "cost": 6.946577841378024
    },
    {
      "u": "D3",
      "v": "V5",
      "cost": 6.600992589663808
    },
    {
      "u": "D3",
      "v": "V6",
      "cost": 6.629693775518992
    },
    {
      "u": "D3",
      "v": "V7",
      "cost": 8.516325999847984
    },
    {
      "u": "D3",
      "v": "V8",
      "cost": 4.044199776578438
    },
    {
      "u": "D3",
      "v": "V9",
      "cost": 6.296294340772188
    },
    {
      "u": "D3",
      "v": "V10",
      "cost": 10.022350314439056
    },
    {
      "u": "V1",
      "v": "D1",
      "cost": 7.485272281494785
    },
    {
      "u": "V1",
      "v": "D2",
      "cost": 5.098953609003045
    },
    {
      "u": "V1",
      "v": "D3",
      "cost": 7.348081504126382
    },
    {
      "u": "V1",
      "v": "V2",
      "cost": 4.338318245467026
    },
    {
      "u": "V1",
      "v": "V3",
      "cost": 2.8822055008216525
    },
    {
      "u": "V1",
      "v": "V4",
      "cost": 1.8021701766716802
    },
    {
      "u": "V1",
      "v": "V5",
      "cost": 6.662841218844925
    },
    {
      "u": "V1",
      "v": "V6",
      "cost": 1.1003989332562065
    },
    {
      "u": "V1",
      "v": "V7",
      "cost": 5.79261100383917
    },
    {
      "u": "V1",
      "v": "V8",
      "cost": 4.439200643062678
    },
    {
      "u": "V1",
      "v": "V9",
      "cost": 1.1492523498305367
    },
    {
      "u": "V1",
      "v": "V10",
      "cost": 7.649089989601645
    },
    {
      "u": "V2",
      "v": "D1",
      "cost": 5.927036132755067
    },
    {
      "u": "V2",
      "v": "D2",
      "cost": 8.119126844538266
    },
    {
      "u": "V2",
      "v": "D3",
      "cost": 6.045395424972018
    },
    {
      "u": "V2",
      "v": "V1",
      "cost": 4.338318245467026
    },
    {
      "u": "V2",
      "v": "V3",
      "cost": 3.1012171477383053
    },
    {
      "u": "V2",
      "v": "V4",
      "cost": 2.6368984372498896
    },
    {
      "u": "V2",
      "v": "V5",
      "cost": 2.325271376909123
    },
    {
      "u": "V2",
      "v": "V6",
      "cost": 4.6789488818669165
    },
    {
      "u": "V2",
      "v": "V7",
      "cost": 2.5774344925235257
    },
    {
      "u": "V2",
      "v": "V8",
      "cost": 5.862815765735205
    },
    {
      "u": "V2",
      "v": "V9",
      "cost": 3.438116336356538
    },
    {
      "u": "V2",
      "v": "V10",
      "cost": 4.360254064684057
    },
    {
      "u": "V3",
      "v": "D1",
      "cost": 8.380425010030809
    },
    {
      "u": "V3",
      "v": "D2",
      "cost": 5.06730008208174
    },
    {
      "u": "V3",
      "v": "D3",
      "cost": 8.384561731210713
    },
    {
      "u": "V3",
      "v": "V1",
      "cost": 2.8822055008216525
    },
    {
      "u": "V3",
      "v": "V2",
      "cost": 3.1012171477383053
    },
    {
      "u": "V3",
      "v": "V4",
      "cost": 1.620014667365425
    },
    {
      "u": "V3",
      "v": "V5",
      "cost": 5.050582326332774
    },
    {
      "u": "V3",
      "v": "V6",
      "cost": 3.850373556403088
    },
    {
      "u": "V3",
      "v": "V7",
      "cost": 3.2708584077081544
    },
    {
      "u": "V3",
      "v": "V8",
      "cost": 6.651585214741665
    },
    {
      "u": "V3",
      "v": "V9",
      "cost": 2.8919287878268207
    },
    {
      "u": "V3",
      "v": "V10",
      "cost": 4.965821323397175
    },
    {
      "u": "V4",
      "v": "D1",
      "cost": 6.985123681898053
    },
    {
      "u": "V4",
      "v": "D2",
      "cost": 5.795193920847477
    },
    {
      "u": "V4",
      "v": "D3",
      "cost": 6.946577841378024
    },
    {
      "u": "V4",
      "v": "V1",
      "cost": 1.8021701766716802
    },
    {
      "u": "V4",
      "v": "V2",
      "cost": 2.6368984372498896
    },
    {
      "u": "V4",
      "v": "V3",
      "cost": 1.620014667365425
    },
    {
      "u": "V4",
      "v": "V5",
      "cost": 4.935635951266796
    },
    {
      "u": "V4",
      "v": "V6",
      "cost": 2.4903548227710557
    },
    {
      "u": "V4",
      "v": "V7",
      "cost": 4.027463950262461
    },
    {
      "u": "V4",
      "v": "V8",
      "cost": 5.035724973852057
    },
    {
      "u": "V4",
      "v": "V9",
      "cost": 1.345937402822573
    },
    {
      "u": "V4",
      "v": "V10",
      "cost": 5.913421346941394
    },
    {
      "u": "V5",
      "v": "D1",
      "cost": 6.34736281939296
    },
    {
      "u": "V5",
      "v": "D2",
      "cost": 10.106484107397742
    },
    {
      "u": "V5",
      "v": "D3",
      "cost": 6.600992589663808
    },
    {
      "u": "V5",
      "v": "V1",
      "cost": 6.662841218844925
    },
    {
      "u": "V5",
      "v": "V2",
      "cost": 2.325271376909123
    },
    {
      "u": "V5",
      "v": "V3",
      "cost": 5.050582326332774
    },
    {
      "u": "V5",
      "v": "V4",
      "cost": 4.935635951266796
    },
    {
      "u": "V5",
      "v": "V6",
      "cost": 6.972776896450755
    },
    {
      "u": "V5",
      "v": "V7",
      "cost": 2.7137926151488556
    },
    {
      "u": "V5",
      "v": "V8",
      "cost": 7.639663905454558
    },
    {
      "u": "V5",
      "v": "V9",
      "cost": 5.74698924393837
    },
    {
      "u": "V5",
      "v": "V10",
      "cost": 3.5788836745171766
    },
    {
      "u": "V6",
      "v": "D1",
      "cost": 6.813218558943128
    },
    {
      "u": "V6",
      "v": "D2",
      "cost": 5.986771066794623
    },
    {
      "u": "V6",
      "v": "D3",
      "cost": 6.629693775518992
    },
    {
      "u": "V6",
      "v": "V1",
      "cost": 1.1003989332562065
    },
    {
      "u": "V6",
      "v": "V2",
      "cost": 4.6789488818669165
    },
    {
      "u": "V6",
      "v": "V3",
      "cost": 3.850373556403088
    },
    {
      "u": "V6",
      "v": "V4",
      "cost": 2.4903548227710557
    },
    {
      "u": "V6",
      "v": "V5",
      "cost": 6.972776896450755
    },
    {
      "u": "V6",
      "v": "V7",
      "cost": 6.497125739470131
    },
    {
      "u": "V6",
      "v": "V8",
      "cost": 3.4053207600120734
    },
    {
      "u": "V6",
      "v": "V9",
      "cost": 1.2553798552223254
    },
    {
      "u": "V6",
      "v": "V10",
      "cost": 8.395493018244716
    },
    {
      "u": "V7",
      "v": "D1",
      "cost": 8.353844360692072
    },
    {
      "u": "V7",
      "v": "D2",
      "cost": 7.978128593188791
    },
    {
      "u": "V7",
      "v": "D3",
      "cost": 8.516325999847984
    },
    {
      "u": "V7",
      "v": "V1",
      "cost": 5.79261100383917
    },
    {
      "u": "V7",
      "v": "V2",
      "cost": 2.5774344925235257
    },
    {
      "u": "V7",
      "v": "V3",
      "cost": 3.2708584077081544
    },
    {
      "u": "V7",
      "v": "V4",
      "cost": 4.027463950262461
    },
    {
      "u": "V7",
      "v": "V5",
      "cost": 2.7137926151488556
    },
    {
      "u": "V7",
      "v": "V6",
      "cost": 6.497125739470131
    },
    {
      "u": "V7",
      "v": "V8",
      "cost": 8.331993583113366
    },
    {
      "u": "V7",
      "v": "V9",
      "cost": 5.27341951451004
    },
    {
      "u": "V7",
      "v": "V10",
      "cost": 1.9139185606716633
    },
    {
      "u": "V8",
      "v": "D1",
      "cost": 4.367914538880734
    },
    {
      "u": "V8",
      "v": "D2",
      "cost": 9.35911264267358
    },
    {
      "u": "V8",
      "v": "D3",
      "cost": 4.044199776578438
    },
    {
      "u": "V8",
      "v": "V1",
      "cost": 4.439200643062678
    },
    {
      "u": "V8",
      "v": "V2",
      "cost": 5.862815765735205
    },
    {
      "u": "V8",
      "v": "V3",
      "cost": 6.651585214741665
    },
    {
      "u": "V8",
      "v": "V4",
      "cost": 5.035724973852057
    },
    {
      "u": "V8",
      "v": "V5",
      "cost": 7.639663905454558
    },
    {
      "u": "V8",
      "v": "V6",
      "cost": 3.4053207600120734
    },
    {
      "u": "V8",
      "v": "V7",
      "cost": 8.331993583113366
    },
    {
      "u": "V8",
      "v": "V9",
      "cost": 3.8103915863652325
    },
    {
      "u": "V8",
      "v": "V10",
      "cost": 10.198449240532762
    },
    {
      "u": "V9",
      "v": "D1",
      "cost": 6.408481113645822
    },
    {
      "u": "V9",
      "v": "D2",
      "cost": 6.136840035165215
    },
    {
      "u": "V9",
      "v": "D3",
      "cost": 6.296294340772188
    },
    {
      "u": "V9",
      "v": "V1",
      "cost": 1.1492523498305367
    },
    {
      "u": "V9",
      "v": "V2",
      "cost": 3.438116336356538
    },
    {
      "u": "V9",
      "v": "V3",
      "cost": 2.8919287878268207
    },
    {
      "u": "V9",
      "v": "V4",
      "cost": 1.345937402822573
    },
    {
      "u": "V9",
      "v": "V5",
      "cost": 5.74698924393837
    },
    {
      "u": "V9",
      "v": "V6",
      "cost": 1.2553798552223254
    },
    {
      "u": "V9",
      "v": "V7",
      "cost": 5.27341951451004
    },
    {
      "u": "V9",
      "v": "V8",
      "cost": 3.8103915863652325
    },
    {
      "u": "V9",
      "v": "V10",
      "cost": 7.18070290572859
    },
    {
      "u": "V10",
      "v": "D1",
      "cost": 9.81069462816875
    },
    {
      "u": "V10",
      "v": "D2",
      "cost": 9.190619204893354
    },
    {
      "u": "V10",
      "v": "D3",
      "cost": 10.022350314439056
    },
    {
      "u": "V10",
      "v": "V1",
      "cost": 7.649089989601645
    },
    {
      "u": "V10",
      "v": "V2",
      "cost": 4.360254064684057
    },
    {
      "u": "V10",
      "v": "V3",
      "cost": 4.965821323397175
    },
    {
      "u": "V10",
      "v": "V4",
      "cost": 5.913421346941394
    },
    {
      "u": "V10",
      "v": "V5",
      "cost": 3.5788836745171766
    },
    {
      "u": "V10",
      "v": "V6",
      "cost": 8.395493018244716
    },
    {
      "u": "V10",
      "v": "V7",
      "cost": 1.9139185606716633
    },
    {
      "u": "V10",
      "v": "V8",
      "cost": 10.198449240532762
    },
    {
      "u": "V10",
      "v": "V9",
      "cost": 7.18070290572859
    }
  ],
  "number_of_uav": null
}