{
  "n_center": 3,
  "n_community": 12,
  "n_warehouse": 6,
  "set_F": [
    "F1",
    "F2",
    "F3",
    "F4",
    "F5",
    "F6"
  ],
  "set_D": [
    "D1",
    "D2",
    "D3"
  ],
  "set_V": [
    "V1",
    "V2",
    "V3",
    "V4",
    "V5",
    "V6",
    "V7",
    "V8",
    "V9",
    "V10",
    "V11",
    "V12"
  ],
  "set_A": [
    "('F1', 'D1')",
    "('F1', 'D2')",
    "('F1', 'D3')",
    "('F2', 'D1')",
    "('F2', 'D2')",
    "('F2', 'D3')",
    "('F3', 'D1')",
    "('F3', 'D2')",
    "('F3', 'D3')",
    "('F4', 'D1')",
    "('F4', 'D2')",
    "('F4', 'D3')",
    "('F5', 'D1')",
    "('F5', 'D2')",
    "('F5', 'D3')",
    "('F6', 'D1')",
    "('F6', 'D2')",
    "('F6', 'D3')",
    "('D1', 'D2')",
    "('D1', 'D3')",
    "('D1', 'V1')",
    "('D1', 'V2')",
    "('D1', 'V3')",
    "('D1', 'V4')",
    "('D1', 'V5')",
    "('D1', 'V6')",
    "('D1', 'V7')",
    "('D1', 'V8')",
    "('D1', 'V9')",
    "('D1', 'V10')",
    "('D1', 'V11')",
    "('D1', 'V12')",
    "('D2', 'D1')",
    "('D2', 'D3')",
    "('D2', 'V1')",
    "('D2', 'V2')",
    "('D2', 'V3')",
    "('D2', 'V4')",
    "('D2', 'V5')",
    "('D2', 'V6')",
    "('D2', 'V7')",
    "('D2', 'V8')",
    "('D2', 'V9')",
    "('D2', 'V10')",
    "('D2', 'V11')",
    "('D2', 'V12')",
    "('D3', 'D1')",
    "('D3', 'D2')",
    "('D3', 'V1')",
    "('D3', 'V2')",
    "('D3', 'V3')",
    "('D3', 'V4')",
    "('D3', 'V5')",
    "('D3', 'V6')",
    "('D3', 'V7')",
    "('D3', 'V8')",
    "('D3', 'V9')",
    "('D3', 'V10')",
    "('D3', 'V11')",
    "('D3', 'V12')",
    "('V1', 'D1')",
    "('V1', 'D2')",
    "('V1', 'D3')",
    "('V1', 'V2')",
    "('V1', 'V3')",
    "('V1', 'V4')",
    "('V1', 'V5')",
    "('V1', 'V6')",
    "('V1', 'V7')",
    "('V1', 'V8')",
    "('V1', 'V9')",
    "('V1', 'V10')",
    "('V1', 'V11')",
    "('V1', 'V12')",
    "('V2', 'D1')",
    "('V2', 'D2')",
    "('V2', 'D3')",
    "('V2', 'V1')",
    "('V2', 'V3')",
    "('V2', 'V4')",
    "('V2', 'V5')",
    "('V2', 'V6')",
    "('V2', 'V7')",
    "('V2', 'V8')",
    "('V2', 'V9')",
    "('V2', 'V10')",
    "('V2', 'V11')",
    "('V2', 'V12')",
    "('V3', 'D1')",
    "('V3', 'D2')",
    "('V3', 'D3')",
    "('V3', 'V1')",
    "('V3', 'V2')",
    "('V3', 'V4')",
    "('V3', 'V5')",
    "('V3', 'V6')",
    "('V3', 'V7')",
    "('V3', 'V8')",
    "('V3', 'V9')",
    "('V3', 'V10')",
    "('V3', 'V11')",
    "('V3', 'V12')",
    "('V4', 'D1')",
    "('V4', 'D2')",
    "('V4', 'D3')",
    "('V4', 'V1')",
    "('V4', 'V2')",
    "('V4', 'V3')",
    "('V4', 'V5')",
    "('V4', 'V6')",
    "('V4', 'V7')",
    "('V4', 'V8')",
    "('V4', 'V9')",
    "('V4', 'V10')",
    "('V4', 'V11')",
    "('V4', 'V12')",
    "('V5', 'D1')",
    "('V5', 'D2')",
    "('V5', 'D3')",
    "('V5', 'V1')",
    "('V5', 'V2')",
    "('V5', 'V3')",
    "('V5', 'V4')",
    "('V5', 'V6')",
    "('V5', 'V7')",
    "('V5', 'V8')",
    "('V5', 'V9')",
    "('V5', 'V10')",
    "('V5', 'V11')",
    "('V5', 'V12')",
    "('V6', 'D1')",
    "('V6', 'D2')",
    "('V6', 'D3')",
    "('V6', 'V1')",
    "('V6', 'V2')",
    "('V6', 'V3')",
    "('V6', 'V4')",
    "('V6', 'V5')",
    "('V6', 'V7')",
    "('V6', 'V8')",
    "('V6', 'V9')",
    "('V6', 'V10')",
    "('V6', 'V11')",
    "('V6', 'V12')",
    "('V7', 'D1')",
    "('V7', 'D2')",
    "('V7', 'D3')",
    "('V7', 'V1')",
    "('V7', 'V2')",
    "('V7', 'V3')",
    "('V7', 'V4')",
    "('V7', 'V5')",
    "('V7', 'V6')",
    "('V7', 'V8')",
    "('V7', 'V9')",
    "('V7', 'V10')",
    "('V7', 'V11')",
    "('V7', 'V12')",
    "('V8', 'D1')",
    "('V8', 'D2')",
    "('V8', 'D3')",
    "('V8', 'V1')",
    "('V8', 'V2')",
    "('V8', 'V3')",
    "('V8', 'V4')",
    "('V8', 'V5')",
    "('V8', 'V6')",
    "('V8', 'V7')",
    "('V8', 'V9')",
    "('V8', 'V10')",
    "('V8', 'V11')",
    "('V8', 'V12')",
    "('V9', 'D1')",
    "('V9', 'D2')",
    "('V9', 'D3')",
    "('V9', 'V1')",
    "('V9', 'V2')",
    "('V9', 'V3')",
    "('V9', 'V4')",
    "('V9', 'V5')",
    "('V9', 'V6')",
    "('V9', 'V7')",
    "('V9', 'V8')",
    "('V9', 'V10')",
    "('V9', 'V11')",
    "('V9', 'V12')",
    "('V10', 'D1')",
    "('V10', 'D2')",
    "('V10', 'D3')",
    "('V10', 'V1')",
    "('V10', 'V2')",
    "('V10', 'V3')",
    "('V10', 'V4')",
    "('V10', 'V5')",
    "('V10', 'V6')",
    "('V10', 'V7')",
    "('V10', 'V8')",
    "('V10', 'V9')",
    "('V10', 'V11')",
    "('V10', 'V12')",
    "('V11', 'D1')",
    "('V11', 'D2')",
    "('V11', 'D3')",
    "('V11', 'V1')",
    "('V11', 'V2')",
    "('V11', 'V3')",
    "('V11', 'V4')",
    "('V11', 'V5')",
    "('V11', 'V6')",
    "('V11', 'V7')",
    "('V11', 'V8')",
    "('V11', 'V9')",
    "('V11', 'V10')",
    "('V11', 'V12')",
    "('V12', 'D1')",
    "('V12', 'D2')",
    "('V12', 'D3')",
    "('V12', 'V1')",
    "('V12', 'V2')",
    "('V12', 'V3')",
    "('V12', 'V4')",
    "('V12', 'V5')",
    "('V12', 'V6')",
    "('V12', 'V7')",
    "('V12', 'V8')",
    "('V12', 'V9')",
    "('V12', 'V10')",
    "('V12', 'V11')"
  ],
  "set_L": [
    "L1",
    "L2",
    "L3",
    "L4",
    "L5"
  ],
  "set_T": [
    "T1",
    "T2",
    "T3",
    "T4",
    "T5",
    "T6",
    "T7",
    "T8"
  ],
  "set_U": [
    "U1",
    "U2",
    "U3",
    "U4",
    "U5",
    "U6",
    "U7",
    "U8",
    "U9",
    "U10",
    "U11",
    "U12"
  ],
  "par_d": {
    "V1": 25,
    "V2": 32,
    "V3": 33,
    "V4": 32,
    "V5": 15,
    "V6": 27,
    "V7": 27,
    "V8": 36,
    "V9": 29,
    "V10": 31,
    "V11": 8,
    "V12": 15
  },
  "par_r": 245,
  "par_n": 250,
  "par_h": 50,
  "par_m": 180,
  "par_v": 24,
  "par_l": {
    "L1": 72,
    "L2": 144,
    "L3": 192,
    "L4": 240,
    "L5": 276
  },
  "par_f": {
    "D1": 82.0,
    "D2": 99.0,
    "D3": 113.0
  },
  "par_o_items": [
    {
      "j": "D1",
      "l": "L1",
      "value": 28.0
    },
    {
      "j": "D1",
      "l": "L2",
      "value": 53.0
    },
    {
      "j": "D1",
      "l": "L3",
      "value": 68.0
    },
    {
      "j": "D1",
      "l": "L4",
      "value": 83.0
    },
    {
      "j": "D1",
      "l": "L5",
      "value": 94.0
    },
    {
      "j": "D2",
      "l": "L1",
      "value": 28.0
    },
    {
      "j": "D2",
      "l": "L2",
      "value": 53.0
    },
    {
      "j": "D2",
      "l": "L3",
      "value": 68.0
    },
    {
      "j": "D2",
      "l": "L4",
      "value": 83.0
    },
    {
      "j": "D2",
      "l": "L5",
      "value": 94.0
    },
    {
      "j": "D3",
      "l": "L1",
      "value": 28.0
    },
    {
      "j": "D3",
      "l": "L2",
      "value": 53.0
    },
    {
      "j": "D3",
      "l": "L3",
      "value": 68.0
    },
    {
      "j": "D3",
      "l": "L4",
      "value": 83.0
    },
    {
      "j": "D3",
      "l": "L5",
      "value": 94.0
    }
  ],
  "par_s_items": [
    {
      "j": "D1",
      "l": "L1",
      "value": 72.0
    },
    {
      "j": "D1",
      "l": "L2",
      "value": 144.0
    },
    {
      "j": "D1",
      "l": "L3",
      "value": 192.0
    },
    {
      "j": "D1",
      "l": "L4",
      "value": 240.0
    },
    {
      "j": "D1",
      "l": "L5",
      "value": 276.0
    },
    {
      "j": "D2",
      "l": "L1",
      "value": 72.0
    },
    {
      "j": "D2",
      "l": "L2",
      "value": 144.0
    },
    {
      "j": "D2",
      "l": "L3",
      "value": 192.0
    },
    {
      "j": "D2",
      "l": "L4",
      "value": 240.0
    },
    {
      "j": "D2",
      "l": "L5",
      "value": 276.0
    },
    {
      "j": "D3",
      "l": "L1",
      "value": 72.0
    },
    {
      "j": "D3",
      "l": "L2",
      "value": 144.0
    },
    {
      "j": "D3",
      "l": "L3",
      "value": 192.0
    },
    {
      "j": "D3",
      "l": "L4",
      "value": 240.0
    },
    {
      "j": "D3",
      "l": "L5",
      "value": 276.0
    }
  ],
  "par_t": 310.0,
  "par_c": {
    "('F1', 'D1')": 18.398584622928844,
    "('F1', 'D2')": 19.821377535377938,
    "('F1', 'D3')": 19.239173956566145,
    "('F2', 'D1')": 9.636872972526318,
    "('F2', 'D2')": 13.049925655210865,
    "('F2', 'D3')": 11.250642396471394,
    "('F3', 'D1')": 13.083756091527606,
    "('F3', 'D2')": 9.659876698974996,
    "('F3', 'D3')": 11.382269185444562,
    "('F4', 'D1')": 12.145696133489315,
    "('F4', 'D2')": 9.28918049384502,
    "('F4', 'D3')": 10.58300382992292,
    "('F5', 'D1')": 20.659082081562236,
    "('F5', 'D2')": 18.524948084896163,
    "('F5', 'D3')": 19.76056856074232,
    "('F6', 'D1')": 16.88335332222171,
    "('F6', 'D2')": 18.91330798377123,
    "('F6', 'D3')": 18.005438798261785,
    "('D1', 'D2')": 3.469485089943351,
    "('D1', 'D3')": 1.7014870398536623,
    "('D1', 'V1')": 4.1230241348211045,
    "('D1', 'V2')": 8.99906791530567,
    "('D1', 'V3')": 6.775485597992758,
    "('D1', 'V4')": 4.678037780158311,
    "('D1', 'V5')": 10.746346497440388,
    "('D1', 'V6')": 9.870118228286838,
    "('D1', 'V7')": 10.937606864614665,
    "('D1', 'V8')": 9.354215494046377,
    "('D1', 'V9')": 2.818209752489885,
    "('D1', 'V10')": 11.0754611410948,
    "('D1', 'V11')": 5.686577160709146,
    "('D1', 'V12')": 7.367035869269478,
    "('D2', 'D1')": 3.469485089943351,
    "('D2', 'D3')": 1.799867600565761,
    "('D2', 'V1')": 3.6786969691147258,
    "('D2', 'V2')": 8.223133677692578,
    "('D2', 'V3')": 8.34645295631967,
    "('D2', 'V4')": 6.230593714355224,
    "('D2', 'V5')": 10.556349081393753,
    "('D2', 'V6')": 10.69777069510079,
    "('D2', 'V7')": 11.203382528524935,
    "('D2', 'V8')": 10.748402448128092,
    "('D2', 'V9')": 4.784713076923468,
    "('D2', 'V10')": 9.491431470090603,
    "('D2', 'V11')": 7.31376428499934,
    "('D2', 'V12')": 7.089114829774216,
    "('D3', 'D1')": 1.7014870398536623,
    "('D3', 'D2')": 1.799867600565761,
    "('D3', 'V1')": 3.7412408155519823,
    "('D3', 'V2')": 8.68416150195281,
    "('D3', 'V3')": 7.588507895589909,
    "('D3', 'V4')": 5.41638840712268,
    "('D3', 'V5')": 10.747589669034616,
    "('D3', 'V6')": 10.36213085521206,
    "('D3', 'V7')": 11.165759897720474,
    "('D3', 'V8')": 10.120956329850154,
    "('D3', 'V9')": 3.683145687663054,
    "('D3', 'V10')": 10.399043939779249,
    "('D3', 'V11')": 6.501294238628385,
    "('D3', 'V12')": 7.257122095674573,
    "('V1', 'D1')": 4.1230241348211045,
    "('V1', 'D2')": 3.6786969691147258,
    "('V1', 'D3')": 3.7412408155519823,
    "('V1', 'V2')": 4.965041528798504,
    "('V1', 'V3')": 4.9979373964148355,
    "('V1', 'V4')": 3.1606159130030664,
    "('V1', 'V5')": 7.028726109193972,
    "('V1', 'V6')": 7.029097782254559,
    "('V1', 'V7')": 7.557588770745546,
    "('V1', 'V8')": 7.208898429569288,
    "('V1', 'V9')": 2.7395614130931882,
    "('V1', 'V10')": 6.959588899190096,
    "('V1', 'V11')": 4.106613384671025,
    "('V1', 'V12')": 3.5300277701056113,
    "('V2', 'D1')": 8.99906791530567,
    "('V2', 'D2')": 8.223133677692578,
    "('V2', 'D3')": 8.68416150195281,
    "('V2', 'V1')": 4.965041528798504,
    "('V2', 'V3')": 5.60083441855968,
    "('V2', 'V4')": 5.656987391353027,
    "('V2', 'V5')": 2.6394015884800606,
    "('V2', 'V6')": 4.670181656379088,
    "('V2', 'V7')": 3.8575240717567416,
    "('V2', 'V8')": 6.024438015386163,
    "('V2', 'V9')": 6.795632581971978,
    "('V2', 'V10')": 2.8816130626598517,
    "('V2', 'V11')": 5.654302395926825,
    "('V2', 'V12')": 1.8217053470700042,
    "('V3', 'D1')": 6.775485597992758,
    "('V3', 'D2')": 8.34645295631967,
    "('V3', 'D3')": 7.588507895589909,
    "('V3', 'V1')": 4.9979373964148355,
    "('V3', 'V2')": 5.60083441855968,
    "('V3', 'V4')": 2.1722365473996517,
    "('V3', 'V5')": 5.613685637882427,
    "('V3', 'V6')": 3.422715521634324,
    "('V3', 'V7')": 5.046652912695086,
    "('V3', 'V8')": 2.5788413526883054,
    "('V3', 'V9')": 3.982447532435954,
    "('V3', 'V10')": 8.482047334227465,
    "('V3', 'V11')": 1.0951195855399667,
    "('V3', 'V12')": 4.025887452150252,
    "('V4', 'D1')": 4.678037780158311,
    "('V4', 'D2')": 6.230593714355224,
    "('V4', 'D3')": 5.41638840712268,
    "('V4', 'V1')": 3.1606159130030664,
    "('V4', 'V2')": 5.656987391353027,
    "('V4', 'V3')": 2.1722365473996517,
    "('V4', 'V5')": 6.602187494713503,
    "('V4', 'V6')": 5.21948936236073,
    "('V4', 'V7')": 6.476056498634589,
    "('V4', 'V8')": 4.720325081920867,
    "('V4', 'V9')": 1.8598413174630548,
    "('V4', 'V10')": 8.37986710719513,
    "('V4', 'V11')": 1.0928876990211145,
    "('V4', 'V12')": 3.838604251429109,
    "('V5', 'D1')": 10.746346497440388,
    "('V5', 'D2')": 10.556349081393753,
    "('V5', 'D3')": 10.747589669034616,
    "('V5', 'V1')": 7.028726109193972,
    "('V5', 'V2')": 2.6394015884800606,
    "('V5', 'V3')": 5.613685637882427,
    "('V5', 'V4')": 6.602187494713503,
    "('V5', 'V6')": 3.105219906600722,
    "('V5', 'V7')": 1.4884161901624637,
    "('V5', 'V8')": 4.8377165688961075,
    "('V5', 'V9')": 8.178528910415155,
    "('V5', 'V10')": 4.368408338201454,
    "('V5', 'V11')": 6.148045421026375,
    "('V5', 'V12')": 3.499096053867784,
    "('V6', 'D1')": 9.870118228286838,
    "('V6', 'D2')": 10.69777069510079,
    "('V6', 'D3')": 10.36213085521206,
    "('V6', 'V1')": 7.029097782254559,
    "('V6', 'V2')": 4.670181656379088,
    "('V6', 'V3')": 3.422715521634324,
    "('V6', 'V4')": 5.21948936236073,
    "('V6', 'V5')": 3.105219906600722,
    "('V6', 'V7')": 1.9223387070138163,
    "('V6', 'V8')": 1.7663446725223215,
    "('V6', 'V9')": 7.0634956827061695,
    "('V6', 'V10')": 7.195828615604129,
    "('V6', 'V11')": 4.352119234916747,
    "('V6', 'V12')": 4.161146838165455,
    "('V7', 'D1')": 10.937606864614665,
    "('V7', 'D2')": 11.203382528524935,
    "('V7', 'D3')": 11.165759897720474,
    "('V7', 'V1')": 7.557588770745546,
    "('V7', 'V2')": 3.8575240717567416,
    "('V7', 'V3')": 5.046652912695086,
    "('V7', 'V4')": 6.476056498634589,
    "('V7', 'V5')": 1.4884161901624637,
    "('V7', 'V6')": 1.9223387070138163,
    "('V7', 'V8')": 3.6813191009964927,
    "('V7', 'V9')": 8.219377778314154,
    "('V7', 'V10')": 5.854357500734744,
    "('V7', 'V11')": 5.802351585042188,
    "('V7', 'V12')": 4.159774451484978,
    "('V8', 'D1')": 9.354215494046377,
    "('V8', 'D2')": 10.748402448128092,
    "('V8', 'D3')": 10.120956329850154,
    "('V8', 'V1')": 7.208898429569288,
    "('V8', 'V2')": 6.024438015386163,
    "('V8', 'V3')": 2.5788413526883054,
    "('V8', 'V4')": 4.720325081920867,
    "('V8', 'V5')": 4.8377165688961075,
    "('V8', 'V6')": 1.7663446725223215,
    "('V8', 'V7')": 3.6813191009964927,
    "('V8', 'V9')": 6.555860455867406,
    "('V8', 'V10')": 8.73419085471854,
    "('V8', 'V11')": 3.66943728214793,
    "('V8', 'V12')": 5.061444350873296,
    "('V9', 'D1')": 2.818209752489885,
    "('V9', 'D2')": 4.784713076923468,
    "('V9', 'D3')": 3.683145687663054,
    "('V9', 'V1')": 2.7395614130931882,
    "('V9', 'V2')": 6.795632581971978,
    "('V9', 'V3')": 3.982447532435954,
    "('V9', 'V4')": 1.8598413174630548,
    "('V9', 'V5')": 8.178528910415155,
    "('V9', 'V6')": 7.0634956827061695,
    "('V9', 'V7')": 8.219377778314154,
    "('V9', 'V8')": 6.555860455867406,
    "('V9', 'V10')": 9.259938176536773,
    "('V9', 'V11')": 2.887808174211521,
    "('V9', 'V12')": 5.017586419438278,
    "('V10', 'D1')": 11.0754611410948,
    "('V10', 'D2')": 9.491431470090603,
    "('V10', 'D3')": 10.399043939779249,
    "('V10', 'V1')": 6.959588899190096,
    "('V10', 'V2')": 2.8816130626598517,
    "('V10', 'V3')": 8.482047334227465,
    "('V10', 'V4')": 8.37986710719513,
    "('V10', 'V5')": 4.368408338201454,
    "('V10', 'V6')": 7.195828615604129,
    "('V10', 'V7')": 5.854357500734744,
    "('V10', 'V8')": 8.73419085471854,
    "('V10', 'V9')": 9.259938176536773,
    "('V10', 'V11')": 8.49177792268376,
    "('V10', 'V12')": 4.586610659933856,
    "('V11', 'D1')": 5.686577160709146,
    "('V11', 'D2')": 7.31376428499934,
    "('V11', 'D3')": 6.501294238628385,
    "('V11', 'V1')": 4.106613384671025,
    "('V11', 'V2')": 5.654302395926825,
    "('V11', 'V3')": 1.0951195855399667,
    "('V11', 'V4')": 1.0928876990211145,
    "('V11', 'V5')": 6.148045421026375,
    "('V11', 'V6')": 4.352119234916747,
    "('V11', 'V7')": 5.802351585042188,
    "('V11', 'V8')": 3.66943728214793,
    "('V11', 'V9')": 2.887808174211521,
    "('V11', 'V10')": 8.49177792268376,
    "('V11', 'V12')": 3.9109396819714872,
    "('V12', 'D1')": 7.367035869269478,
    "('V12', 'D2')": 7.089114829774216,
    "('V12', 'D3')": 7.257122095674573,
    "('V12', 'V1')": 3.5300277701056113,
    "('V12', 'V2')": 1.8217053470700042,
    "('V12', 'V3')": 4.025887452150252,
    "('V12', 'V4')": 3.838604251429109,
    "('V12', 'V5')": 3.499096053867784,
    "('V12', 'V6')": 4.161146838165455,
    "('V12', 'V7')": 4.159774451484978,
    "('V12', 'V8')": 5.061444350873296,
    "('V12', 'V9')": 5.017586419438278,
    "('V12', 'V10')": 4.586610659933856,
    "('V12', 'V11')": 3.9109396819714872
  },
  "par_a": [
    72,
    144,
    192,
    240,
    276
  ],
  "_distance": {
    "('F1', 'F1')": 0.0,
    "('F1', 'F2')": 19.653656041044822,
    "('F1', 'F3')": 27.03463950247443,
    "('F1', 'F4')": 28.69258074712908,
    "('F1', 'F5')": 19.985530093843725,
    "('F1', 'F6')": 3.926363536947658,
    "('F1', 'D1')": 18.398584622928844,
    "('F1', 'D2')": 19.821377535377938,
    "('F1', 'D3')": 19.239173956566145,
    "('F1', 'V1')": 16.201378261282027,
    "('F1', 'V2')": 13.37088337302514,
    "('F1', 'V3')": 11.662804579864352,
    "('F1', 'V4')": 13.828969918294192,
    "('F1', 'V5')": 10.863240742782768,
    "('F1', 'V6')": 9.242930769555914,
    "('F1', 'V7')": 9.514057159411015,
    "('F1', 'V8')": 9.119639957616934,
    "('F1', 'V9')": 15.639213253303273,
    "('F1', 'V10')": 15.05285519916874,
    "('F1', 'V11')": 12.757179582732906,
    "('F1', 'V12')": 13.349754949618722,
    "('F2', 'F1')": 19.653656041044822,
    "('F2', 'F2')": 0.0,
    "('F2', 'F3')": 22.3821012109868,
    "('F2', 'F4')": 20.377101920192214,
    "('F2', 'F5')": 29.008210570275345,
    "('F2', 'F6')": 16.474610367817654,
    "('F2', 'D1')": 9.636872972526318,
    "('F2', 'D2')": 13.049925655210865,
    "('F2', 'D3')": 11.250642396471394,
    "('F2', 'V1')": 12.881639658493606,
    "('F2', 'V2')": 16.611917512978742,
    "('F2', 'V3')": 11.548603247986794,
    "('F2', 'V4')": 10.957655405107719,
    "('F2', 'V5')": 17.155281048808803,
    "('F2', 'V6')": 14.710191033309847,
    "('F2', 'V7')": 16.526245667985155,
    "('F2', 'V8')": 13.170015136738767,
    "('F2', 'V9')": 10.203904739648618,
    "('F2', 'V10')": 19.31431625715624,
    "('F2', 'V11')": 11.078110589749834,
    "('F2', 'V12')": 14.795955700581146,
    "('F3', 'F1')": 27.03463950247443,
    "('F3', 'F2')": 22.3821012109868,
    "('F3', 'F3')": 0.0,
    "('F3', 'F4')": 4.824772706978765,
    "('F3', 'F5')": 17.222619123834804,
    "('F3', 'F6')": 27.113304445302088,
    "('F3', 'D1')": 13.083756091527606,
    "('F3', 'D2')": 9.659876698974996,
    "('F3', 'D3')": 11.382269185444562,
    "('F3', 'V1')": 11.952855947159025,
    "('F3', 'V2')": 13.68099923973977,
    "('F3', 'V3')": 16.872810071098034,
    "('F3', 'V4')": 15.10505140706503,
    "('F3', 'V5')": 16.27009378910408,
    "('F3', 'V6')": 17.971693108307345,
    "('F3', 'V7')": 17.533910792643244,
    "('F3', 'V8')": 18.74385899942172,
    "('F3', 'V9')": 14.1467974579345,
    "('F3', 'V10')": 12.64858527148491,
    "('F3', 'V11')": 16.05199157190383,
    "('F3', 'V12')": 13.816872122104552,
    "('F4', 'F1')": 28.69258074712908,
    "('F4', 'F2')": 20.377101920192214,
    "('F4', 'F3')": 4.824772706978765,
    "('F4', 'F4')": 0.0,
    "('F4', 'F5')": 21.63119989561306,
    "('F4', 'F6')": 28.116062037151476,
    "('F4', 'D1')": 12.145696133489315,
    "('F4', 'D2')": 9.28918049384502,
    "('F4', 'D3')": 10.58300382992292,
    "('F4', 'V1')": 12.60692704340856,
    "('F4', 'V2')": 15.808049896791589,
    "('F4', 'V3')": 17.546041233388188,
    "('F4', 'V4')": 15.48641804213304,
    "('F4', 'V5')": 18.43983851871008,
    "('F4', 'V6')": 19.449682758761135,
    "('F4', 'V7')": 19.475678526175674,
    "('F4', 'V8')": 19.812119708278843,
    "('F4', 'V9')": 14.06356504959622,
    "('F4', 'V10')": 15.577816299531621,
    "('F4', 'V11')": 16.553613234898975,
    "('F4', 'V12')": 15.391546093388815,
    "('F5', 'F1')": 19.985530093843725,
    "('F5', 'F2')": 29.008210570275345,
    "('F5', 'F3')": 17.222619123834804,
    "('F5', 'F4')": 21.63119989561306,
    "('F5', 'F5')": 0.0,
    "('F5', 'F6')": 22.543048656046544,
    "('F5', 'D1')": 20.659082081562236,
    "('F5', 'D2')": 18.524948084896163,
    "('F5', 'D3')": 19.76056856074232,
    "('F5', 'V1')": 16.600003933986557,
    "('F5', 'V2')": 12.404447808629401,
    "('F5', 'V3')": 17.814313312923783,
    "('F5', 'V4')": 18.05104690401171,
    "('F5', 'V5')": 12.46828609112588,
    "('F5', 'V6')": 15.527478092767323,
    "('F5', 'V7')": 13.656783116854003,
    "('F5', 'V8')": 17.287245524278326,
    "('F5', 'V9')": 18.988474567505165,
    "('F5', 'V10')": 9.729973609536914,
    "('F5', 'V11')": 18.030608489214803,
    "('F5', 'V12')": 14.21417158240753,
    "('F6', 'F1')": 3.926363536947658,
    "('F6', 'F2')": 16.474610367817654,
    "('F6', 'F3')": 27.113304445302088,
    "('F6', 'F4')": 28.116062037151476,
    "('F6', 'F5')": 22.543048656046544,
    "('F6', 'F6')": 0.0,
    "('F6', 'D1')": 16.88335332222171,
    "('F6', 'D2')": 18.91330798377123,
    "('F6', 'D3')": 18.005438798261785,
    "('F6', 'V1')": 15.523261416807642,
    "('F6', 'V2')": 13.873311767438263,
    "('F6', 'V3')": 10.576174795100501,
    "('F6', 'V4')": 12.687729987053777,
    "('F6', 'V5')": 11.740969655738864,
    "('F6', 'V6')": 9.245922032733066,
    "('F6', 'V7')": 10.256216813262265,
    "('F6', 'V8')": 8.386672904661758,
    "('F6', 'V9')": 14.322478567898267,
    "('F6', 'V10')": 16.109376095953632,
    "('F6', 'V11')": 11.600307866419755,
    "('F6', 'V12')": 13.329106408875623,
    "('D1', 'F1')": 18.398584622928844,
    "('D1', 'F2')": 9.636872972526318,
    "('D1', 'F3')": 13.083756091527606,
    "('D1', 'F4')": 12.145696133489315,
    "('D1', 'F5')": 20.659082081562236,
    "('D1', 'F6')": 16.88335332222171,
    "('D1', 'D1')": 0.0,
    "('D1', 'D2')": 3.469485089943351,
    "('D1', 'D3')": 1.7014870398536623,
    "('D1', 'V1')": 4.1230241348211045,
    "('D1', 'V2')": 8.99906791530567,
    "('D1', 'V3')": 6.775485597992758,
    "('D1', 'V4')": 4.678037780158311,
    "('D1', 'V5')": 10.746346497440388,
    "('D1', 'V6')": 9.870118228286838,
    "('D1', 'V7')": 10.937606864614665,
    "('D1', 'V8')": 9.354215494046377,
    "('D1', 'V9')": 2.818209752489885,
    "('D1', 'V10')": 11.0754611410948,
    "('D1', 'V11')": 5.686577160709146,
    "('D1', 'V12')": 7.367035869269478,
    "('D2', 'F1')": 19.821377535377938,
    "('D2', 'F2')": 13.049925655210865,
    "('D2', 'F3')": 9.659876698974996,
    "('D2', 'F4')": 9.28918049384502,
    "('D2', 'F5')": 18.524948084896163,
    "('D2', 'F6')": 18.91330798377123,
    "('D2', 'D1')": 3.469485089943351,
    "('D2', 'D2')": 0.0,
    "('D2', 'D3')": 1.799867600565761,
    "('D2', 'V1')": 3.6786969691147258,
    "('D2', 'V2')": 8.223133677692578,
    "('D2', 'V3')": 8.34645295631967,
    "('D2', 'V4')": 6.230593714355224,
    "('D2', 'V5')": 10.556349081393753,
    "('D2', 'V6')": 10.69777069510079,
    "('D2', 'V7')": 11.203382528524935,
    "('D2', 'V8')": 10.748402448128092,
    "('D2', 'V9')": 4.784713076923468,
    "('D2', 'V10')": 9.491431470090603,
    "('D2', 'V11')": 7.31376428499934,
    "('D2', 'V12')": 7.089114829774216,
    "('D3', 'F1')": 19.239173956566145,
    "('D3', 'F2')": 11.250642396471394,
    "('D3', 'F3')": 11.382269185444562,
    "('D3', 'F4')": 10.58300382992292,
    "('D3', 'F5')": 19.76056856074232,
    "('D3', 'F6')": 18.005438798261785,
    "('D3', 'D1')": 1.7014870398536623,
    "('D3', 'D2')": 1.799867600565761,
    "('D3', 'D3')": 0.0,
    "('D3', 'V1')": 3.7412408155519823,
    "('D3', 'V2')": 8.68416150195281,
    "('D3', 'V3')": 7.588507895589909,
    "('D3', 'V4')": 5.41638840712268,
    "('D3', 'V5')": 10.747589669034616,
    "('D3', 'V6')": 10.36213085521206,
    "('D3', 'V7')": 11.165759897720474,
    "('D3', 'V8')": 10.120956329850154,
    "('D3', 'V9')": 3.683145687663054,
    "('D3', 'V10')": 10.399043939779249,
    "('D3', 'V11')": 6.501294238628385,
    "('D3', 'V12')": 7.257122095674573,
    "('V1', 'F1')": 16.201378261282027,
    "('V1', 'F2')": 12.881639658493606,
    "('V1', 'F3')": 11.952855947159025,
    "('V1', 'F4')": 12.60692704340856,
    "('V1', 'F5')": 16.600003933986557,
    "('V1', 'F6')": 15.523261416807642,
    "('V1', 'D1')": 4.1230241348211045,
    "('V1', 'D2')": 3.6786969691147258,
    "('V1', 'D3')": 3.7412408155519823,
    "('V1', 'V1')": 0.0,
    "('V1', 'V2')": 4.965041528798504,
    "('V1', 'V3')": 4.9979373964148355,
    "('V1', 'V4')": 3.1606159130030664,
    "('V1', 'V5')": 7.028726109193972,
    "('V1', 'V6')": 7.029097782254559,
    "('V1', 'V7')": 7.557588770745546,
    "('V1', 'V8')": 7.208898429569288,
    "('V1', 'V9')": 2.7395614130931882,
    "('V1', 'V10')": 6.959588899190096,
    "('V1', 'V11')": 4.106613384671025,
    "('V1', 'V12')": 3.5300277701056113,
    "('V2', 'F1')": 13.37088337302514,
    "('V2', 'F2')": 16.611917512978742,
    "('V2', 'F3')": 13.68099923973977,
    "('V2', 'F4')": 15.808049896791589,
    "('V2', 'F5')": 12.404447808629401,
    "('V2', 'F6')": 13.873311767438263,
    "('V2', 'D1')": 8.99906791530567,
    "('V2', 'D2')": 8.223133677692578,
    "('V2', 'D3')": 8.68416150195281,
    "('V2', 'V1')": 4.965041528798504,
    "('V2', 'V2')": 0.0,
    "('V2', 'V3')": 5.60083441855968,
    "('V2', 'V4')": 5.656987391353027,
    "('V2', 'V5')": 2.6394015884800606,
    "('V2', 'V6')": 4.670181656379088,
    "('V2', 'V7')": 3.8575240717567416,
    "('V2', 'V8')": 6.024438015386163,
    "('V2', 'V9')": 6.795632581971978,
    "('V2', 'V10')": 2.8816130626598517,
    "('V2', 'V11')": 5.654302395926825,
    "('V2', 'V12')": 1.8217053470700042,
    "('V3', 'F1')": 11.662804579864352,
    "('V3', 'F2')": 11.548603247986794,
    "('V3', 'F3')": 16.872810071098034,
    "('V3', 'F4')": 17.546041233388188,
    "('V3', 'F5')": 17.814313312923783,
    "('V3', 'F6')": 10.576174795100501,
    "('V3', 'D1')": 6.775485597992758,
    "('V3', 'D2')": 8.34645295631967,
    "('V3', 'D3')": 7.588507895589909,
    "('V3', 'V1')": 4.9979373964148355,
    "('V3', 'V2')": 5.60083441855968,
    "('V3', 'V3')": 0.0,
    "('V3', 'V4')": 2.1722365473996517,
    "('V3', 'V5')": 5.613685637882427,
    "('V3', 'V6')": 3.422715521634324,
    "('V3', 'V7')": 5.046652912695086,
    "('V3', 'V8')": 2.5788413526883054,
    "('V3', 'V9')": 3.982447532435954,
    "('V3', 'V10')": 8.482047334227465,
    "('V3', 'V11')": 1.0951195855399667,
    "('V3', 'V12')": 4.025887452150252,
    "('V4', 'F1')": 13.828969918294192,
    "('V4', 'F2')": 10.957655405107719,
    "('V4', 'F3')": 15.10505140706503,
    "('V4', 'F4')": 15.48641804213304,
    "('V4', 'F5')": 18.05104690401171,
    "('V4', 'F6')": 12.687729987053777,
    "('V4', 'D1')": 4.678037780158311,
    "('V4', 'D2')": 6.230593714355224,
    "('V4', 'D3')": 5.41638840712268,
    "('V4', 'V1')": 3.1606159130030664,
    "('V4', 'V2')": 5.656987391353027,
    "('V4', 'V3')": 2.1722365473996517,
    "('V4', 'V4')": 0.0,
    "('V4', 'V5')": 6.602187494713503,
    "('V4', 'V6')": 5.21948936236073,
    "('V4', 'V7')": 6.476056498634589,
    "('V4', 'V8')": 4.720325081920867,
    "('V4', 'V9')": 1.8598413174630548,
    "('V4', 'V10')": 8.37986710719513,
    "('V4', 'V11')": 1.0928876990211145,
    "('V4', 'V12')": 3.838604251429109,
    "('V5', 'F1')": 10.863240742782768,
    "('V5', 'F2')": 17.155281048808803,
    "('V5', 'F3')": 16.27009378910408,
    "('V5', 'F4')": 18.43983851871008,
    "('V5', 'F5')": 12.46828609112588,
    "('V5', 'F6')": 11.740969655738864,
    "('V5', 'D1')": 10.746346497440388,
    "('V5', 'D2')": 10.556349081393753,
    "('V5', 'D3')": 10.747589669034616,
    "('V5', 'V1')": 7.028726109193972,
    "('V5', 'V2')": 2.6394015884800606,
    "('V5', 'V3')": 5.613685637882427,
    "('V5', 'V4')": 6.602187494713503,
    "('V5', 'V5')": 0.0,
    "('V5', 'V6')": 3.105219906600722,
    "('V5', 'V7')": 1.4884161901624637,
    "('V5', 'V8')": 4.8377165688961075,
    "('V5', 'V9')": 8.178528910415155,
    "('V5', 'V10')": 4.368408338201454,
    "('V5', 'V11')": 6.148045421026375,
    "('V5', 'V12')": 3.499096053867784,
    "('V6', 'F1')": 9.242930769555914,
    "('V6', 'F2')": 14.710191033309847,
    "('V6', 'F3')": 17.971693108307345,
    "('V6', 'F4')": 19.449682758761135,
    "('V6', 'F5')": 15.527478092767323,
    "('V6', 'F6')": 9.245922032733066,
    "('V6', 'D1')": 9.870118228286838,
    "('V6', 'D2')": 10.69777069510079,
    "('V6', 'D3')": 10.36213085521206,
    "('V6', 'V1')": 7.029097782254559,
    "('V6', 'V2')": 4.670181656379088,
    "('V6', 'V3')": 3.422715521634324,
    "('V6', 'V4')": 5.21948936236073,
    "('V6', 'V5')": 3.105219906600722,
    "('V6', 'V6')": 0.0,
    "('V6', 'V7')": 1.9223387070138163,
    "('V6', 'V8')": 1.7663446725223215,
    "('V6', 'V9')": 7.0634956827061695,
    "('V6', 'V10')": 7.195828615604129,
    "('V6', 'V11')": 4.352119234916747,
    "('V6', 'V12')": 4.161146838165455,
    "('V7', 'F1')": 9.514057159411015,
    "('V7', 'F2')": 16.526245667985155,
    "('V7', 'F3')": 17.533910792643244,
    "('V7', 'F4')": 19.475678526175674,
    "('V7', 'F5')": 13.656783116854003,
    "('V7', 'F6')": 10.256216813262265,
    "('V7', 'D1')": 10.937606864614665,
    "('V7', 'D2')": 11.203382528524935,
    "('V7', 'D3')": 11.165759897720474,
    "('V7', 'V1')": 7.557588770745546,
    "('V7', 'V2')": 3.8575240717567416,
    "('V7', 'V3')": 5.046652912695086,
    "('V7', 'V4')": 6.476056498634589,
    "('V7', 'V5')": 1.4884161901624637,
    "('V7', 'V6')": 1.9223387070138163,
    "('V7', 'V7')": 0.0,
    "('V7', 'V8')": 3.6813191009964927,
    "('V7', 'V9')": 8.219377778314154,
    "('V7', 'V10')": 5.854357500734744,
    "('V7', 'V11')": 5.802351585042188,
    "('V7', 'V12')": 4.159774451484978,
    "('V8', 'F1')": 9.119639957616934,
    "('V8', 'F2')": 13.170015136738767,
    "('V8', 'F3')": 18.74385899942172,
    "('V8', 'F4')": 19.812119708278843,
    "('V8', 'F5')": 17.287245524278326,
    "('V8', 'F6')": 8.386672904661758,
    "('V8', 'D1')": 9.354215494046377,
    "('V8', 'D2')": 10.748402448128092,
    "('V8', 'D3')": 10.120956329850154,
    "('V8', 'V1')": 7.208898429569288,
    "('V8', 'V2')": 6.024438015386163,
    "('V8', 'V3')": 2.5788413526883054,
    "('V8', 'V4')": 4.720325081920867,
    "('V8', 'V5')": 4.8377165688961075,
    "('V8', 'V6')": 1.7663446725223215,
    "('V8', 'V7')": 3.6813191009964927,
    "('V8', 'V8')": 0.0,
    "('V8', 'V9')": 6.555860455867406,
    "('V8', 'V10')": 8.73419085471854,
    "('V8', 'V11')": 3.66943728214793,
    "('V8', 'V12')": 5.061444350873296,
    "('V9', 'F1')": 15.639213253303273,
    "('V9', 'F2')": 10.203904739648618,
    "('V9', 'F3')": 14.1467974579345,
    "('V9', 'F4')": 14.06356504959622,
    "('V9', 'F5')": 18.988474567505165,
    "('V9', 'F6')": 14.322478567898267,
    "('V9', 'D1')": 2.818209752489885,
    "('V9', 'D2')": 4.784713076923468,
    "('V9', 'D3')": 3.683145687663054,
    "('V9', 'V1')": 2.7395614130931882,
    "('V9', 'V2')": 6.795632581971978,
    "('V9', 'V3')": 3.982447532435954,
    "('V9', 'V4')": 1.8598413174630548,
    "('V9', 'V5')": 8.178528910415155,
    "('V9', 'V6')": 7.0634956827061695,
    "('V9', 'V7')": 8.219377778314154,
    "('V9', 'V8')": 6.555860455867406,
    "('V9', 'V9')": 0.0,
    "('V9', 'V10')": 9.259938176536773,
    "('V9', 'V11')": 2.887808174211521,
    "('V9', 'V12')": 5.017586419438278,
    "('V10', 'F1')": 15.05285519916874,
    "('V10', 'F2')": 19.31431625715624,
    "('V10', 'F3')": 12.64858527148491,
    "('V10', 'F4')": 15.577816299531621,
    "('V10', 'F5')": 9.729973609536914,
    "('V10', 'F6')": 16.109376095953632,
    "('V10', 'D1')": 11.0754611410948,
    "('V10', 'D2')": 9.491431470090603,
    "('V10', 'D3')": 10.399043939779249,
    "('V10', 'V1')": 6.959588899190096,
    "('V10', 'V2')": 2.8816130626598517,
    "('V10', 'V3')": 8.482047334227465,
    "('V10', 'V4')": 8.37986710719513,
    "('V10', 'V5')": 4.368408338201454,
    "('V10', 'V6')": 7.195828615604129,
    "('V10', 'V7')": 5.854357500734744,
    "('V10', 'V8')": 8.73419085471854,
    "('V10', 'V9')": 9.259938176536773,
    "('V10', 'V10')": 0.0,
    "('V10', 'V11')": 8.49177792268376,
    "('V10', 'V12')": 4.586610659933856,
    "('V11', 'F1')": 12.757179582732906,
    "('V11', 'F2')": 11.078110589749834,
    "('V11', 'F3')": 16.05199157190383,
    "('V11', 'F4')": 16.553613234898975,
    "('V11', 'F5')": 18.030608489214803,
    "('V11', 'F6')": 11.600307866419755,
    "('V11', 'D1')": 5.686577160709146,
    "('V11', 'D2')": 7.31376428499934,
    "('V11', 'D3')": 6.501294238628385,
    "('V11', 'V1')": 4.106613384671025,
    "('V11', 'V2')": 5.654302395926825,
    "('V11', 'V3')": 1.0951195855399667,
    "('V11', 'V4')": 1.0928876990211145,
    "('V11', 'V5')": 6.148045421026375,
    "('V11', 'V6')": 4.352119234916747,
    "('V11', 'V7')": 5.802351585042188,
    "('V11', 'V8')": 3.66943728214793,
    "('V11', 'V9')": 2.887808174211521,
    "('V11', 'V10')": 8.49177792268376,
    "('V11', 'V11')": 0.0,
    "('V11', 'V12')": 3.9109396819714872,
    "('V12', 'F1')": 13.349754949618722,
    "('V12', 'F2')": 14.795955700581146,
    "('V12', 'F3')": 13.816872122104552,
    "('V12', 'F4')": 15.391546093388815,
    "('V12', 'F5')": 14.21417158240753,
    "('V12', 'F6')": 13.329106408875623,
    "('V12', 'D1')": 7.367035869269478,
    "('V12', 'D2')": 7.089114829774216,
    "('V12', 'D3')": 7.257122095674573,
    "('V12', 'V1')": 3.5300277701056113,
    "('V12', 'V2')": 1.8217053470700042,
    "('V12', 'V3')": 4.025887452150252,
    "('V12', 'V4')": 3.838604251429109,
    "('V12', 'V5')": 3.499096053867784,
    "('V12', 'V6')": 4.161146838165455,
    "('V12', 'V7')": 4.159774451484978,
    "('V12', 'V8')": 5.061444350873296,
    "('V12', 'V9')": 5.017586419438278,
    "('V12', 'V10')": 4.586610659933856,
    "('V12', 'V11')": 3.9109396819714872,
    "('V12', 'V12')": 0.0
  },
  "tij": {
    "('F1', 'D1')": 18.398584622928844,
    "('F1', 'D2')": 19.821377535377938,
    "('F1', 'D3')": 19.239173956566145,
    "('F2', 'D1')": 9.636872972526318,
    "('F2', 'D2')": 13.049925655210865,
    "('F2', 'D3')": 11.250642396471394,
    "('F3', 'D1')": 13.083756091527606,
    "('F3', 'D2')": 9.659876698974996,
    "('F3', 'D3')": 11.382269185444562,
    "('F4', 'D1')": 12.145696133489315,
    "('F4', 'D2')": 9.28918049384502,
    "('F4', 'D3')": 10.58300382992292,
    "('F5', 'D1')": 20.659082081562236,
    "('F5', 'D2')": 18.524948084896163,
    "('F5', 'D3')": 19.76056856074232,
    "('F6', 'D1')": 16.88335332222171,
    "('F6', 'D2')": 18.91330798377123,
    "('F6', 'D3')": 18.005438798261785,
    "('D1', 'D2')": 5.204227634915027,
    "('D1', 'D3')": 2.5522305597804933,
    "('D1', 'V1')": 6.184536202231657,
    "('D1', 'V2')": 13.498601872958506,
    "('D1', 'V3')": 10.163228396989137,
    "('D1', 'V4')": 7.0170566702374675,
    "('D1', 'V5')": 16.119519746160584,
    "('D1', 'V6')": 14.805177342430259,
    "('D1', 'V7')": 16.406410296921997,
    "('D1', 'V8')": 14.031323241069567,
    "('D1', 'V9')": 4.2273146287348276,
    "('D1', 'V10')": 16.6131917116422,
    "('D1', 'V11')": 8.52986574106372,
    "('D1', 'V12')": 11.050553803904219,
    "('D2', 'D1')": 5.204227634915027,
    "('D2', 'D3')": 2.6998014008486413,
    "('D2', 'V1')": 5.518045453672089,
    "('D2', 'V2')": 12.334700516538868,
    "('D2', 'V3')": 12.519679434479505,
    "('D2', 'V4')": 9.345890571532836,
    "('D2', 'V5')": 15.834523622090629,
    "('D2', 'V6')": 16.046656042651186,
    "('D2', 'V7')": 16.805073792787404,
    "('D2', 'V8')": 16.122603672192135,
    "('D2', 'V9')": 7.177069615385202,
    "('D2', 'V10')": 14.237147205135903,
    "('D2', 'V11')": 10.970646427499009,
    "('D2', 'V12')": 10.633672244661323,
    "('D3', 'D1')": 2.5522305597804933,
    "('D3', 'D2')": 2.6998014008486413,
    "('D3', 'V1')": 5.611861223327973,
    "('D3', 'V2')": 13.026242252929213,
    "('D3', 'V3')": 11.382761843384863,
    "('D3', 'V4')": 8.124582610684019,
    "('D3', 'V5')": 16.121384503551923,
    "('D3', 'V6')": 15.54319628281809,
    "('D3', 'V7')": 16.74863984658071,
    "('D3', 'V8')": 15.181434494775232,
    "('D3', 'V9')": 5.524718531494581,
    "('D3', 'V10')": 15.598565909668872,
    "('D3', 'V11')": 9.751941357942577,
    "('D3', 'V12')": 10.885683143511859,
    "('V1', 'D1')": 6.184536202231657,
    "('V1', 'D2')": 5.518045453672089,
    "('V1', 'D3')": 5.611861223327973,
    "('V1', 'V2')": 7.447562293197755,
    "('V1', 'V3')": 7.496906094622252,
    "('V1', 'V4')": 4.7409238695046,
    "('V1', 'V5')": 10.543089163790958,
    "('V1', 'V6')": 10.54364667338184,
    "('V1', 'V7')": 11.33638315611832,
    "('V1', 'V8')": 10.813347644353932,
    "('V1', 'V9')": 4.109342119639782,
    "('V1', 'V10')": 10.439383348785144,
    "('V1', 'V11')": 6.159920077006538,
    "('V1', 'V12')": 5.295041655158417,
    "('V2', 'D1')": 13.498601872958506,
    "('V2', 'D2')": 12.334700516538868,
    "('V2', 'D3')": 13.026242252929213,
    "('V2', 'V1')": 7.447562293197755,
    "('V2', 'V3')": 8.40125162783952,
    "('V2', 'V4')": 8.485481087029541,
    "('V2', 'V5')": 3.959102382720091,
    "('V2', 'V6')": 7.005272484568633,
    "('V2', 'V7')": 5.786286107635112,
    "('V2', 'V8')": 9.036657023079245,
    "('V2', 'V9')": 10.193448872957967,
    "('V2', 'V10')": 4.322419593989777,
    "('V2', 'V11')": 8.481453593890238,
    "('V2', 'V12')": 2.732558020605006,
    "('V3', 'D1')": 10.163228396989137,
    "('V3', 'D2')": 12.519679434479505,
    "('V3', 'D3')": 11.382761843384863,
    "('V3', 'V1')": 7.496906094622252,
    "('V3', 'V2')": 8.40125162783952,
    "('V3', 'V4')": 3.258354821099478,
    "('V3', 'V5')": 8.420528456823641,
    "('V3', 'V6')": 5.134073282451486,
    "('V3', 'V7')": 7.569979369042629,
    "('V3', 'V8')": 3.868262029032458,
    "('V3', 'V9')": 5.973671298653931,
    "('V3', 'V10')": 12.723071001341198,
    "('V3', 'V11')": 1.6426793783099503,
    "('V3', 'V12')": 6.0388311782253785,
    "('V4', 'D1')": 7.0170566702374675,
    "('V4', 'D2')": 9.345890571532836,
    "('V4', 'D3')": 8.124582610684019,
    "('V4', 'V1')": 4.7409238695046,
    "('V4', 'V2')": 8.485481087029541,
    "('V4', 'V3')": 3.258354821099478,
    "('V4', 'V5')": 9.903281242070253,
    "('V4', 'V6')": 7.829234043541095,
    "('V4', 'V7')": 9.714084747951883,
    "('V4', 'V8')": 7.080487622881302,
    "('V4', 'V9')": 2.7897619761945824,
    "('V4', 'V10')": 12.569800660792696,
    "('V4', 'V11')": 1.6393315485316715,
    "('V4', 'V12')": 5.757906377143664,
    "('V5', 'D1')": 16.119519746160584,
    "('V5', 'D2')": 15.834523622090629,
    "('V5', 'D3')": 16.121384503551923,
    "('V5', 'V1')": 10.543089163790958,
    "('V5', 'V2')": 3.959102382720091,
    "('V5', 'V3')": 8.420528456823641,
    "('V5', 'V4')": 9.903281242070253,
    "('V5', 'V6')": 4.657829859901083,
    "('V5', 'V7')": 2.2326242852436957,
    "('V5', 'V8')": 7.25657485334416,
    "('V5', 'V9')": 12.267793365622733,
    "('V5', 'V10')": 6.5526125073021815,
    "('V5', 'V11')": 9.222068131539562,
    "('V5', 'V12')": 5.248644080801677,
    "('V6', 'D1')": 14.805177342430259,
    "('V6', 'D2')": 16.046656042651186,
    "('V6', 'D3')": 15.54319628281809,
    "('V6', 'V1')": 10.54364667338184,
    "('V6', 'V2')": 7.005272484568633,
    "('V6', 'V3')": 5.134073282451486,
    "('V6', 'V4')": 7.829234043541095,
    "('V6', 'V5')": 4.657829859901083,
    "('V6', 'V7')": 2.8835080605207244,
    "('V6', 'V8')": 2.6495170087834823,
    "('V6', 'V9')": 10.595243524059253,
    "('V6', 'V10')": 10.793742923406194,
    "('V6', 'V11')": 6.52817885237512,
    "('V6', 'V12')": 6.241720257248182,
    "('V7', 'D1')": 16.406410296921997,
    "('V7', 'D2')": 16.805073792787404,
    "('V7', 'D3')": 16.74863984658071,
    "('V7', 'V1')": 11.33638315611832,
    "('V7', 'V2')": 5.786286107635112,
    "('V7', 'V3')": 7.569979369042629,
    "('V7', 'V4')": 9.714084747951883,
    "('V7', 'V5')": 2.2326242852436957,
    "('V7', 'V6')": 2.8835080605207244,
    "('V7', 'V8')": 5.52197865149474,
    "('V7', 'V9')": 12.329066667471231,
    "('V7', 'V10')": 8.781536251102114,
    "('V7', 'V11')": 8.703527377563281,
    "('V7', 'V12')": 6.239661677227467,
    "('V8', 'D1')": 14.031323241069567,
    "('V8', 'D2')": 16.122603672192135,
    "('V8', 'D3')": 15.181434494775232,
    "('V8', 'V1')": 10.813347644353932,
    "('V8', 'V2')": 9.036657023079245,
    "('V8', 'V3')": 3.868262029032458,
    "('V8', 'V4')": 7.080487622881302,
    "('V8', 'V5')": 7.25657485334416,
    "('V8', 'V6')": 2.6495170087834823,
    "('V8', 'V7')": 5.52197865149474,
    "('V8', 'V9')": 9.833790683801109,
    "('V8', 'V10')": 13.101286282077808,
    "('V8', 'V11')": 5.504155923221895,
    "('V8', 'V12')": 7.592166526309943,
    "('V9', 'D1')": 4.2273146287348276,
    "('V9', 'D2')": 7.177069615385202,
    "('V9', 'D3')": 5.524718531494581,
    "('V9', 'V1')": 4.109342119639782,
    "('V9', 'V2')": 10.193448872957967,
    "('V9', 'V3')": 5.973671298653931,
    "('V9', 'V4')": 2.7897619761945824,
    "('V9', 'V5')": 12.267793365622733,
    "('V9', 'V6')": 10.595243524059253,
    "('V9', 'V7')": 12.329066667471231,
    "('V9', 'V8')": 9.833790683801109,
    "('V9', 'V10')": 13.88990726480516,
    "('V9', 'V11')": 4.331712261317281,
    "('V9', 'V12')": 7.526379629157418,
    "('V10', 'D1')": 16.6131917116422,
    "('V10', 'D2')": 14.237147205135903,
    "('V10', 'D3')": 15.598565909668872,
    "('V10', 'V1')": 10.439383348785144,
    "('V10', 'V2')": 4.322419593989777,
    "('V10', 'V3')": 12.723071001341198,
    "('V10', 'V4')": 12.569800660792696,
    "('V10', 'V5')": 6.5526125073021815,
    "('V10', 'V6')": 10.793742923406194,
    "('V10', 'V7')": 8.781536251102114,
    "('V10', 'V8')": 13.101286282077808,
    "('V10', 'V9')": 13.88990726480516,
    "('V10', 'V11')": 12.73766688402564,
    "('V10', 'V12')": 6.879915989900785,
    "('V11', 'D1')": 8.52986574106372,
    "('V11', 'D2')": 10.970646427499009,
    "('V11', 'D3')": 9.751941357942577,
    "('V11', 'V1')": 6.159920077006538,
    "('V11', 'V2')": 8.481453593890238,
    "('V11', 'V3')": 1.6426793783099503,
    "('V11', 'V4')": 1.6393315485316715,
    "('V11', 'V5')": 9.222068131539562,
    "('V11', 'V6')": 6.52817885237512,
    "('V11', 'V7')": 8.703527377563281,
    "('V11', 'V8')": 5.504155923221895,
    "('V11', 'V9')": 4.331712261317281,
    "('V11', 'V10')": 12.73766688402564,
    "('V11', 'V12')": 5.866409522957231,
    "('V12', 'D1')": 11.050553803904219,
    "('V12', 'D2')": 10.633672244661323,
    "('V12', 'D3')": 10.885683143511859,
    "('V12', 'V1')": 5.295041655158417,
    "('V12', 'V2')": 2.732558020605006,
    "('V12', 'V3')": 6.0388311782253785,
    "('V12', 'V4')": 5.757906377143664,
    "('V12', 'V5')": 5.248644080801677,
    "('V12', 'V6')": 6.241720257248182,
    "('V12', 'V7')": 6.239661677227467,
    "('V12', 'V8')": 7.592166526309943,
    "('V12', 'V9')": 7.526379629157418,
    "('V12', 'V10')": 6.879915989900785,
    "('V12', 'V11')": 5.866409522957231
  },
  "waktu": {
    "('F1', 'D1')": 18.398584622928844,
    "('F1', 'D2')": 19.821377535377938,
    "('F1', 'D3')": 19.239173956566145,
    "('F2', 'D1')": 9.636872972526318,
    "('F2', 'D2')": 13.049925655210865,
    "('F2', 'D3')": 11.250642396471394,
    "('F3', 'D1')": 13.083756091527606,
    "('F3', 'D2')": 9.659876698974996,
    "('F3', 'D3')": 11.382269185444562,
    "('F4', 'D1')": 12.145696133489315,
    "('F4', 'D2')": 9.28918049384502,
    "('F4', 'D3')": 10.58300382992292,
    "('F5', 'D1')": 20.659082081562236,
    "('F5', 'D2')": 18.524948084896163,
    "('F5', 'D3')": 19.76056856074232,
    "('F6', 'D1')": 16.88335332222171,
    "('F6', 'D2')": 18.91330798377123,
    "('F6', 'D3')": 18.005438798261785,
    "('D1', 'D2')": 5.204227634915027,
    "('D1', 'D3')": 2.5522305597804933,
    "('D1', 'V1')": 6.184536202231657,
    "('D1', 'V2')": 13.498601872958506,
    "('D1', 'V3')": 10.163228396989137,
    "('D1', 'V4')": 7.0170566702374675,
    "('D1', 'V5')": 16.119519746160584,
    "('D1', 'V6')": 14.805177342430259,
    "('D1', 'V7')": 16.406410296921997,
    "('D1', 'V8')": 14.031323241069567,
    "('D1', 'V9')": 4.2273146287348276,
    "('D1', 'V10')": 16.6131917116422,
    "('D1', 'V11')": 8.52986574106372,
    "('D1', 'V12')": 11.050553803904219,
    "('D2', 'D1')": 5.204227634915027,
    "('D2', 'D3')": 2.6998014008486413,
    "('D2', 'V1')": 5.518045453672089,
    "('D2', 'V2')": 12.334700516538868,
    "('D2', 'V3')": 12.519679434479505,
    "('D2', 'V4')": 9.345890571532836,
    "('D2', 'V5')": 15.834523622090629,
    "('D2', 'V6')": 16.046656042651186,
    "('D2', 'V7')": 16.805073792787404,
    "('D2', 'V8')": 16.122603672192135,
    "('D2', 'V9')": 7.177069615385202,
    "('D2', 'V10')": 14.237147205135903,
    "('D2', 'V11')": 10.970646427499009,
    "('D2', 'V12')": 10.633672244661323,
    "('D3', 'D1')": 2.5522305597804933,
    "('D3', 'D2')": 2.6998014008486413,
    "('D3', 'V1')": 5.611861223327973,
    "('D3', 'V2')": 13.026242252929213,
    "('D3', 'V3')": 11.382761843384863,
    "('D3', 'V4')": 8.124582610684019,
    "('D3', 'V5')": 16.121384503551923,
    "('D3', 'V6')": 15.54319628281809,
    "('D3', 'V7')": 16.74863984658071,
    "('D3', 'V8')": 15.181434494775232,
    "('D3', 'V9')": 5.524718531494581,
    "('D3', 'V10')": 15.598565909668872,
    "('D3', 'V11')": 9.751941357942577,
    "('D3', 'V12')": 10.885683143511859,
    "('V1', 'D1')": 6.184536202231657,
    "('V1', 'D2')": 5.518045453672089,
    "('V1', 'D3')": 5.611861223327973,
    "('V1', 'V2')": 7.447562293197755,
    "('V1', 'V3')": 7.496906094622252,
    "('V1', 'V4')": 4.7409238695046,
    "('V1', 'V5')": 10.543089163790958,
    "('V1', 'V6')": 10.54364667338184,
    "('V1', 'V7')": 11.33638315611832,
    "('V1', 'V8')": 10.813347644353932,
    "('V1', 'V9')": 4.109342119639782,
    "('V1', 'V10')": 10.439383348785144,
    "('V1', 'V11')": 6.159920077006538,
    "('V1', 'V12')": 5.295041655158417,
    "('V2', 'D1')": 13.498601872958506,
    "('V2', 'D2')": 12.334700516538868,
    "('V2', 'D3')": 13.026242252929213,
    "('V2', 'V1')": 7.447562293197755,
    "('V2', 'V3')": 8.40125162783952,
    "('V2', 'V4')": 8.485481087029541,
    "('V2', 'V5')": 3.959102382720091,
    "('V2', 'V6')": 7.005272484568633,
    "('V2', 'V7')": 5.786286107635112,
    "('V2', 'V8')": 9.036657023079245,
    "('V2', 'V9')": 10.193448872957967,
    "('V2', 'V10')": 4.322419593989777,
    "('V2', 'V11')": 8.481453593890238,
    "('V2', 'V12')": 2.732558020605006,
    "('V3', 'D1')": 10.163228396989137,
    "('V3', 'D2')": 12.519679434479505,
    "('V3', 'D3')": 11.382761843384863,
    "('V3', 'V1')": 7.496906094622252,
    "('V3', 'V2')": 8.40125162783952,
    "('V3', 'V4')": 3.258354821099478,
    "('V3', 'V5')": 8.420528456823641,
    "('V3', 'V6')": 5.134073282451486,
    "('V3', 'V7')": 7.569979369042629,
    "('V3', 'V8')": 3.868262029032458,
    "('V3', 'V9')": 5.973671298653931,
    "('V3', 'V10')": 12.723071001341198,
    "('V3', 'V11')": 1.6426793783099503,
    "('V3', 'V12')": 6.0388311782253785,
    "('V4', 'D1')": 7.0170566702374675,
    "('V4', 'D2')": 9.345890571532836,
    "('V4', 'D3')": 8.124582610684019,
    "('V4', 'V1')": 4.7409238695046,
    "('V4', 'V2')": 8.485481087029541,
    "('V4', 'V3')": 3.258354821099478,
    "('V4', 'V5')": 9.903281242070253,
    "('V4', 'V6')": 7.829234043541095,
    "('V4', 'V7')": 9.714084747951883,
    "('V4', 'V8')": 7.080487622881302,
    "('V4', 'V9')": 2.7897619761945824,
    "('V4', 'V10')": 12.569800660792696,
    "('V4', 'V11')": 1.6393315485316715,
    "('V4', 'V12')": 5.757906377143664,
    "('V5', 'D1')": 16.119519746160584,
    "('V5', 'D2')": 15.834523622090629,
    "('V5', 'D3')": 16.121384503551923,
    "('V5', 'V1')": 10.543089163790958,
    "('V5', 'V2')": 3.959102382720091,
    "('V5', 'V3')": 8.420528456823641,
    "('V5', 'V4')": 9.903281242070253,
    "('V5', 'V6')": 4.657829859901083,
    "('V5', 'V7')": 2.2326242852436957,
    "('V5', 'V8')": 7.25657485334416,
    "('V5', 'V9')": 12.267793365622733,
    "('V5', 'V10')": 6.5526125073021815,
    "('V5', 'V11')": 9.222068131539562,
    "('V5', 'V12')": 5.248644080801677,
    "('V6', 'D1')": 14.805177342430259,
    "('V6', 'D2')": 16.046656042651186,
    "('V6', 'D3')": 15.54319628281809,
    "('V6', 'V1')": 10.54364667338184,
    "('V6', 'V2')": 7.005272484568633,
    "('V6', 'V3')": 5.134073282451486,
    "('V6', 'V4')": 7.829234043541095,
    "('V6', 'V5')": 4.657829859901083,
    "('V6', 'V7')": 2.8835080605207244,
    "('V6', 'V8')": 2.6495170087834823,
    "('V6', 'V9')": 10.595243524059253,
    "('V6', 'V10')": 10.793742923406194,
    "('V6', 'V11')": 6.52817885237512,
    "('V6', 'V12')": 6.241720257248182,
    "('V7', 'D1')": 16.406410296921997,
    "('V7', 'D2')": 16.805073792787404,
    "('V7', 'D3')": 16.74863984658071,
    "('V7', 'V1')": 11.33638315611832,
    "('V7', 'V2')": 5.786286107635112,
    "('V7', 'V3')": 7.569979369042629,
    "('V7', 'V4')": 9.714084747951883,
    "('V7', 'V5')": 2.2326242852436957,
    "('V7', 'V6')": 2.8835080605207244,
    "('V7', 'V8')": 5.52197865149474,
    "('V7', 'V9')": 12.329066667471231,
    "('V7', 'V10')": 8.781536251102114,
    "('V7', 'V11')": 8.703527377563281,
    "('V7', 'V12')": 6.239661677227467,
    "('V8', 'D1')": 14.031323241069567,
    "('V8', 'D2')": 16.122603672192135,
    "('V8', 'D3')": 15.181434494775232,
    "('V8', 'V1')": 10.813347644353932,
    "('V8', 'V2')": 9.036657023079245,
    "('V8', 'V3')": 3.868262029032458,
    "('V8', 'V4')": 7.080487622881302,
    "('V8', 'V5')": 7.25657485334416,
    "('V8', 'V6')": 2.6495170087834823,
    "('V8', 'V7')": 5.52197865149474,
    "('V8', 'V9')": 9.833790683801109,
    "('V8', 'V10')": 13.101286282077808,
    "('V8', 'V11')": 5.504155923221895,
    "('V8', 'V12')": 7.592166526309943,
    "('V9', 'D1')": 4.2273146287348276,
    "('V9', 'D2')": 7.177069615385202,
    "('V9', 'D3')": 5.524718531494581,
    "('V9', 'V1')": 4.109342119639782,
    "('V9', 'V2')": 10.193448872957967,
    "('V9', 'V3')": 5.973671298653931,
    "('V9', 'V4')": 2.7897619761945824,
    "('V9', 'V5')": 12.267793365622733,
    "('V9', 'V6')": 10.595243524059253,
    "('V9', 'V7')": 12.329066667471231,
    "('V9', 'V8')": 9.833790683801109,
    "('V9', 'V10')": 13.88990726480516,
    "('V9', 'V11')": 4.331712261317281,
    "('V9', 'V12')": 7.526379629157418,
    "('V10', 'D1')": 16.6131917116422,
    "('V10', 'D2')": 14.237147205135903,
    "('V10', 'D3')": 15.598565909668872,
    "('V10', 'V1')": 10.439383348785144,
    "('V10', 'V2')": 4.322419593989777,
    "('V10', 'V3')": 12.723071001341198,
    "('V10', 'V4')": 12.569800660792696,
    "('V10', 'V5')": 6.5526125073021815,
    "('V10', 'V6')": 10.793742923406194,
    "('V10', 'V7')": 8.781536251102114,
    "('V10', 'V8')": 13.101286282077808,
    "('V10', 'V9')": 13.88990726480516,
    "('V10', 'V11')": 12.73766688402564,
    "('V10', 'V12')": 6.879915989900785,
    "('V11', 'D1')": 8.52986574106372,
    "('V11', 'D2')": 10.970646427499009,
    "('V11', 'D3')": 9.751941357942577,
    "('V11', 'V1')": 6.159920077006538,
    "('V11', 'V2')": 8.481453593890238,
    "('V11', 'V3')": 1.6426793783099503,
    "('V11', 'V4')": 1.6393315485316715,
    "('V11', 'V5')": 9.222068131539562,
    "('V11', 'V6')": 6.52817885237512,
    "('V11', 'V7')": 8.703527377563281,
    "('V11', 'V8')": 5.504155923221895,
    "('V11', 'V9')": 4.331712261317281,
    "('V11', 'V10')": 12.73766688402564,
    "('V11', 'V12')": 5.866409522957231,
    "('V12', 'D1')": 11.050553803904219,
    "('V12', 'D2')": 10.633672244661323,
    "('V12', 'D3')": 10.885683143511859,
    "('V12', 'V1')": 5.295041655158417,
    "('V12', 'V2')": 2.732558020605006,
    "('V12', 'V3')": 6.0388311782253785,
    "('V12', 'V4')": 5.757906377143664,
    "('V12', 'V5')": 5.248644080801677,
    "('V12', 'V6')": 6.241720257248182,
    "('V12', 'V7')": 6.239661677227467,
    "('V12', 'V8')": 7.592166526309943,
    "('V12', 'V9')": 7.526379629157418,
    "('V12', 'V10')": 6.879915989900785,
    "('V12', 'V11')": 5.866409522957231
  },
  "truck_arcs": [
    {
      "p": "F1",
      "j": "D1",
      "cost": 18.398584622928844
    },
    {
      "p": "F1",
      "j": "D2",
      "cost": 19.821377535377938
    },
    {
      "p": "F1",
      "j": "D3",
      "cost": 19.239173956566145
    },
    {
      "p": "F2",
      "j": "D1",
      "cost": 9.636872972526318
    },
    {
      "p": "F2",
      "j": "D2",
      "cost": 13.049925655210865
    },
    {
      "p": "F2",
      "j": "D3",
      "cost": 11.250642396471394
    },
    {
      "p": "F3",
      "j": "D1",
      "cost": 13.083756091527606
    },
    {
      "p": "F3",
      "j": "D2",
      "cost": 9.659876698974996
    },
    {
      "p": "F3",
      "j": "D3",
      "cost": 11.382269185444562
    },
    {
      "p": "F4",
      "j": "D1",
      "cost": 12.145696133489315
    },
    {
      "p": "F4",
      "j": "D2",
      "cost": 9.28918049384502
    },
    {
      "p": "F4",
      "j": "D3",
      "cost": 10.58300382992292
    },
    {
      "p": "F5",
      "j": "D1",
      "cost": 20.659082081562236
    },
    {
      "p": "F5",
      "j": "D2",
      "cost": 18.524948084896163
    },
    {
      "p": "F5",
      "j": "D3",
      "cost": 19.76056856074232
    },
    {
      "p": "F6",
      "j": "D1",
      "cost": 16.88335332222171
    },
    {
      "p": "F6",
      "j": "D2",
      "cost": 18.91330798377123
    },
    {
      "p": "F6",
      "j": "D3",
      "cost": 18.005438798261785
    }
  ],
  "uav_arcs": [
    {
      "u": "D1",
      "v": "D2",
      "cost": 3.469485089943351
    },
    {
      "u": "D1",
      "v": "D3",
      "cost": 1.7014870398536623
    },
    {
      "u": "D1",
      "v": "V1",
      "cost": 4.1230241348211045
    },
    {
      "u": "D1",
      "v": "V2",
      "cost": 8.99906791530567
    },
    {
      "u": "D1",
      "v": "V3",
      "cost": 6.775485597992758
    },
    {
      "u": "D1",
      "v": "V4",
      "cost": 4.678037780158311
    },
    {
      "u": "D1",
      "v": "V5",
      "cost": 10.746346497440388
    },
    {
      "u": "D1",
      "v": "V6",
      "cost": 9.870118228286838
    },
    {
      "u": "D1",
      "v": "V7",
      "cost": 10.937606864614665
    },
    {
      "u": "D1",
      "v": "V8",
      "cost": 9.354215494046377
    },
    {
      "u": "D1",
      "v": "V9",
      "cost": 2.818209752489885
    },
    {
      "u": "D1",
      "v": "V10",
      "cost": 11.0754611410948
    },
    {
      "u": "D1",
      "v": "V11",
      "cost": 5.686577160709146
    },
    {
      "u": "D1",
      "v": "V12",
      "cost": 7.367035869269478
    },
    {
      "u": "D2",
      "v": "D1",
      "cost": 3.469485089943351
    },
    {
      "u": "D2",
      "v": "D3",
      "cost": 1.799867600565761
    },
    {
      "u": "D2",
      "v": "V1",
      "cost": 3.6786969691147258
    },
    {
      "u": "D2",
      "v": "V2",
      "cost": 8.223133677692578
    },
    {
      "u": "D2",
      "v": "V3",
      "cost": 8.34645295631967
    },
    {
      "u": "D2",
      "v": "V4",
      "cost": 6.230593714355224
    },
    {
      "u": "D2",
      "v": "V5",
      "cost": 10.556349081393753
    },
    {
      "u": "D2",
      "v": "V6",
      "cost": 10.69777069510079
    },
    {
      "u": "D2",
      "v": "V7",
      "cost": 11.203382528524935
    },
    {
      "u": "D2",
      "v": "V8",
      "cost": 10.748402448128092
    },
    {
      "u": "D2",
      "v": "V9",
      "cost": 4.784713076923468
    },
    {
      "u": "D2",
      "v": "V10",
      "cost": 9.491431470090603
    },
    {
      "u": "D2",
      "v": "V11",
      "cost": 7.31376428499934
    },
    {
      "u": "D2",
      "v": "V12",
      "cost": 7.089114829774216
    },
    {
      "u": "D3",
      "v": "D1",
      "cost": 1.7014870398536623
    },
    {
      "u": "D3",
      "v": "D2",
      "cost": 1.799867600565761
    },
    {
      "u": "D3",
      "v": "V1",
      "cost": 3.7412408155519823
    },
    {
      "u": "D3",
      "v": "V2",
      "cost": 8.68416150195281
    },
    {
      "u": "D3",
      "v": "V3",
      "cost": 7.588507895589909
    },
    {
      "u": "D3",
      "v": "V4",
      "cost": 5.41638840712268
    },
    {
      "u": "D3",
      "v": "V5",
      "cost": 10.747589669034616
    },
    {
      "u": "D3",
      "v": "V6",
      "cost": 10.36213085521206
    },
    {
      "u": "D3",
      "v": "V7",
      "cost": 11.165759897720474
    },
    {
      "u": "D3",
      "v": "V8",
      "cost": 10.120956329850154
    },
    {
      "u": "D3",
      "v": "V9",
      "cost": 3.683145687663054
    },
    {
      "u": "D3",
      "v": "V10",
      "cost": 10.399043939779249
    },
    {
      "u": "D3",
      "v": "V11",
      "cost": 6.501294238628385
    },
    {
      "u": "D3",
      "v": "V12",
      "cost": 7.257122095674573
    },
    {
      "u": "V1",
      "v": "D1",
      "cost": 4.1230241348211045
    },
    {
      "u": "V1",
      "v": "D2",
      "cost": 3.6786969691147258
    },
    {
      "u": "V1",
      "v": "D3",
      "cost": 3.7412408155519823
    },
    {
      "u": "V1",
      "v": "V2",
      "cost": 4.965041528798504
    },
    {
      "u": "V1",
      "v": "V3",
      "cost": 4.9979373964148355
    },
    {
      "u": "V1",
      "v": "V4",
      "cost": 3.1606159130030664
    },
    {
      "u": "V1",
      "v": "V5",
      "cost": 7.028726109193972
    },
    {
      "u": "V1",
      "v": "V6",
      "cost": 7.029097782254559
    },
    {
      "u": "V1",
      "v": "V7",
      "cost": 7.557588770745546
    },
    {
      "u": "V1",
      "v": "V8",
      "cost": 7.208898429569288
    },
    {
      "u": "V1",
      "v": "V9",
      "cost": 2.7395614130931882
    },
    {
      "u": "V1",
      "v": "V10",
      "cost": 6.959588899190096
    },
    {
      "u": "V1",
      "v": "V11",
      "cost": 4.106613384671025
    },
    {
      "u": "V1",
      "v": "V12",
      "cost": 3.5300277701056113
    },
    {
      "u": "V2",
      "v": "D1",
      "cost": 8.99906791530567
    },
    {
      "u": "V2",
      "v": "D2",
      "cost": 8.223133677692578
    },
    {
      "u": "V2",
      "v": "D3",
      "cost": 8.68416150195281
    },
    {
      "u": "V2",
      "v": "V1",
      "cost": 4.965041528798504
    },
    {
      "u": "V2",
      "v": "V3",
      "cost": 5.60083441855968
    },
    {
      "u": "V2",
      "v": "V4",
      "cost": 5.656987391353027
    },
    {
      "u": "V2",
      "v": "V5",
      "cost": 2.6394015884800606
    },
    {
      "u": "V2",
      "v": "V6",
      "cost": 4.670181656379088
    },
    {
      "u": "V2",
      "v": "V7",
      "cost": 3.8575240717567416
    },
    {
      "u": "V2",
      "v": "V8",
      "cost": 6.024438015386163
    },
    {
      "u": "V2",
      "v": "V9",
      "cost": 6.795632581971978
    },
    {
      "u": "V2",
      "v": "V10",
      "cost": 2.8816130626598517
    },
    {
      "u": "V2",
      "v": "V11",
      "cost": 5.654302395926825
    },
    {
      "u": "V2",
      "v": "V12",
      "cost": 1.8217053470700042
    },
    {
      "u": "V3",
      "v": "D1",
      "cost": 6.775485597992758
    },
    {
      "u": "V3",
      "v": "D2",
      "cost": 8.34645295631967
    },
    {
      "u": "V3",
      "v": "D3",
      "cost": 7.588507895589909
    },
    {
      "u": "V3",
      "v": "V1",
      "cost": 4.9979373964148355
    },
    {
      "u": "V3",
      "v": "V2",
      "cost": 5.60083441855968
    },
    {
      "u": "V3",
      "v": "V4",
      "cost": 2.1722365473996517
    },
    {
      "u": "V3",
      "v": "V5",
      "cost": 5.613685637882427
    },
    {
      "u": "V3",
      "v": "V6",
      "cost": 3.422715521634324
    },
    {
      "u": "V3",
      "v": "V7",
      "cost": 5.046652912695086
    },
    {
      "u": "V3",
      "v": "V8",
      "cost": 2.5788413526883054
    },
    {
      "u": "V3",
      "v": "V9",
      "cost": 3.982447532435954
    },
    {
      "u": "V3",
      "v": "V10",
      "cost": 8.482047334227465
    },
    {
      "u": "V3",
      "v": "V11",
      "cost": 1.0951195855399667
    },
    {
      "u": "V3",
      "v": "V12",
      "cost": 4.025887452150252
    },
    {
      "u": "V4",
      "v": "D1",
      "cost": 4.678037780158311
    },
    {
      "u": "V4",
      "v": "D2",
      "cost": 6.230593714355224
    },
    {
      "u": "V4",
      "v": "D3",
      "cost": 5.41638840712268
    },
    {
      "u": "V4",
      "v": "V1",
      "cost": 3.1606159130030664
    },
    {
      "u": "V4",
      "v": "V2",
      "cost": 5.656987391353027
    },
    {
      "u": "V4",
      "v": "V3",
      "cost": 2.1722365473996517
    },
    {
      "u": "V4",
      "v": "V5",
      "cost": 6.602187494713503
    },
    {
      "u": "V4",
      "v": "V6",
      "cost": 5.21948936236073
    },
    {
      "u": "V4",
      "v": "V7",
      "cost": 6.476056498634589
    },
    {
      "u": "V4",
      "v": "V8",
      "cost": 4.720325081920867
    },
    {
      "u": "V4",
      "v": "V9",
      "cost": 1.8598413174630548
    },
    {
      "u": "V4",
      "v": "V10",
      "cost": 8.37986710719513
    },
    {
      "u": "V4",
      "v": "V11",
      "cost": 1.0928876990211145
    },
    {
      "u": "V4",
      "v": "V12",
      "cost": 3.838604251429109
    },
    {
      "u": "V5",
      "v": "D1",
      "cost": 10.746346497440388
    },
    {
      "u": "V5",
      "v": "D2",
      "cost": 10.556349081393753
    },
    {
      "u": "V5",
      "v": "D3",
      "cost": 10.747589669034616
    },
    {
      "u": "V5",
      "v": "V1",
      "cost": 7.028726109193972
    },
    {
      "u": "V5",
      "v": "V2",
      "cost": 2.6394015884800606
    },
    {
      "u": "V5",
      "v": "V3",
      "cost": 5.613685637882427
    },
    {
      "u": "V5",
      "v": "V4",
      "cost": 6.602187494713503
    },
    {
      "u": "V5",
      "v": "V6",
      "cost": 3.105219906600722
    },
    {
      "u": "V5",
      "v": "V7",
      "cost": 1.4884161901624637
    },
    {
      "u": "V5",
      "v": "V8",
      "cost": 4.8377165688961075
    },
    {
      "u": "V5",
      "v": "V9",
      "cost": 8.178528910415155
    },
    {
      "u": "V5",
      "v": "V10",
      "cost": 4.368408338201454
    },
    {
      "u": "V5",
      "v": "V11",
      "cost": 6.148045421026375
    },
    {
      "u": "V5",
      "v": "V12",
      "cost": 3.499096053867784
    },
    {
      "u": "V6",
      "v": "D1",
      "cost": 9.870118228286838
    },
    {
      "u": "V6",
      "v": "D2",
      "cost": 10.69777069510079
    },
    {
      "u": "V6",
      "v": "D3",
      "cost": 10.36213085521206
    },
    {
      "u": "V6",
      "v": "V1",
      "cost": 7.029097782254559
    },
    {
      "u": "V6",
      "v": "V2",
      "cost": 4.670181656379088
    },
    {
      "u": "V6",
      "v": "V3",
      "cost": 3.422715521634324
    },
    {
      "u": "V6",
      "v": "V4",
      "cost": 5.21948936236073
    },
    {
      "u": "V6",
      "v": "V5",
      "cost": 3.105219906600722
    },
    {
      "u": "V6",
      "v": "V7",
      "cost": 1.9223387070138163
    },
    {
      "u": "V6",
      "v": "V8",
      "cost": 1.7663446725223215
    },
    {
      "u": "V6",
      "v": "V9",
      "cost": 7.0634956827061695
    },
    {
      "u": "V6",
      "v": "V10",
      "cost": 7.195828615604129
    },
    {
      "u": "V6",
      "v": "V11",
      "cost": 4.352119234916747
    },
    {
      "u": "V6",
      "v": "V12",
      "cost": 4.161146838165455
    },
    {
      "u": "V7",
      "v": "D1",
      "cost": 10.937606864614665
    },
    {
      "u": "V7",
      "v": "D2",
      "cost": 11.203382528524935
    },
    {
      "u": "V7",
      "v": "D3",
      "cost": 11.165759897720474
    },
    {
      "u": "V7",
      "v": "V1",
      "cost": 7.557588770745546
    },
    {
      "u": "V7",
      "v": "V2",
      "cost": 3.8575240717567416
    },
    {
      "u": "V7",
      "v": "V3",
      "cost": 5.046652912695086
    },
    {
      "u": "V7",
      "v": "V4",
      "cost": 6.476056498634589
    },
    {
      "u": "V7",
      "v": "V5",
      "cost": 1.4884161901624637
    },
    {
      "u": "V7",
      "v": "V6",
      "cost": 1.9223387070138163
    },
    {
      "u": "V7",
      "v": "V8",
      "cost": 3.6813191009964927
    },
    {
      "u": "V7",
      "v": "V9",
      "cost": 8.219377778314154
    },
    {
      "u": "V7",
      "v": "V10",
      "cost": 5.854357500734744
    },
    {
      "u": "V7",
      "v": "V11",
      "cost": 5.802351585042188
    },
    {
      "u": "V7",
      "v": "V12",
      "cost": 4.159774451484978
    },
    {
      "u": "V8",
      "v": "D1",
      "cost": 9.354215494046377
    },
    {
      "u": "V8",
      "v": "D2",
      "cost": 10.748402448128092
    },
    {
      "u": "V8",
      "v": "D3",
      "cost": 10.120956329850154
    },
    {
      "u": "V8",
      "v": "V1",
      "cost": 7.208898429569288
    },
    {
      "u": "V8",
      "v": "V2",
      "cost": 6.024438015386163
    },
    {
      "u": "V8",
      "v": "V3",
      "cost": 2.5788413526883054
    },
    {
      "u": "V8",
      "v": "V4",
      "cost": 4.720325081920867
    },
    {
      "u": "V8",
      "v": "V5",
      "cost": 4.8377165688961075
    },
    {
      "u": "V8",
      "v": "V6",
      "cost": 1.7663446725223215
    },
    {
      "u": "V8",
      "v": "V7",
      "cost": 3.6813191009964927
    },
    {
      "u": "V8",
      "v": "V9",
      "cost": 6.555860455867406
    },
    {
      "u": "V8",
      "v": "V10",
      "cost": 8.73419085471854
    },
    {
      "u": "V8",
      "v": "V11",
      "cost": 3.66943728214793
    },
    {
      "u": "V8",
      "v": "V12",
      "cost": 5.061444350873296
    },
    {
      "u": "V9",
      "v": "D1",
      "cost": 2.818209752489885
    },
    {
      "u": "V9",
      "v": "D2",
      "cost": 4.784713076923468
    },
    {
      "u": "V9",
      "v": "D3",
      "cost": 3.683145687663054
    },
    {
      "u": "V9",
      "v": "V1",
      "cost": 2.7395614130931882
    },
    {
      "u": "V9",
      "v": "V2",
      "cost": 6.795632581971978
    },
    {
      "u": "V9",
      "v": "V3",
      "cost": 3.982447532435954
    },
    {
      "u": "V9",
      "v": "V4",
      "cost": 1.8598413174630548
    },
    {
      "u": "V9",
      "v": "V5",
      "cost": 8.178528910415155
    },
    {
      "u": "V9",
      "v": "V6",
      "cost": 7.0634956827061695
    },
    {
      "u": "V9",
      "v": "V7",
      "cost": 8.219377778314154
    },
    {
      "u": "V9",
      "v": "V8",
      "cost": 6.555860455867406
    },
    {
      "u": "V9",
      "v": "V10",
      "cost": 9.259938176536773
    },
    {
      "u": "V9",
      "v": "V11",
      "cost": 2.887808174211521
    },
    {
      "u": "V9",
      "v": "V12",
      "cost": 5.017586419438278
    },
    {
      "u": "V10",
      "v": "D1",
      "cost": 11.0754611410948
    },
    {
      "u": "V10",
      "v": "D2",
      "cost": 9.491431470090603
    },
    {
      "u": "V10",
      "v": "D3",
      "cost": 10.399043939779249
    },
    {
      "u": "V10",
      "v": "V1",
      "cost": 6.959588899190096
    },
    {
      "u": "V10",
      "v": "V2",
      "cost": 2.8816130626598517
    },
    {
      "u": "V10",
      "v": "V3",
      "cost": 8.482047334227465
    },
    {
      "u": "V10",
      "v": "V4",
      "cost": 8.37986710719513
    },
    {
      "u": "V10",
      "v": "V5",
      "cost": 4.368408338201454
    },
    {
      "u": "V10",
      "v": "V6",
      "cost": 7.195828615604129
    },
    {
      "u": "V10",
      "v": "V7",
      "cost": 5.854357500734744
    },
    {
      "u": "V10",
      "v": "V8",
      "cost": 8.73419085471854
    },
    {
      "u": "V10",
      "v": "V9",
      "cost": 9.259938176536773
    },
    {
      "u": "V10",
      "v": "V11",
      "cost": 8.49177792268376
    },
    {
      "u": "V10",
      "v": "V12",
      "cost": 4.586610659933856
    },
    {
      "u": "V11",
      "v": "D1",
      "cost": 5.686577160709146
    },
    {
      "u": "V11",
      "v": "D2",
      "cost": 7.31376428499934
    },
    {
      "u": "V11",
      "v": "D3",
      "cost": 6.501294238628385
    },
    {
      "u": "V11",
      "v": "V1",
      "cost": 4.106613384671025
    },
    {
      "u": "V11",
      "v": "V2",
      "cost": 5.654302395926825
    },
    {
      "u": "V11",
      "v": "V3",
      "cost": 1.0951195855399667
    },
    {
      "u": "V11",
      "v": "V4",
      "cost": 1.0928876990211145
    },
    {
      "u": "V11",
      "v": "V5",
      "cost": 6.148045421026375
    },
    {
      "u": "V11",
      "v": "V6",
      "cost": 4.352119234916747
    },
    {
      "u": "V11",
      "v": "V7",
      "cost": 5.802351585042188
    },
    {
      "u": "V11",
      "v": "V8",
      "cost": 3.66943728214793
    },
    {
      "u": "V11",
      "v": "V9",
      "cost": 2.887808174211521
    },
    {
      "u": "V11",
      "v": "V10",
      "cost": 8.49177792268376
    },
    {
      "u": "V11",
      "v": "V12",
      "cost": 3.9109396819714872
    },
    {
      "u": "V12",
      "v": "D1",
      "cost": 7.367035869269478
    },
    {
      "u": "V12",
      "v": "D2",
      "cost": 7.089114829774216
    },
    {
      "u": "V12",
      "v": "D3",
      "cost": 7.257122095674573
    },
    {
      "u": "V12",
      "v": "V1",
      "cost": 3.5300277701056113
    },
    {
      "u": "V12",
      "v": "V2",
      "cost": 1.8217053470700042
    },
    {
      "u": "V12",
      "v": "V3",
      "cost": 4.025887452150252
    },
    {
      "u": "V12",
      "v": "V4",
      "cost": 3.838604251429109
    },
    {
      "u": "V12",
      "v": "V5",
      "cost": 3.499096053867784
    },
    {
      "u": "V12",
      "v": "V6",
      "cost": 4.161146838165455
    },
    {
      "u": "V12",
      "v": "V7",
      "cost": 4.159774451484978
    },
    {
      "u": "V12",
      "v": "V8",
      "cost": 5.061444350873296
    },
    {
      "u": "V12",
      "v": "V9",
      "cost": 5.017586419438278
    },
    {
      "u": "V12",
      "v": "V10",
      "cost": 4.586610659933856
    },
    {
      "u": "V12",
      "v": "V11",
      "cost": 3.9109396819714872
    }
  ],
  "number_of_uav": null
}