{
  "n_center": 3,
  "n_community": 12,
  "n_warehouse": 6,
  "set_F": [
    "F1",
    "F2",
    "F3",
    "F4",
    "F5",
    "F6"
  ],
  "set_D": [
    "D1",
    "D2",
    "D3"
  ],
  "set_V": [
    "V1",
    "V2",
    "V3",
    "V4",
    "V5",
    "V6",
    "V7",
    "V8",
    "V9",
    "V10",
    "V11",
    "V12"
  ],
  "set_A": [
    "('F1', 'D1')",
    "('F1', 'D2')",
    "('F1', 'D3')",
    "('F2', 'D1')",
    "('F2', 'D2')",
    "('F2', 'D3')",
    "('F3', 'D1')",
    "('F3', 'D2')",
    "('F3', 'D3')",
    "('F4', 'D1')",
    "('F4', 'D2')",
    "('F4', 'D3')",
    "('F5', 'D1')",
    "('F5', 'D2')",
    "('F5', 'D3')",
    "('F6', 'D1')",
    "('F6', 'D2')",
    "('F6', 'D3')",
    "('D1', 'D2')",
    "('D1', 'D3')",
    "('D1', 'V1')",
    "('D1', 'V2')",
    "('D1', 'V3')",
    "('D1', 'V4')",
    "('D1', 'V5')",
    "('D1', 'V6')",
    "('D1', 'V7')",
    "('D1', 'V8')",
    "('D1', 'V9')",
    "('D1', 'V10')",
    "('D1', 'V11')",
    "('D1', 'V12')",
    "('D2', 'D1')",
    "('D2', 'D3')",
    "('D2', 'V1')",
    "('D2', 'V2')",
    "('D2', 'V3')",
    "('D2', 'V4')",
    "('D2', 'V5')",
    "('D2', 'V6')",
    "('D2', 'V7')",
    "('D2', 'V8')",
    "('D2', 'V9')",
    "('D2', 'V10')",
    "('D2', 'V11')",
    "('D2', 'V12')",
    "('D3', 'D1')",
    "('D3', 'D2')",
    "('D3', 'V1')",
    "('D3', 'V2')",
    "('D3', 'V3')",
    "('D3', 'V4')",
    "('D3', 'V5')",
    "('D3', 'V6')",
    "('D3', 'V7')",
    "('D3', 'V8')",
    "('D3', 'V9')",
    "('D3', 'V10')",
    "('D3', 'V11')",
    "('D3', 'V12')",
    "('V1', 'D1')",
    "('V1', 'D2')",
    "('V1', 'D3')",
    "('V1', 'V2')",
    "('V1', 'V3')",
    "('V1', 'V4')",
    "('V1', 'V5')",
    "('V1', 'V6')",
    "('V1', 'V7')",
    "('V1', 'V8')",
    "('V1', 'V9')",
    "('V1', 'V10')",
    "('V1', 'V11')",
    "('V1', 'V12')",
    "('V2', 'D1')",
    "('V2', 'D2')",
    "('V2', 'D3')",
    "('V2', 'V1')",
    "('V2', 'V3')",
    "('V2', 'V4')",
    "('V2', 'V5')",
    "('V2', 'V6')",
    "('V2', 'V7')",
    "('V2', 'V8')",
    "('V2', 'V9')",
    "('V2', 'V10')",
    "('V2', 'V11')",
    "('V2', 'V12')",
    "('V3', 'D1')",
    "('V3', 'D2')",
    "('V3', 'D3')",
    "('V3', 'V1')",
    "('V3', 'V2')",
    "('V3', 'V4')",
    "('V3', 'V5')",
    "('V3', 'V6')",
    "('V3', 'V7')",
    "('V3', 'V8')",
    "('V3', 'V9')",
    "('V3', 'V10')",
    "('V3', 'V11')",
    "('V3', 'V12')",
    "('V4', 'D1')",
    "('V4', 'D2')",
    "('V4', 'D3')",
    "('V4', 'V1')",
    "('V4', 'V2')",
    "('V4', 'V3')",
    "('V4', 'V5')",
    "('V4', 'V6')",
    "('V4', 'V7')",
    "('V4', 'V8')",
    "('V4', 'V9')",
    "('V4', 'V10')",
    "('V4', 'V11')",
    "('V4', 'V12')",
    "('V5', 'D1')",
    "('V5', 'D2')",
    "('V5', 'D3')",
    "('V5', 'V1')",
    "('V5', 'V2')",
    "('V5', 'V3')",
    "('V5', 'V4')",
    "('V5', 'V6')",
    "('V5', 'V7')",
    "('V5', 'V8')",
    "('V5', 'V9')",
    "('V5', 'V10')",
    "('V5', 'V11')",
    "('V5', 'V12')",
    "('V6', 'D1')",
    "('V6', 'D2')",
    "('V6', 'D3')",
    "('V6', 'V1')",
    "('V6', 'V2')",
    "('V6', 'V3')",
    "('V6', 'V4')",
    "('V6', 'V5')",
    "('V6', 'V7')",
    "('V6', 'V8')",
    "('V6', 'V9')",
    "('V6', 'V10')",
    "('V6', 'V11')",
    "('V6', 'V12')",
    "('V7', 'D1')",
    "('V7', 'D2')",
    "('V7', 'D3')",
    "('V7', 'V1')",
    "('V7', 'V2')",
    "('V7', 'V3')",
    "('V7', 'V4')",
    "('V7', 'V5')",
    "('V7', 'V6')",
    "('V7', 'V8')",
    "('V7', 'V9')",
    "('V7', 'V10')",
    "('V7', 'V11')",
    "('V7', 'V12')",
    "('V8', 'D1')",
    "('V8', 'D2')",
    "('V8', 'D3')",
    "('V8', 'V1')",
    "('V8', 'V2')",
    "('V8', 'V3')",
    "('V8', 'V4')",
    "('V8', 'V5')",
    "('V8', 'V6')",
    "('V8', 'V7')",
    "('V8', 'V9')",
    "('V8', 'V10')",
    "('V8', 'V11')",
    "('V8', 'V12')",
    "('V9', 'D1')",
    "('V9', 'D2')",
    "('V9', 'D3')",
    "('V9', 'V1')",
    "('V9', 'V2')",
    "('V9', 'V3')",
    "('V9', 'V4')",
    "('V9', 'V5')",
    "('V9', 'V6')",
    "('V9', 'V7')",
    "('V9', 'V8')",
    "('V9', 'V10')",
    "('V9', 'V11')",
    "('V9', 'V12')",
    "('V10', 'D1')",
    "('V10', 'D2')",
    "('V10', 'D3')",
    "('V10', 'V1')",
    "('V10', 'V2')",
    "('V10', 'V3')",
    "('V10', 'V4')",
    "('V10', 'V5')",
    "('V10', 'V6')",
    "('V10', 'V7')",
    "('V10', 'V8')",
    "('V10', 'V9')",
    "('V10', 'V11')",
    "('V10', 'V12')",
    "('V11', 'D1')",
    "('V11', 'D2')",
    "('V11', 'D3')",
    "('V11', 'V1')",
    "('V11', 'V2')",
    "('V11', 'V3')",
    "('V11', 'V4')",
    "('V11', 'V5')",
    "('V11', 'V6')",
    "('V11', 'V7')",
    "('V11', 'V8')",
    "('V11', 'V9')",
    "('V11', 'V10')",
    "('V11', 'V12')",
    "('V12', 'D1')",
    "('V12', 'D2')",
    "('V12', 'D3')",
    "('V12', 'V1')",
    "('V12', 'V2')",
    "('V12', 'V3')",
    "('V12', 'V4')",
    "('V12', 'V5')",
    "('V12', 'V6')",
    "('V12', 'V7')",
    "('V12', 'V8')",
    "('V12', 'V9')",
    "('V12', 'V10')",
    "('V12', 'V11')"
  ],
  "set_L": [
    "L1",
    "L2",
    "L3",
    "L4",
    "L5"
  ],
  "set_T": [
    "T1",
    "T2",
    "T3",
    "T4",
    "T5",
    "T6",
    "T7",
    "T8"
  ],
  "set_U": [
    "U1",
    "U2",
    "U3",
    "U4",
    "U5",
    "U6",
    "U7",
    "U8",
    "U9",
    "U10",
    "U11",
    "U12"
  ],
  "par_d": {
    "V1": 30,
    "V2": 26,
    "V3": 24,
    "V4": 30,
    "V5": 33,
    "V6": 24,
    "V7": 10,
    "V8": 36,
    "V9": 27,
    "V10": 36,
    "V11": 30,
    "V12": 36
  },
  "par_r": 206,
  "par_n": 250,
  "par_h": 50,
  "par_m": 180,
  "par_v": 23,
  "par_l": {
    "L1": 108,
    "L2": 120,
    "L3": 156,
    "L4": 204,
    "L5": 252
  },
  "par_f": {
    "D1": 86.0,
    "D2": 96.0,
    "D3": 72.0
  },
  "par_o_items": [
    {
      "j": "D1",
      "l": "L1",
      "value": 41.0
    },
    {
      "j": "D1",
      "l": "L2",
      "value": 45.0
    },
    {
      "j": "D1",
      "l": "L3",
      "value": 56.0
    },
    {
      "j": "D1",
      "l": "L4",
      "value": 72.0
    },
    {
      "j": "D1",
      "l": "L5",
      "value": 87.0
    },
    {
      "j": "D2",
      "l": "L1",
      "value": 41.0
    },
    {
      "j": "D2",
      "l": "L2",
      "value": 45.0
    },
    {
      "j": "D2",
      "l": "L3",
      "value": 56.0
    },
    {
      "j": "D2",
      "l": "L4",
      "value": 72.0
    },
    {
      "j": "D2",
      "l": "L5",
      "value": 87.0
    },
    {
      "j": "D3",
      "l": "L1",
      "value": 41.0
    },
    {
      "j": "D3",
      "l": "L2",
      "value": 45.0
    },
    {
      "j": "D3",
      "l": "L3",
      "value": 56.0
    },
    {
      "j": "D3",
      "l": "L4",
      "value": 72.0
    },
    {
      "j": "D3",
      "l": "L5",
      "value": 87.0
    }
  ],
  "par_s_items": [
    {
      "j": "D1",
      "l": "L1",
      "value": 108.0
    },
    {
      "j": "D1",
      "l": "L2",
      "value": 120.0
    },
    {
      "j": "D1",
      "l": "L3",
      "value": 156.0
    },
    {
      "j": "D1",
      "l": "L4",
      "value": 204.0
    },
    {
      "j": "D1",
      "l": "L5",
      "value": 252.0
    },
    {
      "j": "D2",
      "l": "L1",
      "value": 108.0
    },
    {
      "j": "D2",
      "l": "L2",
      "value": 120.0
    },
    {
      "j": "D2",
      "l": "L3",
      "value": 156.0
    },
    {
      "j": "D2",
      "l": "L4",
      "value": 204.0
    },
    {
      "j": "D2",
      "l": "L5",
      "value": 252.0
    },
    {
      "j": "D3",
      "l": "L1",
      "value": 108.0
    },
    {
      "j": "D3",
      "l": "L2",
      "value": 120.0
    },
    {
      "j": "D3",
      "l": "L3",
      "value": 156.0
    },
    {
      "j": "D3",
      "l": "L4",
      "value": 204.0
    },
    {
      "j": "D3",
      "l": "L5",
      "value": 252.0
    }
  ],
  "par_t": 342.0,
  "par_c": {
    "('F1', 'D1')": 7.2832707040832565,
    "('F1', 'D2')": 19.120794864623978,
    "('F1', 'D3')": 6.644268192787752,
    "('F2', 'D1')": 14.649160457035206,
    "('F2', 'D2')": 13.192739050104327,
    "('F2', 'D3')": 17.28672663639326,
    "('F3', 'D1')": 17.811576690899326,
    "('F3', 'D2')": 19.255320715343704,
    "('F3', 'D3')": 15.272830733047806,
    "('F4', 'D1')": 19.684154743413398,
    "('F4', 'D2')": 8.416215267670562,
    "('F4', 'D3')": 19.787075170705375,
    "('F5', 'D1')": 11.239008512086043,
    "('F5', 'D2')": 13.66338780142313,
    "('F5', 'D3')": 14.014930693407228,
    "('F6', 'D1')": 19.69058766350097,
    "('F6', 'D2')": 10.225511022808515,
    "('F6', 'D3')": 19.177273996881034,
    "('D1', 'D2')": 11.965559650033487,
    "('D1', 'D3')": 2.7942265118100145,
    "('D1', 'V1')": 5.2576664272389255,
    "('D1', 'V2')": 6.945410468967581,
    "('D1', 'V3')": 8.144374315457757,
    "('D1', 'V4')": 3.896571614237984,
    "('D1', 'V5')": 11.32642913717656,
    "('D1', 'V6')": 9.187772528709795,
    "('D1', 'V7')": 10.108784671149127,
    "('D1', 'V8')": 3.9907002510660408,
    "('D1', 'V9')": 7.123563901021211,
    "('D1', 'V10')": 8.03716765671653,
    "('D1', 'V11')": 8.831911313747696,
    "('D1', 'V12')": 6.503358833239317,
    "('D2', 'D1')": 11.965559650033487,
    "('D2', 'D3')": 12.77818961492823,
    "('D2', 'V1')": 7.595593323777172,
    "('D2', 'V2')": 11.183138273171874,
    "('D2', 'V3')": 4.491363405744729,
    "('D2', 'V4')": 10.997433467094739,
    "('D2', 'V5')": 7.071898215236784,
    "('D2', 'V6')": 2.890355962741029,
    "('D2', 'V7')": 8.87710073915068,
    "('D2', 'V8')": 8.004552209858877,
    "('D2', 'V9')": 9.509329127855777,
    "('D2', 'V10')": 5.976279616090388,
    "('D2', 'V11')": 3.4754768580575655,
    "('D2', 'V12')": 5.486585178791501,
    "('D3', 'D1')": 2.7942265118100145,
    "('D3', 'D2')": 12.77818961492823,
    "('D3', 'V1')": 5.259908994556667,
    "('D3', 'V2')": 4.890431659483028,
    "('D3', 'V3')": 8.464710502067929,
    "('D3', 'V4')": 2.234331468991405,
    "('D3', 'V5')": 10.475254959062386,
    "('D3', 'V6')": 10.270443100738756,
    "('D3', 'V7')": 8.7680378392223,
    "('D3', 'V8')": 5.062879763287686,
    "('D3', 'V9')": 5.648337056374951,
    "('D3', 'V10')": 7.749857493870607,
    "('D3', 'V11')": 9.365763323095159,
    "('D3', 'V12')": 7.394820276932233,
    "('V1', 'D1')": 5.2576664272389255,
    "('V1', 'D2')": 7.595593323777172,
    "('V1', 'D3')": 5.259908994556667,
    "('V1', 'V2')": 4.511690984702041,
    "('V1', 'V3')": 3.2057266966567144,
    "('V1', 'V4')": 3.4081412689244184,
    "('V1', 'V5')": 6.195121334629137,
    "('V1', 'V6')": 5.354170073711882,
    "('V1', 'V7')": 5.502911383784876,
    "('V1', 'V8')": 2.0490097538299055,
    "('V1', 'V9')": 3.383023706883129,
    "('V1', 'V10')": 2.7803031133403833,
    "('V1', 'V11')": 4.136566994383912,
    "('V1', 'V12')": 2.6087278125103794,
    "('V2', 'D1')": 6.945410468967581,
    "('V2', 'D2')": 11.183138273171874,
    "('V2', 'D3')": 4.890431659483028,
    "('V2', 'V1')": 4.511690984702041,
    "('V2', 'V3')": 6.787940739061474,
    "('V2', 'V4')": 3.04886072369722,
    "('V2', 'V5')": 6.483161271885328,
    "('V2', 'V6')": 9.526926981283802,
    "('V2', 'V7')": 4.296723704905153,
    "('V2', 'V8')": 6.089766834509917,
    "('V2', 'V9')": 1.7056174476351962,
    "('V2', 'V10')": 5.216657484982011,
    "('V2', 'V11')": 7.835065241172967,
    "('V2', 'V12')": 7.048602130635308,
    "('V3', 'D1')": 8.144374315457757,
    "('V3', 'D2')": 4.491363405744729,
    "('V3', 'D3')": 8.464710502067929,
    "('V3', 'V1')": 3.2057266966567144,
    "('V3', 'V2')": 6.787940739061474,
    "('V3', 'V4')": 6.555556394891051,
    "('V3', 'V5')": 4.789835433545369,
    "('V3', 'V6')": 2.914213719858026,
    "('V3', 'V7')": 5.481161818788588,
    "('V3', 'V8')": 4.229478490630803,
    "('V3', 'V9')": 5.172976627447508,
    "('V3', 'V10')": 1.8094739825519286,
    "('V3', 'V11')": 1.0481980654956276,
    "('V3', 'V12')": 2.1035717903090814,
    "('V4', 'D1')": 3.896571614237984,
    "('V4', 'D2')": 10.997433467094739,
    "('V4', 'D3')": 2.234331468991405,
    "('V4', 'V1')": 3.4081412689244184,
    "('V4', 'V2')": 3.04886072369722,
    "('V4', 'V3')": 6.555556394891051,
    "('V4', 'V5')": 8.24100086814564,
    "('V4', 'V6')": 8.714701038267204,
    "('V4', 'V7')": 6.578407625298113,
    "('V4', 'V8')": 3.9820330514723237,
    "('V4', 'V9')": 3.4638720099335365,
    "('V4', 'V10')": 5.626212996394295,
    "('V4', 'V11')": 7.528073068041752,
    "('V4', 'V12')": 5.870168174763947,
    "('V5', 'D1')": 11.32642913717656,
    "('V5', 'D2')": 7.071898215236784,
    "('V5', 'D3')": 10.475254959062386,
    "('V5', 'V1')": 6.195121334629137,
    "('V5', 'V2')": 6.483161271885328,
    "('V5', 'V3')": 4.789835433545369,
    "('V5', 'V4')": 8.24100086814564,
    "('V5', 'V6')": 7.231302758165089,
    "('V5', 'V7')": 2.4292257992167916,
    "('V5', 'V8')": 8.09527671797105,
    "('V5', 'V9')": 5.005377532582437,
    "('V5', 'V10')": 3.591227268897104,
    "('V5', 'V11')": 5.268737797892698,
    "('V5', 'V12')": 6.7419907315445675,
    "('V6', 'D1')": 9.187772528709795,
    "('V6', 'D2')": 2.890355962741029,
    "('V6', 'D3')": 10.270443100738756,
    "('V6', 'V1')": 5.354170073711882,
    "('V6', 'V2')": 9.526926981283802,
    "('V6', 'V3')": 2.914213719858026,
    "('V6', 'V4')": 8.714701038267204,
    "('V6', 'V5')": 7.231302758165089,
    "('V6', 'V7')": 8.326861656630195,
    "('V6', 'V8')": 5.304848253039317,
    "('V6', 'V9')": 7.990164738657821,
    "('V6', 'V10')": 4.723091248033757,
    "('V6', 'V11')": 2.031962279872498,
    "('V6', 'V12')": 2.8792211827368086,
    "('V7', 'D1')": 10.108784671149127,
    "('V7', 'D2')": 8.87710073915068,
    "('V7', 'D3')": 8.7680378392223,
    "('V7', 'V1')": 5.502911383784876,
    "('V7', 'V2')": 4.296723704905153,
    "('V7', 'V3')": 5.481161818788588,
    "('V7', 'V4')": 6.578407625298113,
    "('V7', 'V5')": 2.4292257992167916,
    "('V7', 'V6')": 8.326861656630195,
    "('V7', 'V8')": 7.550738422756643,
    "('V7', 'V9')": 3.120227460094616,
    "('V7', 'V10')": 3.7457742299409142,
    "('V7', 'V11')": 6.299342279546558,
    "('V7', 'V12')": 6.966173334119659,
    "('V8', 'D1')": 3.9907002510660408,
    "('V8', 'D2')": 8.004552209858877,
    "('V8', 'D3')": 5.062879763287686,
    "('V8', 'V1')": 2.0490097538299055,
    "('V8', 'V2')": 6.089766834509917,
    "('V8', 'V3')": 4.229478490630803,
    "('V8', 'V4')": 3.9820330514723237,
    "('V8', 'V5')": 8.09527671797105,
    "('V8', 'V6')": 5.304848253039317,
    "('V8', 'V7')": 7.550738422756643,
    "('V8', 'V9')": 5.275223558750416,
    "('V8', 'V10')": 4.535336507483095,
    "('V8', 'V11')": 4.849114571802923,
    "('V8', 'V12')": 2.521383334390122,
    "('V9', 'D1')": 7.123563901021211,
    "('V9', 'D2')": 9.509329127855777,
    "('V9', 'D3')": 5.648337056374951,
    "('V9', 'V1')": 3.383023706883129,
    "('V9', 'V2')": 1.7056174476351962,
    "('V9', 'V3')": 5.172976627447508,
    "('V9', 'V4')": 3.4638720099335365,
    "('V9', 'V5')": 5.005377532582437,
    "('V9', 'V6')": 7.990164738657821,
    "('V9', 'V7')": 3.120227460094616,
    "('V9', 'V8')": 5.275223558750416,
    "('V9', 'V10')": 3.5334781615887283,
    "('V9', 'V11')": 6.212487856107938,
    "('V9', 'V12')": 5.707520097297894,
    "('V10', 'D1')": 8.03716765671653,
    "('V10', 'D2')": 5.976279616090388,
    "('V10', 'D3')": 7.749857493870607,
    "('V10', 'V1')": 2.7803031133403833,
    "('V10', 'V2')": 5.216657484982011,
    "('V10', 'V3')": 1.8094739825519286,
    "('V10', 'V4')": 5.626212996394295,
    "('V10', 'V5')": 3.591227268897104,
    "('V10', 'V6')": 4.723091248033757,
    "('V10', 'V7')": 3.7457742299409142,
    "('V10', 'V8')": 4.535336507483095,
    "('V10', 'V9')": 3.5334781615887283,
    "('V10', 'V11')": 2.776204777096692,
    "('V10', 'V12')": 3.286565162350653,
    "('V11', 'D1')": 8.831911313747696,
    "('V11', 'D2')": 3.4754768580575655,
    "('V11', 'D3')": 9.365763323095159,
    "('V11', 'V1')": 4.136566994383912,
    "('V11', 'V2')": 7.835065241172967,
    "('V11', 'V3')": 1.0481980654956276,
    "('V11', 'V4')": 7.528073068041752,
    "('V11', 'V5')": 5.268737797892698,
    "('V11', 'V6')": 2.031962279872498,
    "('V11', 'V7')": 6.299342279546558,
    "('V11', 'V8')": 4.849114571802923,
    "('V11', 'V9')": 6.212487856107938,
    "('V11', 'V10')": 2.776204777096692,
    "('V11', 'V12')": 2.421620155012119,
    "('V12', 'D1')": 6.503358833239317,
    "('V12', 'D2')": 5.486585178791501,
    "('V12', 'D3')": 7.394820276932233,
    "('V12', 'V1')": 2.6087278125103794,
    "('V12', 'V2')": 7.048602130635308,
    "('V12', 'V3')": 2.1035717903090814,
    "('V12', 'V4')": 5.870168174763947,
    "('V12', 'V5')": 6.7419907315445675,
    "('V12', 'V6')": 2.8792211827368086,
    "('V12', 'V7')": 6.966173334119659,
    "('V12', 'V8')": 2.521383334390122,
    "('V12', 'V9')": 5.707520097297894,
    "('V12', 'V10')": 3.286565162350653,
    "('V12', 'V11')": 2.421620155012119
  },
  "par_a": [
    108,
    120,
    156,
    204,
    252
  ],
  "_distance": {
    "('F1', 'F1')": 0.0,
    "('F1', 'F2')": 20.473550462384402,
    "('F1', 'F3')": 19.066661457584562,
    "('F1', 'F4')": 26.416162202957924,
    "('F1', 'F5')": 16.280714601314695,
    "('F1', 'F6')": 25.771146679401276,
    "('F1', 'D1')": 7.2832707040832565,
    "('F1', 'D2')": 19.120794864623978,
    "('F1', 'D3')": 6.644268192787752,
    "('F1', 'V1')": 11.819548695391815,
    "('F1', 'V2')": 10.893360342983328,
    "('F1', 'V3')": 14.991132978157852,
    "('F1', 'V4')": 8.837667839873111,
    "('F1', 'V5')": 17.02645896805724,
    "('F1', 'V6')": 16.417903055077815,
    "('F1', 'V7')": 15.118952977279202,
    "('F1', 'V8')": 11.127396221236218,
    "('F1', 'V9')": 12.065290180988098,
    "('F1', 'V10')": 14.390307269929531,
    "('F1', 'V11')": 15.821315445090764,
    "('F1', 'V12')": 13.635820757233061,
    "('F2', 'F1')": 20.473550462384402,
    "('F2', 'F2')": 0.0,
    "('F2', 'F3')": 30.146741874372513,
    "('F2', 'F4')": 20.34153101407466,
    "('F2', 'F5')": 4.57869370001229,
    "('F2', 'F6')": 23.196143527367965,
    "('F2', 'D1')": 14.649160457035206,
    "('F2', 'D2')": 13.192739050104327,
    "('F2', 'D3')": 17.28672663639326,
    "('F2', 'V1')": 15.069562108291139,
    "('F2', 'V2')": 19.472134271628565,
    "('F2', 'V3')": 14.411517563737888,
    "('F2', 'V4')": 17.17079028862322,
    "('F2', 'V5')": 19.07284331448518,
    "('F2', 'V6')": 11.869988474026075,
    "('F2', 'V7')": 19.820511230059726,
    "('F2', 'V8')": 13.396527764489003,
    "('F2', 'V9')": 18.44423085137096,
    "('F2', 'V10')": 16.076197426450985,
    "('F2', 'V11')": 13.804966037186801,
    "('F2', 'V12')": 12.911570269415703,
    "('F3', 'F1')": 19.066661457584562,
    "('F3', 'F2')": 30.146741874372513,
    "('F3', 'F3')": 0.0,
    "('F3', 'F4')": 20.29244741048009,
    "('F3', 'F5')": 28.107705996410576,
    "('F3', 'F6')": 16.714881406053735,
    "('F3', 'D1')": 17.811576690899326,
    "('F3', 'D2')": 19.255320715343704,
    "('F3', 'D3')": 15.272830733047806,
    "('F3', 'V1')": 15.143201399022567,
    "('F3', 'V2')": 11.08793502237609,
    "('F3', 'V3')": 16.030320591518922,
    "('F3', 'V4')": 14.014992842486391,
    "('F3', 'V5')": 12.195993198949976,
    "('F3', 'V6')": 18.90452261733729,
    "('F3', 'V7')": 10.58158203100756,
    "('F3', 'V8')": 17.017257893157723,
    "('F3', 'V9')": 11.766634871683285,
    "('F3', 'V10')": 14.243008165763593,
    "('F3', 'V11')": 16.87992653841178,
    "('F3', 'V12')": 17.25220274869749,
    "('F4', 'F1')": 26.416162202957924,
    "('F4', 'F2')": 20.34153101407466,
    "('F4', 'F3')": 20.29244741048009,
    "('F4', 'F4')": 0.0,
    "('F4', 'F5')": 21.732419487631173,
    "('F4', 'F6')": 4.341391322954075,
    "('F4', 'D1')": 19.684154743413398,
    "('F4', 'D2')": 8.416215267670562,
    "('F4', 'D3')": 19.787075170705375,
    "('F4', 'V1')": 14.62081173860709,
    "('F4', 'V2')": 16.57362625233329,
    "('F4', 'V3')": 11.542733434962566,
    "('F4', 'V4')": 17.66458864000285,
    "('F4', 'V5')": 10.211971232171948,
    "('F4', 'V6')": 11.21717561339851,
    "('F4', 'V7')": 12.628671340349523,
    "('F4', 'V8')": 15.729006051318457,
    "('F4', 'V9')": 14.953331760656203,
    "('F4', 'V10')": 12.043710571296238,
    "('F4', 'V11')": 10.89448093225295,
    "('F4', 'V12')": 13.304979318540113,
    "('F5', 'F1')": 16.280714601314695,
    "('F5', 'F2')": 4.57869370001229,
    "('F5', 'F3')": 28.107705996410576,
    "('F5', 'F4')": 21.732419487631173,
    "('F5', 'F5')": 0.0,
    "('F5', 'F6')": 23.877312873169892,
    "('F5', 'D1')": 11.239008512086043,
    "('F5', 'D2')": 13.66338780142313,
    "('F5', 'D3')": 14.014930693407228,
    "('F5', 'V1')": 13.056450989799805,
    "('F5', 'V2')": 17.075015480476594,
    "('F5', 'V3')": 13.388205530954139,
    "('F5', 'V4')": 14.38788355793136,
    "('F5', 'V5')": 18.172714490698027,
    "('F5', 'V6')": 11.505520144728527,
    "('F5', 'V7')": 18.361037855100168,
    "('F5', 'V8')": 11.102225775158667,
    "('F5', 'V9')": 16.376655355082338,
    "('F5', 'V10')": 14.764467182560711,
    "('F5', 'V11')": 13.09187669550384,
    "('F5', 'V12')": 11.48155109878924,
    "('F6', 'F1')": 25.771146679401276,
    "('F6', 'F2')": 23.196143527367965,
    "('F6', 'F3')": 16.714881406053735,
    "('F6', 'F4')": 4.341391322954075,
    "('F6', 'F5')": 23.877312873169892,
    "('F6', 'F6')": 0.0,
    "('F6', 'D1')": 19.69058766350097,
    "('F6', 'D2')": 10.225511022808515,
    "('F6', 'D3')": 19.177273996881034,
    "('F6', 'V1')": 14.433537445130774,
    "('F6', 'V2')": 15.17733929392645,
    "('F6', 'V3')": 11.82076189044465,
    "('F6', 'V4')": 16.95072819420988,
    "('F6', 'V5')": 8.76017468781827,
    "('F6', 'V6')": 12.548182355870793,
    "('F6', 'V7')": 10.90629520032644,
    "('F6', 'V8')": 15.984310565421106,
    "('F6', 'V9')": 13.763172620511533,
    "('F6', 'V10')": 11.657130796951584,
    "('F6', 'V11')": 11.523943058421963,
    "('F6', 'V12')": 13.867542024701617,
    "('D1', 'F1')": 7.2832707040832565,
    "('D1', 'F2')": 14.649160457035206,
    "('D1', 'F3')": 17.811576690899326,
    "('D1', 'F4')": 19.684154743413398,
    "('D1', 'F5')": 11.239008512086043,
    "('D1', 'F6')": 19.69058766350097,
    "('D1', 'D1')": 0.0,
    "('D1', 'D2')": 11.965559650033487,
    "('D1', 'D3')": 2.7942265118100145,
    "('D1', 'V1')": 5.2576664272389255,
    "('D1', 'V2')": 6.945410468967581,
    "('D1', 'V3')": 8.144374315457757,
    "('D1', 'V4')": 3.896571614237984,
    "('D1', 'V5')": 11.32642913717656,
    "('D1', 'V6')": 9.187772528709795,
    "('D1', 'V7')": 10.108784671149127,
    "('D1', 'V8')": 3.9907002510660408,
    "('D1', 'V9')": 7.123563901021211,
    "('D1', 'V10')": 8.03716765671653,
    "('D1', 'V11')": 8.831911313747696,
    "('D1', 'V12')": 6.503358833239317,
    "('D2', 'F1')": 19.120794864623978,
    "('D2', 'F2')": 13.192739050104327,
    "('D2', 'F3')": 19.255320715343704,
    "('D2', 'F4')": 8.416215267670562,
    "('D2', 'F5')": 13.66338780142313,
    "('D2', 'F6')": 10.225511022808515,
    "('D2', 'D1')": 11.965559650033487,
    "('D2', 'D2')": 0.0,
    "('D2', 'D3')": 12.77818961492823,
    "('D2', 'V1')": 7.595593323777172,
    "('D2', 'V2')": 11.183138273171874,
    "('D2', 'V3')": 4.491363405744729,
    "('D2', 'V4')": 10.997433467094739,
    "('D2', 'V5')": 7.071898215236784,
    "('D2', 'V6')": 2.890355962741029,
    "('D2', 'V7')": 8.87710073915068,
    "('D2', 'V8')": 8.004552209858877,
    "('D2', 'V9')": 9.509329127855777,
    "('D2', 'V10')": 5.976279616090388,
    "('D2', 'V11')": 3.4754768580575655,
    "('D2', 'V12')": 5.486585178791501,
    "('D3', 'F1')": 6.644268192787752,
    "('D3', 'F2')": 17.28672663639326,
    "('D3', 'F3')": 15.272830733047806,
    "('D3', 'F4')": 19.787075170705375,
    "('D3', 'F5')": 14.014930693407228,
    "('D3', 'F6')": 19.177273996881034,
    "('D3', 'D1')": 2.7942265118100145,
    "('D3', 'D2')": 12.77818961492823,
    "('D3', 'D3')": 0.0,
    "('D3', 'V1')": 5.259908994556667,
    "('D3', 'V2')": 4.890431659483028,
    "('D3', 'V3')": 8.464710502067929,
    "('D3', 'V4')": 2.234331468991405,
    "('D3', 'V5')": 10.475254959062386,
    "('D3', 'V6')": 10.270443100738756,
    "('D3', 'V7')": 8.7680378392223,
    "('D3', 'V8')": 5.062879763287686,
    "('D3', 'V9')": 5.648337056374951,
    "('D3', 'V10')": 7.749857493870607,
    "('D3', 'V11')": 9.365763323095159,
    "('D3', 'V12')": 7.394820276932233,
    "('V1', 'F1')": 11.819548695391815,
    "('V1', 'F2')": 15.069562108291139,
    "('V1', 'F3')": 15.143201399022567,
    "('V1', 'F4')": 14.62081173860709,
    "('V1', 'F5')": 13.056450989799805,
    "('V1', 'F6')": 14.433537445130774,
    "('V1', 'D1')": 5.2576664272389255,
    "('V1', 'D2')": 7.595593323777172,
    "('V1', 'D3')": 5.259908994556667,
    "('V1', 'V1')": 0.0,
    "('V1', 'V2')": 4.511690984702041,
    "('V1', 'V3')": 3.2057266966567144,
    "('V1', 'V4')": 3.4081412689244184,
    "('V1', 'V5')": 6.195121334629137,
    "('V1', 'V6')": 5.354170073711882,
    "('V1', 'V7')": 5.502911383784876,
    "('V1', 'V8')": 2.0490097538299055,
    "('V1', 'V9')": 3.383023706883129,
    "('V1', 'V10')": 2.7803031133403833,
    "('V1', 'V11')": 4.136566994383912,
    "('V1', 'V12')": 2.6087278125103794,
    "('V2', 'F1')": 10.893360342983328,
    "('V2', 'F2')": 19.472134271628565,
    "('V2', 'F3')": 11.08793502237609,
    "('V2', 'F4')": 16.57362625233329,
    "('V2', 'F5')": 17.075015480476594,
    "('V2', 'F6')": 15.17733929392645,
    "('V2', 'D1')": 6.945410468967581,
    "('V2', 'D2')": 11.183138273171874,
    "('V2', 'D3')": 4.890431659483028,
    "('V2', 'V1')": 4.511690984702041,
    "('V2', 'V2')": 0.0,
    "('V2', 'V3')": 6.787940739061474,
    "('V2', 'V4')": 3.04886072369722,
    "('V2', 'V5')": 6.483161271885328,
    "('V2', 'V6')": 9.526926981283802,
    "('V2', 'V7')": 4.296723704905153,
    "('V2', 'V8')": 6.089766834509917,
    "('V2', 'V9')": 1.7056174476351962,
    "('V2', 'V10')": 5.216657484982011,
    "('V2', 'V11')": 7.835065241172967,
    "('V2', 'V12')": 7.048602130635308,
    "('V3', 'F1')": 14.991132978157852,
    "('V3', 'F2')": 14.411517563737888,
    "('V3', 'F3')": 16.030320591518922,
    "('V3', 'F4')": 11.542733434962566,
    "('V3', 'F5')": 13.388205530954139,
    "('V3', 'F6')": 11.82076189044465,
    "('V3', 'D1')": 8.144374315457757,
    "('V3', 'D2')": 4.491363405744729,
    "('V3', 'D3')": 8.464710502067929,
    "('V3', 'V1')": 3.2057266966567144,
    "('V3', 'V2')": 6.787940739061474,
    "('V3', 'V3')": 0.0,
    "('V3', 'V4')": 6.555556394891051,
    "('V3', 'V5')": 4.789835433545369,
    "('V3', 'V6')": 2.914213719858026,
    "('V3', 'V7')": 5.481161818788588,
    "('V3', 'V8')": 4.229478490630803,
    "('V3', 'V9')": 5.172976627447508,
    "('V3', 'V10')": 1.8094739825519286,
    "('V3', 'V11')": 1.0481980654956276,
    "('V3', 'V12')": 2.1035717903090814,
    "('V4', 'F1')": 8.837667839873111,
    "('V4', 'F2')": 17.17079028862322,
    "('V4', 'F3')": 14.014992842486391,
    "('V4', 'F4')": 17.66458864000285,
    "('V4', 'F5')": 14.38788355793136,
    "('V4', 'F6')": 16.95072819420988,
    "('V4', 'D1')": 3.896571614237984,
    "('V4', 'D2')": 10.997433467094739,
    "('V4', 'D3')": 2.234331468991405,
    "('V4', 'V1')": 3.4081412689244184,
    "('V4', 'V2')": 3.04886072369722,
    "('V4', 'V3')": 6.555556394891051,
    "('V4', 'V4')": 0.0,
    "('V4', 'V5')": 8.24100086814564,
    "('V4', 'V6')": 8.714701038267204,
    "('V4', 'V7')": 6.578407625298113,
    "('V4', 'V8')": 3.9820330514723237,
    "('V4', 'V9')": 3.4638720099335365,
    "('V4', 'V10')": 5.626212996394295,
    "('V4', 'V11')": 7.528073068041752,
    "('V4', 'V12')": 5.870168174763947,
    "('V5', 'F1')": 17.02645896805724,
    "('V5', 'F2')": 19.07284331448518,
    "('V5', 'F3')": 12.195993198949976,
    "('V5', 'F4')": 10.211971232171948,
    "('V5', 'F5')": 18.172714490698027,
    "('V5', 'F6')": 8.76017468781827,
    "('V5', 'D1')": 11.32642913717656,
    "('V5', 'D2')": 7.071898215236784,
    "('V5', 'D3')": 10.475254959062386,
    "('V5', 'V1')": 6.195121334629137,
    "('V5', 'V2')": 6.483161271885328,
    "('V5', 'V3')": 4.789835433545369,
    "('V5', 'V4')": 8.24100086814564,
    "('V5', 'V5')": 0.0,
    "('V5', 'V6')": 7.231302758165089,
    "('V5', 'V7')": 2.4292257992167916,
    "('V5', 'V8')": 8.09527671797105,
    "('V5', 'V9')": 5.005377532582437,
    "('V5', 'V10')": 3.591227268897104,
    "('V5', 'V11')": 5.268737797892698,
    "('V5', 'V12')": 6.7419907315445675,
    "('V6', 'F1')": 16.417903055077815,
    "('V6', 'F2')": 11.869988474026075,
    "('V6', 'F3')": 18.90452261733729,
    "('V6', 'F4')": 11.21717561339851,
    "('V6', 'F5')": 11.505520144728527,
    "('V6', 'F6')": 12.548182355870793,
    "('V6', 'D1')": 9.187772528709795,
    "('V6', 'D2')": 2.890355962741029,
    "('V6', 'D3')": 10.270443100738756,
    "('V6', 'V1')": 5.354170073711882,
    "('V6', 'V2')": 9.526926981283802,
    "('V6', 'V3')": 2.914213719858026,
    "('V6', 'V4')": 8.714701038267204,
    "('V6', 'V5')": 7.231302758165089,
    "('V6', 'V6')": 0.0,
    "('V6', 'V7')": 8.326861656630195,
    "('V6', 'V8')": 5.304848253039317,
    "('V6', 'V9')": 7.990164738657821,
    "('V6', 'V10')": 4.723091248033757,
    "('V6', 'V11')": 2.031962279872498,
    "('V6', 'V12')": 2.8792211827368086,
    "('V7', 'F1')": 15.118952977279202,
    "('V7', 'F2')": 19.820511230059726,
    "('V7', 'F3')": 10.58158203100756,
    "('V7', 'F4')": 12.628671340349523,
    "('V7', 'F5')": 18.361037855100168,
    "('V7', 'F6')": 10.90629520032644,
    "('V7', 'D1')": 10.108784671149127,
    "('V7', 'D2')": 8.87710073915068,
    "('V7', 'D3')": 8.7680378392223,
    "('V7', 'V1')": 5.502911383784876,
    "('V7', 'V2')": 4.296723704905153,
    "('V7', 'V3')": 5.481161818788588,
    "('V7', 'V4')": 6.578407625298113,
    "('V7', 'V5')": 2.4292257992167916,
    "('V7', 'V6')": 8.326861656630195,
    "('V7', 'V7')": 0.0,
    "('V7', 'V8')": 7.550738422756643,
    "('V7', 'V9')": 3.120227460094616,
    "('V7', 'V10')": 3.7457742299409142,
    "('V7', 'V11')": 6.299342279546558,
    "('V7', 'V12')": 6.966173334119659,
    "('V8', 'F1')": 11.127396221236218,
    "('V8', 'F2')": 13.396527764489003,
    "('V8', 'F3')": 17.017257893157723,
    "('V8', 'F4')": 15.729006051318457,
    "('V8', 'F5')": 11.102225775158667,
    "('V8', 'F6')": 15.984310565421106,
    "('V8', 'D1')": 3.9907002510660408,
    "('V8', 'D2')": 8.004552209858877,
    "('V8', 'D3')": 5.062879763287686,
    "('V8', 'V1')": 2.0490097538299055,
    "('V8', 'V2')": 6.089766834509917,
    "('V8', 'V3')": 4.229478490630803,
    "('V8', 'V4')": 3.9820330514723237,
    "('V8', 'V5')": 8.09527671797105,
    "('V8', 'V6')": 5.304848253039317,
    "('V8', 'V7')": 7.550738422756643,
    "('V8', 'V8')": 0.0,
    "('V8', 'V9')": 5.275223558750416,
    "('V8', 'V10')": 4.535336507483095,
    "('V8', 'V11')": 4.849114571802923,
    "('V8', 'V12')": 2.521383334390122,
    "('V9', 'F1')": 12.065290180988098,
    "('V9', 'F2')": 18.44423085137096,
    "('V9', 'F3')": 11.766634871683285,
    "('V9', 'F4')": 14.953331760656203,
    "('V9', 'F5')": 16.376655355082338,
    "('V9', 'F6')": 13.763172620511533,
    "('V9', 'D1')": 7.123563901021211,
    "('V9', 'D2')": 9.509329127855777,
    "('V9', 'D3')": 5.648337056374951,
    "('V9', 'V1')": 3.383023706883129,
    "('V9', 'V2')": 1.7056174476351962,
    "('V9', 'V3')": 5.172976627447508,
    "('V9', 'V4')": 3.4638720099335365,
    "('V9', 'V5')": 5.005377532582437,
    "('V9', 'V6')": 7.990164738657821,
    "('V9', 'V7')": 3.120227460094616,
    "('V9', 'V8')": 5.275223558750416,
    "('V9', 'V9')": 0.0,
    "('V9', 'V10')": 3.5334781615887283,
    "('V9', 'V11')": 6.212487856107938,
    "('V9', 'V12')": 5.707520097297894,
    "('V10', 'F1')": 14.390307269929531,
    "('V10', 'F2')": 16.076197426450985,
    "('V10', 'F3')": 14.243008165763593,
    "('V10', 'F4')": 12.043710571296238,
    "('V10', 'F5')": 14.764467182560711,
    "('V10', 'F6')": 11.657130796951584,
    "('V10', 'D1')": 8.03716765671653,
    "('V10', 'D2')": 5.976279616090388,
    "('V10', 'D3')": 7.749857493870607,
    "('V10', 'V1')": 2.7803031133403833,
    "('V10', 'V2')": 5.216657484982011,
    "('V10', 'V3')": 1.8094739825519286,
    "('V10', 'V4')": 5.626212996394295,
    "('V10', 'V5')": 3.591227268897104,
    "('V10', 'V6')": 4.723091248033757,
    "('V10', 'V7')": 3.7457742299409142,
    "('V10', 'V8')": 4.535336507483095,
    "('V10', 'V9')": 3.5334781615887283,
    "('V10', 'V10')": 0.0,
    "('V10', 'V11')": 2.776204777096692,
    "('V10', 'V12')": 3.286565162350653,
    "('V11', 'F1')": 15.821315445090764,
    "('V11', 'F2')": 13.804966037186801,
    "('V11', 'F3')": 16.87992653841178,
    "('V11', 'F4')": 10.89448093225295,
    "('V11', 'F5')": 13.09187669550384,
    "('V11', 'F6')": 11.523943058421963,
    "('V11', 'D1')": 8.831911313747696,
    "('V11', 'D2')": 3.4754768580575655,
    "('V11', 'D3')": 9.365763323095159,
    "('V11', 'V1')": 4.136566994383912,
    "('V11', 'V2')": 7.835065241172967,
    "('V11', 'V3')": 1.0481980654956276,
    "('V11', 'V4')": 7.528073068041752,
    "('V11', 'V5')": 5.268737797892698,
    "('V11', 'V6')": 2.031962279872498,
    "('V11', 'V7')": 6.299342279546558,
    "('V11', 'V8')": 4.849114571802923,
    "('V11', 'V9')": 6.212487856107938,
    "('V11', 'V10')": 2.776204777096692,
    "('V11', 'V11')": 0.0,
    "('V11', 'V12')": 2.421620155012119,
    "('V12', 'F1')": 13.635820757233061,
    "('V12', 'F2')": 12.911570269415703,
    "('V12', 'F3')": 17.25220274869749,
    "('V12', 'F4')": 13.304979318540113,
    "('V12', 'F5')": 11.48155109878924,
    "('V12', 'F6')": 13.867542024701617,
    "('V12', 'D1')": 6.503358833239317,
    "('V12', 'D2')": 5.486585178791501,
    "('V12', 'D3')": 7.394820276932233,
    "('V12', 'V1')": 2.6087278125103794,
    "('V12', 'V2')": 7.048602130635308,
    "('V12', 'V3')": 2.1035717903090814,
    "('V12', 'V4')": 5.870168174763947,
    "('V12', 'V5')": 6.7419907315445675,
    "('V12', 'V6')": 2.8792211827368086,
    "('V12', 'V7')": 6.966173334119659,
    "('V12', 'V8')": 2.521383334390122,
    "('V12', 'V9')": 5.707520097297894,
    "('V12', 'V10')": 3.286565162350653,
    "('V12', 'V11')": 2.421620155012119,
    "('V12', 'V12')": 0.0
  },
  "tij": {
    "('F1', 'D1')": 7.2832707040832565,
    "('F1', 'D2')": 19.120794864623978,
    "('F1', 'D3')": 6.644268192787752,
    "('F2', 'D1')": 14.649160457035206,
    "('F2', 'D2')": 13.192739050104327,
    "('F2', 'D3')": 17.28672663639326,
    "('F3', 'D1')": 17.811576690899326,
    "('F3', 'D2')": 19.255320715343704,
    "('F3', 'D3')": 15.272830733047806,
    "('F4', 'D1')": 19.684154743413398,
    "('F4', 'D2')": 8.416215267670562,
    "('F4', 'D3')": 19.787075170705375,
    "('F5', 'D1')": 11.239008512086043,
    "('F5', 'D2')": 13.66338780142313,
    "('F5', 'D3')": 14.014930693407228,
    "('F6', 'D1')": 19.69058766350097,
    "('F6', 'D2')": 10.225511022808515,
    "('F6', 'D3')": 19.177273996881034,
    "('D1', 'D2')": 17.94833947505023,
    "('D1', 'D3')": 4.1913397677150215,
    "('D1', 'V1')": 7.886499640858387,
    "('D1', 'V2')": 10.418115703451372,
    "('D1', 'V3')": 12.216561473186635,
    "('D1', 'V4')": 5.844857421356975,
    "('D1', 'V5')": 16.98964370576484,
    "('D1', 'V6')": 13.781658793064693,
    "('D1', 'V7')": 15.163177006723691,
    "('D1', 'V8')": 5.986050376599062,
    "('D1', 'V9')": 10.685345851531817,
    "('D1', 'V10')": 12.055751485074795,
    "('D1', 'V11')": 13.247866970621544,
    "('D1', 'V12')": 9.755038249858975,
    "('D2', 'D1')": 17.94833947505023,
    "('D2', 'D3')": 19.167284422392346,
    "('D2', 'V1')": 11.39338998566576,
    "('D2', 'V2')": 16.774707409757813,
    "('D2', 'V3')": 6.737045108617093,
    "('D2', 'V4')": 16.49615020064211,
    "('D2', 'V5')": 10.607847322855175,
    "('D2', 'V6')": 4.335533944111544,
    "('D2', 'V7')": 13.315651108726021,
    "('D2', 'V8')": 12.006828314788317,
    "('D2', 'V9')": 14.263993691783664,
    "('D2', 'V10')": 8.964419424135581,
    "('D2', 'V11')": 5.2132152870863475,
    "('D2', 'V12')": 8.229877768187253,
    "('D3', 'D1')": 4.1913397677150215,
    "('D3', 'D2')": 19.167284422392346,
    "('D3', 'V1')": 7.8898634918349995,
    "('D3', 'V2')": 7.335647489224542,
    "('D3', 'V3')": 12.697065753101892,
    "('D3', 'V4')": 3.3514972034871073,
    "('D3', 'V5')": 15.712882438593578,
    "('D3', 'V6')": 15.405664651108134,
    "('D3', 'V7')": 13.15205675883345,
    "('D3', 'V8')": 7.594319644931529,
    "('D3', 'V9')": 8.472505584562425,
    "('D3', 'V10')": 11.62478624080591,
    "('D3', 'V11')": 14.048644984642738,
    "('D3', 'V12')": 11.09223041539835,
    "('V1', 'D1')": 7.886499640858387,
    "('V1', 'D2')": 11.39338998566576,
    "('V1', 'D3')": 7.8898634918349995,
    "('V1', 'V2')": 6.767536477053062,
    "('V1', 'V3')": 4.808590044985072,
    "('V1', 'V4')": 5.112211903386628,
    "('V1', 'V5')": 9.292682001943707,
    "('V1', 'V6')": 8.031255110567823,
    "('V1', 'V7')": 8.254367075677314,
    "('V1', 'V8')": 3.073514630744858,
    "('V1', 'V9')": 5.074535560324693,
    "('V1', 'V10')": 4.170454670010575,
    "('V1', 'V11')": 6.204850491575868,
    "('V1', 'V12')": 3.913091718765569,
    "('V2', 'D1')": 10.418115703451372,
    "('V2', 'D2')": 16.774707409757813,
    "('V2', 'D3')": 7.335647489224542,
    "('V2', 'V1')": 6.767536477053062,
    "('V2', 'V3')": 10.181911108592212,
    "('V2', 'V4')": 4.57329108554583,
    "('V2', 'V5')": 9.724741907827994,
    "('V2', 'V6')": 14.290390471925704,
    "('V2', 'V7')": 6.44508555735773,
    "('V2', 'V8')": 9.134650251764876,
    "('V2', 'V9')": 2.5584261714527945,
    "('V2', 'V10')": 7.824986227473016,
    "('V2', 'V11')": 11.752597861759451,
    "('V2', 'V12')": 10.572903195952962,
    "('V3', 'D1')": 12.216561473186635,
    "('V3', 'D2')": 6.737045108617093,
    "('V3', 'D3')": 12.697065753101892,
    "('V3', 'V1')": 4.808590044985072,
    "('V3', 'V2')": 10.181911108592212,
    "('V3', 'V4')": 9.833334592336575,
    "('V3', 'V5')": 7.184753150318054,
    "('V3', 'V6')": 4.371320579787039,
    "('V3', 'V7')": 8.221742728182882,
    "('V3', 'V8')": 6.344217735946204,
    "('V3', 'V9')": 7.759464941171262,
    "('V3', 'V10')": 2.714210973827893,
    "('V3', 'V11')": 1.5722970982434412,
    "('V3', 'V12')": 3.155357685463622,
    "('V4', 'D1')": 5.844857421356975,
    "('V4', 'D2')": 16.49615020064211,
    "('V4', 'D3')": 3.3514972034871073,
    "('V4', 'V1')": 5.112211903386628,
    "('V4', 'V2')": 4.57329108554583,
    "('V4', 'V3')": 9.833334592336575,
    "('V4', 'V5')": 12.36150130221846,
    "('V4', 'V6')": 13.072051557400806,
    "('V4', 'V7')": 9.86761143794717,
    "('V4', 'V8')": 5.973049577208486,
    "('V4', 'V9')": 5.1958080149003045,
    "('V4', 'V10')": 8.439319494591441,
    "('V4', 'V11')": 11.292109602062627,
    "('V4', 'V12')": 8.80525226214592,
    "('V5', 'D1')": 16.98964370576484,
    "('V5', 'D2')": 10.607847322855175,
    "('V5', 'D3')": 15.712882438593578,
    "('V5', 'V1')": 9.292682001943707,
    "('V5', 'V2')": 9.724741907827994,
    "('V5', 'V3')": 7.184753150318054,
    "('V5', 'V4')": 12.36150130221846,
    "('V5', 'V6')": 10.846954137247634,
    "('V5', 'V7')": 3.643838698825187,
    "('V5', 'V8')": 12.142915076956575,
    "('V5', 'V9')": 7.508066298873655,
    "('V5', 'V10')": 5.3868409033456555,
    "('V5', 'V11')": 7.903106696839048,
    "('V5', 'V12')": 10.112986097316853,
    "('V6', 'D1')": 13.781658793064693,
    "('V6', 'D2')": 4.335533944111544,
    "('V6', 'D3')": 15.405664651108134,
    "('V6', 'V1')": 8.031255110567823,
    "('V6', 'V2')": 14.290390471925704,
    "('V6', 'V3')": 4.371320579787039,
    "('V6', 'V4')": 13.072051557400806,
    "('V6', 'V5')": 10.846954137247634,
    "('V6', 'V7')": 12.490292484945291,
    "('V6', 'V8')": 7.957272379558975,
    "('V6', 'V9')": 11.985247107986732,
    "('V6', 'V10')": 7.084636872050636,
    "('V6', 'V11')": 3.047943419808747,
    "('V6', 'V12')": 4.318831774105213,
    "('V7', 'D1')": 15.163177006723691,
    "('V7', 'D2')": 13.315651108726021,
    "('V7', 'D3')": 13.15205675883345,
    "('V7', 'V1')": 8.254367075677314,
    "('V7', 'V2')": 6.44508555735773,
    "('V7', 'V3')": 8.221742728182882,
    "('V7', 'V4')": 9.86761143794717,
    "('V7', 'V5')": 3.643838698825187,
    "('V7', 'V6')": 12.490292484945291,
    "('V7', 'V8')": 11.326107634134965,
    "('V7', 'V9')": 4.680341190141924,
    "('V7', 'V10')": 5.618661344911372,
    "('V7', 'V11')": 9.449013419319837,
    "('V7', 'V12')": 10.44926000117949,
    "('V8', 'D1')": 5.986050376599062,
    "('V8', 'D2')": 12.006828314788317,
    "('V8', 'D3')": 7.594319644931529,
    "('V8', 'V1')": 3.073514630744858,
    "('V8', 'V2')": 9.134650251764876,
    "('V8', 'V3')": 6.344217735946204,
    "('V8', 'V4')": 5.973049577208486,
    "('V8', 'V5')": 12.142915076956575,
    "('V8', 'V6')": 7.957272379558975,
    "('V8', 'V7')": 11.326107634134965,
    "('V8', 'V9')": 7.912835338125625,
    "('V8', 'V10')": 6.803004761224642,
    "('V8', 'V11')": 7.273671857704384,
    "('V8', 'V12')": 3.782075001585183,
    "('V9', 'D1')": 10.685345851531817,
    "('V9', 'D2')": 14.263993691783664,
    "('V9', 'D3')": 8.472505584562425,
    "('V9', 'V1')": 5.074535560324693,
    "('V9', 'V2')": 2.5584261714527945,
    "('V9', 'V3')": 7.759464941171262,
    "('V9', 'V4')": 5.1958080149003045,
    "('V9', 'V5')": 7.508066298873655,
    "('V9', 'V6')": 11.985247107986732,
    "('V9', 'V7')": 4.680341190141924,
    "('V9', 'V8')": 7.912835338125625,
    "('V9', 'V10')": 5.300217242383093,
    "('V9', 'V11')": 9.318731784161907,
    "('V9', 'V12')": 8.561280145946842,
    "('V10', 'D1')": 12.055751485074795,
    "('V10', 'D2')": 8.964419424135581,
    "('V10', 'D3')": 11.62478624080591,
    "('V10', 'V1')": 4.170454670010575,
    "('V10', 'V2')": 7.824986227473016,
    "('V10', 'V3')": 2.714210973827893,
    "('V10', 'V4')": 8.439319494591441,
    "('V10', 'V5')": 5.3868409033456555,
    "('V10', 'V6')": 7.084636872050636,
    "('V10', 'V7')": 5.618661344911372,
    "('V10', 'V8')": 6.803004761224642,
    "('V10', 'V9')": 5.300217242383093,
    "('V10', 'V11')": 4.164307165645037,
    "('V10', 'V12')": 4.929847743525979,
    "('V11', 'D1')": 13.247866970621544,
    "('V11', 'D2')": 5.2132152870863475,
    "('V11', 'D3')": 14.048644984642738,
    "('V11', 'V1')": 6.204850491575868,
    "('V11', 'V2')": 11.752597861759451,
    "('V11', 'V3')": 1.5722970982434412,
    "('V11', 'V4')": 11.292109602062627,
    "('V11', 'V5')": 7.903106696839048,
    "('V11', 'V6')": 3.047943419808747,
    "('V11', 'V7')": 9.449013419319837,
    "('V11', 'V8')": 7.273671857704384,
    "('V11', 'V9')": 9.318731784161907,
    "('V11', 'V10')": 4.164307165645037,
    "('V11', 'V12')": 3.6324302325181783,
    "('V12', 'D1')": 9.755038249858975,
    "('V12', 'D2')": 8.229877768187253,
    "('V12', 'D3')": 11.09223041539835,
    "('V12', 'V1')": 3.913091718765569,
    "('V12', 'V2')": 10.572903195952962,
    "('V12', 'V3')": 3.155357685463622,
    "('V12', 'V4')": 8.80525226214592,
    "('V12', 'V5')": 10.112986097316853,
    "('V12', 'V6')": 4.318831774105213,
    "('V12', 'V7')": 10.44926000117949,
    "('V12', 'V8')": 3.782075001585183,
    "('V12', 'V9')": 8.561280145946842,
    "('V12', 'V10')": 4.929847743525979,
    "('V12', 'V11')": 3.6324302325181783
  },
  "waktu": {
    "('F1', 'D1')": 7.2832707040832565,
    "('F1', 'D2')": 19.120794864623978,
    "('F1', 'D3')": 6.644268192787752,
    "('F2', 'D1')": 14.649160457035206,
    "('F2', 'D2')": 13.192739050104327,
    "('F2', 'D3')": 17.28672663639326,
    "('F3', 'D1')": 17.811576690899326,
    "('F3', 'D2')": 19.255320715343704,
    "('F3', 'D3')": 15.272830733047806,
    "('F4', 'D1')": 19.684154743413398,
    "('F4', 'D2')": 8.416215267670562,
    "('F4', 'D3')": 19.787075170705375,
    "('F5', 'D1')": 11.239008512086043,
    "('F5', 'D2')": 13.66338780142313,
    "('F5', 'D3')": 14.014930693407228,
    "('F6', 'D1')": 19.69058766350097,
    "('F6', 'D2')": 10.225511022808515,
    "('F6', 'D3')": 19.177273996881034,
    "('D1', 'D2')": 17.94833947505023,
    "('D1', 'D3')": 4.1913397677150215,
    "('D1', 'V1')": 7.886499640858387,
    "('D1', 'V2')": 10.418115703451372,
    "('D1', 'V3')": 12.216561473186635,
    "('D1', 'V4')": 5.844857421356975,
    "('D1', 'V5')": 16.98964370576484,
    "('D1', 'V6')": 13.781658793064693,
    "('D1', 'V7')": 15.163177006723691,
    "('D1', 'V8')": 5.986050376599062,
    "('D1', 'V9')": 10.685345851531817,
    "('D1', 'V10')": 12.055751485074795,
    "('D1', 'V11')": 13.247866970621544,
    "('D1', 'V12')": 9.755038249858975,
    "('D2', 'D1')": 17.94833947505023,
    "('D2', 'D3')": 19.167284422392346,
    "('D2', 'V1')": 11.39338998566576,
    "('D2', 'V2')": 16.774707409757813,
    "('D2', 'V3')": 6.737045108617093,
    "('D2', 'V4')": 16.49615020064211,
    "('D2', 'V5')": 10.607847322855175,
    "('D2', 'V6')": 4.335533944111544,
    "('D2', 'V7')": 13.315651108726021,
    "('D2', 'V8')": 12.006828314788317,
    "('D2', 'V9')": 14.263993691783664,
    "('D2', 'V10')": 8.964419424135581,
    "('D2', 'V11')": 5.2132152870863475,
    "('D2', 'V12')": 8.229877768187253,
    "('D3', 'D1')": 4.1913397677150215,
    "('D3', 'D2')": 19.167284422392346,
    "('D3', 'V1')": 7.8898634918349995,
    "('D3', 'V2')": 7.335647489224542,
    "('D3', 'V3')": 12.697065753101892,
    "('D3', 'V4')": 3.3514972034871073,
    "('D3', 'V5')": 15.712882438593578,
    "('D3', 'V6')": 15.405664651108134,
    "('D3', 'V7')": 13.15205675883345,
    "('D3', 'V8')": 7.594319644931529,
    "('D3', 'V9')": 8.472505584562425,
    "('D3', 'V10')": 11.62478624080591,
    "('D3', 'V11')": 14.048644984642738,
    "('D3', 'V12')": 11.09223041539835,
    "('V1', 'D1')": 7.886499640858387,
    "('V1', 'D2')": 11.39338998566576,
    "('V1', 'D3')": 7.8898634918349995,
    "('V1', 'V2')": 6.767536477053062,
    "('V1', 'V3')": 4.808590044985072,
    "('V1', 'V4')": 5.112211903386628,
    "('V1', 'V5')": 9.292682001943707,
    "('V1', 'V6')": 8.031255110567823,
    "('V1', 'V7')": 8.254367075677314,
    "('V1', 'V8')": 3.073514630744858,
    "('V1', 'V9')": 5.074535560324693,
    "('V1', 'V10')": 4.170454670010575,
    "('V1', 'V11')": 6.204850491575868,
    "('V1', 'V12')": 3.913091718765569,
    "('V2', 'D1')": 10.418115703451372,
    "('V2', 'D2')": 16.774707409757813,
    "('V2', 'D3')": 7.335647489224542,
    "('V2', 'V1')": 6.767536477053062,
    "('V2', 'V3')": 10.181911108592212,
    "('V2', 'V4')": 4.57329108554583,
    "('V2', 'V5')": 9.724741907827994,
    "('V2', 'V6')": 14.290390471925704,
    "('V2', 'V7')": 6.44508555735773,
    "('V2', 'V8')": 9.134650251764876,
    "('V2', 'V9')": 2.5584261714527945,
    "('V2', 'V10')": 7.824986227473016,
    "('V2', 'V11')": 11.752597861759451,
    "('V2', 'V12')": 10.572903195952962,
    "('V3', 'D1')": 12.216561473186635,
    "('V3', 'D2')": 6.737045108617093,
    "('V3', 'D3')": 12.697065753101892,
    "('V3', 'V1')": 4.808590044985072,
    "('V3', 'V2')": 10.181911108592212,
    "('V3', 'V4')": 9.833334592336575,
    "('V3', 'V5')": 7.184753150318054,
    "('V3', 'V6')": 4.371320579787039,
    "('V3', 'V7')": 8.221742728182882,
    "('V3', 'V8')": 6.344217735946204,
    "('V3', 'V9')": 7.759464941171262,
    "('V3', 'V10')": 2.714210973827893,
    "('V3', 'V11')": 1.5722970982434412,
    "('V3', 'V12')": 3.155357685463622,
    "('V4', 'D1')": 5.844857421356975,
    "('V4', 'D2')": 16.49615020064211,
    "('V4', 'D3')": 3.3514972034871073,
    "('V4', 'V1')": 5.112211903386628,
    "('V4', 'V2')": 4.57329108554583,
    "('V4', 'V3')": 9.833334592336575,
    "('V4', 'V5')": 12.36150130221846,
    "('V4', 'V6')": 13.072051557400806,
    "('V4', 'V7')": 9.86761143794717,
    "('V4', 'V8')": 5.973049577208486,
    "('V4', 'V9')": 5.1958080149003045,
    "('V4', 'V10')": 8.439319494591441,
    "('V4', 'V11')": 11.292109602062627,
    "('V4', 'V12')": 8.80525226214592,
    "('V5', 'D1')": 16.98964370576484,
    "('V5', 'D2')": 10.607847322855175,
    "('V5', 'D3')": 15.712882438593578,
    "('V5', 'V1')": 9.292682001943707,
    "('V5', 'V2')": 9.724741907827994,
    "('V5', 'V3')": 7.184753150318054,
    "('V5', 'V4')": 12.36150130221846,
    "('V5', 'V6')": 10.846954137247634,
    "('V5', 'V7')": 3.643838698825187,
    "('V5', 'V8')": 12.142915076956575,
    "('V5', 'V9')": 7.508066298873655,
    "('V5', 'V10')": 5.3868409033456555,
    "('V5', 'V11')": 7.903106696839048,
    "('V5', 'V12')": 10.112986097316853,
    "('V6', 'D1')": 13.781658793064693,
    "('V6', 'D2')": 4.335533944111544,
    "('V6', 'D3')": 15.405664651108134,
    "('V6', 'V1')": 8.031255110567823,
    "('V6', 'V2')": 14.290390471925704,
    "('V6', 'V3')": 4.371320579787039,
    "('V6', 'V4')": 13.072051557400806,
    "('V6', 'V5')": 10.846954137247634,
    "('V6', 'V7')": 12.490292484945291,
    "('V6', 'V8')": 7.957272379558975,
    "('V6', 'V9')": 11.985247107986732,
    "('V6', 'V10')": 7.084636872050636,
    "('V6', 'V11')": 3.047943419808747,
    "('V6', 'V12')": 4.318831774105213,
    "('V7', 'D1')": 15.163177006723691,
    "('V7', 'D2')": 13.315651108726021,
    "('V7', 'D3')": 13.15205675883345,
    "('V7', 'V1')": 8.254367075677314,
    "('V7', 'V2')": 6.44508555735773,
    "('V7', 'V3')": 8.221742728182882,
    "('V7', 'V4')": 9.86761143794717,
    "('V7', 'V5')": 3.643838698825187,
    "('V7', 'V6')": 12.490292484945291,
    "('V7', 'V8')": 11.326107634134965,
    "('V7', 'V9')": 4.680341190141924,
    "('V7', 'V10')": 5.618661344911372,
    "('V7', 'V11')": 9.449013419319837,
    "('V7', 'V12')": 10.44926000117949,
    "('V8', 'D1')": 5.986050376599062,
    "('V8', 'D2')": 12.006828314788317,
    "('V8', 'D3')": 7.594319644931529,
    "('V8', 'V1')": 3.073514630744858,
    "('V8', 'V2')": 9.134650251764876,
    "('V8', 'V3')": 6.344217735946204,
    "('V8', 'V4')": 5.973049577208486,
    "('V8', 'V5')": 12.142915076956575,
    "('V8', 'V6')": 7.957272379558975,
    "('V8', 'V7')": 11.326107634134965,
    "('V8', 'V9')": 7.912835338125625,
    "('V8', 'V10')": 6.803004761224642,
    "('V8', 'V11')": 7.273671857704384,
    "('V8', 'V12')": 3.782075001585183,
    "('V9', 'D1')": 10.685345851531817,
    "('V9', 'D2')": 14.263993691783664,
    "('V9', 'D3')": 8.472505584562425,
    "('V9', 'V1')": 5.074535560324693,
    "('V9', 'V2')": 2.5584261714527945,
    "('V9', 'V3')": 7.759464941171262,
    "('V9', 'V4')": 5.1958080149003045,
    "('V9', 'V5')": 7.508066298873655,
    "('V9', 'V6')": 11.985247107986732,
    "('V9', 'V7')": 4.680341190141924,
    "('V9', 'V8')": 7.912835338125625,
    "('V9', 'V10')": 5.300217242383093,
    "('V9', 'V11')": 9.318731784161907,
    "('V9', 'V12')": 8.561280145946842,
    "('V10', 'D1')": 12.055751485074795,
    "('V10', 'D2')": 8.964419424135581,
    "('V10', 'D3')": 11.62478624080591,
    "('V10', 'V1')": 4.170454670010575,
    "('V10', 'V2')": 7.824986227473016,
    "('V10', 'V3')": 2.714210973827893,
    "('V10', 'V4')": 8.439319494591441,
    "('V10', 'V5')": 5.3868409033456555,
    "('V10', 'V6')": 7.084636872050636,
    "('V10', 'V7')": 5.618661344911372,
    "('V10', 'V8')": 6.803004761224642,
    "('V10', 'V9')": 5.300217242383093,
    "('V10', 'V11')": 4.164307165645037,
    "('V10', 'V12')": 4.929847743525979,
    "('V11', 'D1')": 13.247866970621544,
    "('V11', 'D2')": 5.2132152870863475,
    "('V11', 'D3')": 14.048644984642738,
    "('V11', 'V1')": 6.204850491575868,
    "('V11', 'V2')": 11.752597861759451,
    "('V11', 'V3')": 1.5722970982434412,
    "('V11', 'V4')": 11.292109602062627,
    "('V11', 'V5')": 7.903106696839048,
    "('V11', 'V6')": 3.047943419808747,
    "('V11', 'V7')": 9.449013419319837,
    "('V11', 'V8')": 7.273671857704384,
    "('V11', 'V9')": 9.318731784161907,
    "('V11', 'V10')": 4.164307165645037,
    "('V11', 'V12')": 3.6324302325181783,
    "('V12', 'D1')": 9.755038249858975,
    "('V12', 'D2')": 8.229877768187253,
    "('V12', 'D3')": 11.09223041539835,
    "('V12', 'V1')": 3.913091718765569,
    "('V12', 'V2')": 10.572903195952962,
    "('V12', 'V3')": 3.155357685463622,
    "('V12', 'V4')": 8.80525226214592,
    "('V12', 'V5')": 10.112986097316853,
    "('V12', 'V6')": 4.318831774105213,
    "('V12', 'V7')": 10.44926000117949,
    "('V12', 'V8')": 3.782075001585183,
    "('V12', 'V9')": 8.561280145946842,
    "('V12', 'V10')": 4.929847743525979,
    "('V12', 'V11')": 3.6324302325181783
  },
  "truck_arcs": [
    {
      "p": "F1",
      "j": "D1",
      "cost": 7.2832707040832565
    },
    {
      "p": "F1",
      "j": "D2",
      "cost": 19.120794864623978
    },
    {
      "p": "F1",
      "j": "D3",
      "cost": 6.644268192787752
    },
    {
      "p": "F2",
      "j": "D1",
      "cost": 14.649160457035206
    },
    {
      "p": "F2",
      "j": "D2",
      "cost": 13.192739050104327
    },
    {
      "p": "F2",
      "j": "D3",
      "cost": 17.28672663639326
    },
    {
      "p": "F3",
      "j": "D1",
      "cost": 17.811576690899326
    },
    {
      "p": "F3",
      "j": "D2",
      "cost": 19.255320715343704
    },
    {
      "p": "F3",
      "j": "D3",
      "cost": 15.272830733047806
    },
    {
      "p": "F4",
      "j": "D1",
      "cost": 19.684154743413398
    },
    {
      "p": "F4",
      "j": "D2",
      "cost": 8.416215267670562
    },
    {
      "p": "F4",
      "j": "D3",
      "cost": 19.787075170705375
    },
    {
      "p": "F5",
      "j": "D1",
      "cost": 11.239008512086043
    },
    {
      "p": "F5",
      "j": "D2",
      "cost": 13.66338780142313
    },
    {
      "p": "F5",
      "j": "D3",
      "cost": 14.014930693407228
    },
    {
      "p": "F6",
      "j": "D1",
      "cost": 19.69058766350097
    },
    {
      "p": "F6",
      "j": "D2",
      "cost": 10.225511022808515
    },
    {
      "p": "F6",
      "j": "D3",
      "cost": 19.177273996881034
    }
  ],
  "uav_arcs": [
    {
      "u": "D1",
      "v": "D2",
      "cost": 11.965559650033487
    },
    {
      "u": "D1",
      "v": "D3",
      "cost": 2.7942265118100145
    },
    {
      "u": "D1",
      "v": "V1",
      "cost": 5.2576664272389255
    },
    {
      "u": "D1",
      "v": "V2",
      "cost": 6.945410468967581
    },
    {
      "u": "D1",
      "v": "V3",
      "cost": 8.144374315457757
    },
    {
      "u": "D1",
      "v": "V4",
      "cost": 3.896571614237984
    },
    {
      "u": "D1",
      "v": "V5",
      "cost": 11.32642913717656
    },
    {
      "u": "D1",
      "v": "V6",
      "cost": 9.187772528709795
    },
    {
      "u": "D1",
      "v": "V7",
      "cost": 10.108784671149127
    },
    {
      "u": "D1",
      "v": "V8",
      "cost": 3.9907002510660408
    },
    {
      "u": "D1",
      "v": "V9",
      "cost": 7.123563901021211
    },
    {
      "u": "D1",
      "v": "V10",
      "cost": 8.03716765671653
    },
    {
      "u": "D1",
      "v": "V11",
      "cost": 8.831911313747696
    },
    {
      "u": "D1",
      "v": "V12",
      "cost": 6.503358833239317
    },
    {
      "u": "D2",
      "v": "D1",
      "cost": 11.965559650033487
    },
    {
      "u": "D2",
      "v": "D3",
      "cost": 12.77818961492823
    },
    {
      "u": "D2",
      "v": "V1",
      "cost": 7.595593323777172
    },
    {
      "u": "D2",
      "v": "V2",
      "cost": 11.183138273171874
    },
    {
      "u": "D2",
      "v": "V3",
      "cost": 4.491363405744729
    },
    {
      "u": "D2",
      "v": "V4",
      "cost": 10.997433467094739
    },
    {
      "u": "D2",
      "v": "V5",
      "cost": 7.071898215236784
    },
    {
      "u": "D2",
      "v": "V6",
      "cost": 2.890355962741029
    },
    {
      "u": "D2",
      "v": "V7",
      "cost": 8.87710073915068
    },
    {
      "u": "D2",
      "v": "V8",
      "cost": 8.004552209858877
    },
    {
      "u": "D2",
      "v": "V9",
      "cost": 9.509329127855777
    },
    {
      "u": "D2",
      "v": "V10",
      "cost": 5.976279616090388
    },
    {
      "u": "D2",
      "v": "V11",
      "cost": 3.4754768580575655
    },
    {
      "u": "D2",
      "v": "V12",
      "cost": 5.486585178791501
    },
    {
      "u": "D3",
      "v": "D1",
      "cost": 2.7942265118100145
    },
    {
      "u": "D3",
      "v": "D2",
      "cost": 12.77818961492823
    },
    {
      "u": "D3",
      "v": "V1",
      "cost": 5.259908994556667
    },
    {
      "u": "D3",
      "v": "V2",
      "cost": 4.890431659483028
    },
    {
      "u": "D3",
      "v": "V3",
      "cost": 8.464710502067929
    },
    {
      "u": "D3",
      "v": "V4",
      "cost": 2.234331468991405
    },
    {
      "u": "D3",
      "v": "V5",
      "cost": 10.475254959062386
    },
    {
      "u": "D3",
      "v": "V6",
      "cost": 10.270443100738756
    },
    {
      "u": "D3",
      "v": "V7",
      "cost": 8.7680378392223
    },
    {
      "u": "D3",
      "v": "V8",
      "cost": 5.062879763287686
    },
    {
      "u": "D3",
      "v": "V9",
      "cost": 5.648337056374951
    },
    {
      "u": "D3",
      "v": "V10",
      "cost": 7.749857493870607
    },
    {
      "u": "D3",
      "v": "V11",
      "cost": 9.365763323095159
    },
    {
      "u": "D3",
      "v": "V12",
      "cost": 7.394820276932233
    },
    {
      "u": "V1",
      "v": "D1",
      "cost": 5.2576664272389255
    },
    {
      "u": "V1",
      "v": "D2",
      "cost": 7.595593323777172
    },
    {
      "u": "V1",
      "v": "D3",
      "cost": 5.259908994556667
    },
    {
      "u": "V1",
      "v": "V2",
      "cost": 4.511690984702041
    },
    {
      "u": "V1",
      "v": "V3",
      "cost": 3.2057266966567144
    },
    {
      "u": "V1",
      "v": "V4",
      "cost": 3.4081412689244184
    },
    {
      "u": "V1",
      "v": "V5",
      "cost": 6.195121334629137
    },
    {
      "u": "V1",
      "v": "V6",
      "cost": 5.354170073711882
    },
    {
      "u": "V1",
      "v": "V7",
      "cost": 5.502911383784876
    },
    {
      "u": "V1",
      "v": "V8",
      "cost": 2.0490097538299055
    },
    {
      "u": "V1",
      "v": "V9",
      "cost": 3.383023706883129
    },
    {
      "u": "V1",
      "v": "V10",
      "cost": 2.7803031133403833
    },
    {
      "u": "V1",
      "v": "V11",
      "cost": 4.136566994383912
    },
    {
      "u": "V1",
      "v": "V12",
      "cost": 2.6087278125103794
    },
    {
      "u": "V2",
      "v": "D1",
      "cost": 6.945410468967581
    },
    {
      "u": "V2",
      "v": "D2",
      "cost": 11.183138273171874
    },
    {
      "u": "V2",
      "v": "D3",
      "cost": 4.890431659483028
    },
    {
      "u": "V2",
      "v": "V1",
      "cost": 4.511690984702041
    },
    {
      "u": "V2",
      "v": "V3",
      "cost": 6.787940739061474
    },
    {
      "u": "V2",
      "v": "V4",
      "cost": 3.04886072369722
    },
    {
      "u": "V2",
      "v": "V5",
      "cost": 6.483161271885328
    },
    {
      "u": "V2",
      "v": "V6",
      "cost": 9.526926981283802
    },
    {
      "u": "V2",
      "v": "V7",
      "cost": 4.296723704905153
    },
    {
      "u": "V2",
      "v": "V8",
      "cost": 6.089766834509917
    },
    {
      "u": "V2",
      "v": "V9",
      "cost": 1.7056174476351962
    },
    {
      "u": "V2",
      "v": "V10",
      "cost": 5.216657484982011
    },
    {
      "u": "V2",
      "v": "V11",
      "cost": 7.835065241172967
    },
    {
      "u": "V2",
      "v": "V12",
      "cost": 7.048602130635308
    },
    {
      "u": "V3",
      "v": "D1",
      "cost": 8.144374315457757
    },
    {
      "u": "V3",
      "v": "D2",
      "cost": 4.491363405744729
    },
    {
      "u": "V3",
      "v": "D3",
      "cost": 8.464710502067929
    },
    {
      "u": "V3",
      "v": "V1",
      "cost": 3.2057266966567144
    },
    {
      "u": "V3",
      "v": "V2",
      "cost": 6.787940739061474
    },
    {
      "u": "V3",
      "v": "V4",
      "cost": 6.555556394891051
    },
    {
      "u": "V3",
      "v": "V5",
      "cost": 4.789835433545369
    },
    {
      "u": "V3",
      "v": "V6",
      "cost": 2.914213719858026
    },
    {
      "u": "V3",
      "v": "V7",
      "cost": 5.481161818788588
    },
    {
      "u": "V3",
      "v": "V8",
      "cost": 4.229478490630803
    },
    {
      "u": "V3",
      "v": "V9",
      "cost": 5.172976627447508
    },
    {
      "u": "V3",
      "v": "V10",
      "cost": 1.8094739825519286
    },
    {
      "u": "V3",
      "v": "V11",
      "cost": 1.0481980654956276
    },
    {
      "u": "V3",
      "v": "V12",
      "cost": 2.1035717903090814
    },
    {
      "u": "V4",
      "v": "D1",
      "cost": 3.896571614237984
    },
    {
      "u": "V4",
      "v": "D2",
      "cost": 10.997433467094739
    },
    {
      "u": "V4",
      "v": "D3",
      "cost": 2.234331468991405
    },
    {
      "u": "V4",
      "v": "V1",
      "cost": 3.4081412689244184
    },
    {
      "u": "V4",
      "v": "V2",
      "cost": 3.04886072369722
    },
    {
      "u": "V4",
      "v": "V3",
      "cost": 6.555556394891051
    },
    {
      "u": "V4",
      "v": "V5",
      "cost": 8.24100086814564
    },
    {
      "u": "V4",
      "v": "V6",
      "cost": 8.714701038267204
    },
    {
      "u": "V4",
      "v": "V7",
      "cost": 6.578407625298113
    },
    {
      "u": "V4",
      "v": "V8",
      "cost": 3.9820330514723237
    },
    {
      "u": "V4",
      "v": "V9",
      "cost": 3.4638720099335365
    },
    {
      "u": "V4",
      "v": "V10",
      "cost": 5.626212996394295
    },
    {
      "u": "V4",
      "v": "V11",
      "cost": 7.528073068041752
    },
    {
      "u": "V4",
      "v": "V12",
      "cost": 5.870168174763947
    },
    {
      "u": "V5",
      "v": "D1",
      "cost": 11.32642913717656
    },
    {
      "u": "V5",
      "v": "D2",
      "cost": 7.071898215236784
    },
    {
      "u": "V5",
      "v": "D3",
      "cost": 10.475254959062386
    },
    {
      "u": "V5",
      "v": "V1",
      "cost": 6.195121334629137
    },
    {
      "u": "V5",
      "v": "V2",
      "cost": 6.483161271885328
    },
    {
      "u": "V5",
      "v": "V3",
      "cost": 4.789835433545369
    },
    {
      "u": "V5",
      "v": "V4",
      "cost": 8.24100086814564
    },
    {
      "u": "V5",
      "v": "V6",
      "cost": 7.231302758165089
    },
    {
      "u": "V5",
      "v": "V7",
      "cost": 2.4292257992167916
    },
    {
      "u": "V5",
      "v": "V8",
      "cost": 8.09527671797105
    },
    {
      "u": "V5",
      "v": "V9",
      "cost": 5.005377532582437
    },
    {
      "u": "V5",
      "v": "V10",
      "cost": 3.591227268897104
    },
    {
      "u": "V5",
      "v": "V11",
      "cost": 5.268737797892698
    },
    {
      "u": "V5",
      "v": "V12",
      "cost": 6.7419907315445675
    },
    {
      "u": "V6",
      "v": "D1",
      "cost": 9.187772528709795
    },
    {
      "u": "V6",
      "v": "D2",
      "cost": 2.890355962741029
    },
    {
      "u": "V6",
      "v": "D3",
      "cost": 10.270443100738756
    },
    {
      "u": "V6",
      "v": "V1",
      "cost": 5.354170073711882
    },
    {
      "u": "V6",
      "v": "V2",
      "cost": 9.526926981283802
    },
    {
      "u": "V6",
      "v": "V3",
      "cost": 2.914213719858026
    },
    {
      "u": "V6",
      "v": "V4",
      "cost": 8.714701038267204
    },
    {
      "u": "V6",
      "v": "V5",
      "cost": 7.231302758165089
    },
    {
      "u": "V6",
      "v": "V7",
      "cost": 8.326861656630195
    },
    {
      "u": "V6",
      "v": "V8",
      "cost": 5.304848253039317
    },
    {
      "u": "V6",
      "v": "V9",
      "cost": 7.990164738657821
    },
    {
      "u": "V6",
      "v": "V10",
      "cost": 4.723091248033757
    },
    {
      "u": "V6",
      "v": "V11",
      "cost": 2.031962279872498
    },
    {
      "u": "V6",
      "v": "V12",
      "cost": 2.8792211827368086
    },
    {
      "u": "V7",
      "v": "D1",
      "cost": 10.108784671149127
    },
    {
      "u": "V7",
      "v": "D2",
      "cost": 8.87710073915068
    },
    {
      "u": "V7",
      "v": "D3",
      "cost": 8.7680378392223
    },
    {
      "u": "V7",
      "v": "V1",
      "cost": 5.502911383784876
    },
    {
      "u": "V7",
      "v": "V2",
      "cost": 4.296723704905153
    },
    {
      "u": "V7",
      "v": "V3",
      "cost": 5.481161818788588
    },
    {
      "u": "V7",
      "v": "V4",
      "cost": 6.578407625298113
    },
    {
      "u": "V7",
      "v": "V5",
      "cost": 2.4292257992167916
    },
    {
      "u": "V7",
      "v": "V6",
      "cost": 8.326861656630195
    },
    {
      "u": "V7",
      "v": "V8",
      "cost": 7.550738422756643
    },
    {
      "u": "V7",
      "v": "V9",
      "cost": 3.120227460094616
    },
    {
      "u": "V7",
      "v": "V10",
      "cost": 3.7457742299409142
    },
    {
      "u": "V7",
      "v": "V11",
      "cost": 6.299342279546558
    },
    {
      "u": "V7",
      "v": "V12",
      "cost": 6.966173334119659
    },
    {
      "u": "V8",
      "v": "D1",
      "cost": 3.9907002510660408
    },
    {
      "u": "V8",
      "v": "D2",
      "cost": 8.004552209858877
    },
    {
      "u": "V8",
      "v": "D3",
      "cost": 5.062879763287686
    },
    {
      "u": "V8",
      "v": "V1",
      "cost": 2.0490097538299055
    },
    {
      "u": "V8",
      "v": "V2",
      "cost": 6.089766834509917
    },
    {
      "u": "V8",
      "v": "V3",
      "cost": 4.229478490630803
    },
    {
      "u": "V8",
      "v": "V4",
      "cost": 3.9820330514723237
    },
    {
      "u": "V8",
      "v": "V5",
      "cost": 8.09527671797105
    },
    {
      "u": "V8",
      "v": "V6",
      "cost": 5.304848253039317
    },
    {
      "u": "V8",
      "v": "V7",
      "cost": 7.550738422756643
    },
    {
      "u": "V8",
      "v": "V9",
      "cost": 5.275223558750416
    },
    {
      "u": "V8",
      "v": "V10",
      "cost": 4.535336507483095
    },
    {
      "u": "V8",
      "v": "V11",
      "cost": 4.849114571802923
    },
    {
      "u": "V8",
      "v": "V12",
      "cost": 2.521383334390122
    },
    {
      "u": "V9",
      "v": "D1",
      "cost": 7.123563901021211
    },
    {
      "u": "V9",
      "v": "D2",
      "cost": 9.509329127855777
    },
    {
      "u": "V9",
      "v": "D3",
      "cost": 5.648337056374951
    },
    {
      "u": "V9",
      "v": "V1",
      "cost": 3.383023706883129
    },
    {
      "u": "V9",
      "v": "V2",
      "cost": 1.7056174476351962
    },
    {
      "u": "V9",
      "v": "V3",
      "cost": 5.172976627447508
    },
    {
      "u": "V9",
      "v": "V4",
      "cost": 3.4638720099335365
    },
    {
      "u": "V9",
      "v": "V5",
      "cost": 5.005377532582437
    },
    {
      "u": "V9",
      "v": "V6",
      "cost": 7.990164738657821
    },
    {
      "u": "V9",
      "v": "V7",
      "cost": 3.120227460094616
    },
    {
      "u": "V9",
      "v": "V8",
      "cost": 5.275223558750416
    },
    {
      "u": "V9",
      "v": "V10",
      "cost": 3.5334781615887283
    },
    {
      "u": "V9",
      "v": "V11",
      "cost": 6.212487856107938
    },
    {
      "u": "V9",
      "v": "V12",
      "cost": 5.707520097297894
    },
    {
      "u": "V10",
      "v": "D1",
      "cost": 8.03716765671653
    },
    {
      "u": "V10",
      "v": "D2",
      "cost": 5.976279616090388
    },
    {
      "u": "V10",
      "v": "D3",
      "cost": 7.749857493870607
    },
    {
      "u": "V10",
      "v": "V1",
      "cost": 2.7803031133403833
    },
    {
      "u": "V10",
      "v": "V2",
      "cost": 5.216657484982011
    },
    {
      "u": "V10",
      "v": "V3",
      "cost": 1.8094739825519286
    },
    {
      "u": "V10",
      "v": "V4",
      "cost": 5.626212996394295
    },
    {
      "u": "V10",
      "v": "V5",
      "cost": 3.591227268897104
    },
    {
      "u": "V10",
      "v": "V6",
      "cost": 4.723091248033757
    },
    {
      "u": "V10",
      "v": "V7",
      "cost": 3.7457742299409142
    },
    {
      "u": "V10",
      "v": "V8",
      "cost": 4.535336507483095
    },
    {
      "u": "V10",
      "v": "V9",
      "cost": 3.5334781615887283
    },
    {
      "u": "V10",
      "v": "V11",
      "cost": 2.776204777096692
    },
    {
      "u": "V10",
      "v": "V12",
      "cost": 3.286565162350653
    },
    {
      "u": "V11",
      "v": "D1",
      "cost": 8.831911313747696
    },
    {
      "u": "V11",
      "v": "D2",
      "cost": 3.4754768580575655
    },
    {
      "u": "V11",
      "v": "D3",
      "cost": 9.365763323095159
    },
    {
      "u": "V11",
      "v": "V1",
      "cost": 4.136566994383912
    },
    {
      "u": "V11",
      "v": "V2",
      "cost": 7.835065241172967
    },
    {
      "u": "V11",
      "v": "V3",
      "cost": 1.0481980654956276
    },
    {
      "u": "V11",
      "v": "V4",
      "cost": 7.528073068041752
    },
    {
      "u": "V11",
      "v": "V5",
      "cost": 5.268737797892698
    },
    {
      "u": "V11",
      "v": "V6",
      "cost": 2.031962279872498
    },
    {
      "u": "V11",
      "v": "V7",
      "cost": 6.299342279546558
    },
    {
      "u": "V11",
      "v": "V8",
      "cost": 4.849114571802923
    },
    {
      "u": "V11",
      "v": "V9",
      "cost": 6.212487856107938
    },
    {
      "u": "V11",
      "v": "V10",
      "cost": 2.776204777096692
    },
    {
      "u": "V11",
      "v": "V12",
      "cost": 2.421620155012119
    },
    {
      "u": "V12",
      "v": "D1",
      "cost": 6.503358833239317
    },
    {
      "u": "V12",
      "v": "D2",
      "cost": 5.486585178791501
    },
    {
      "u": "V12",
      "v": "D3",
      "cost": 7.394820276932233
    },
    {
      "u": "V12",
      "v": "V1",
      "cost": 2.6087278125103794
    },
    {
      "u": "V12",
      "v": "V2",
      "cost": 7.048602130635308
    },
    {
      "u": "V12",
      "v": "V3",
      "cost": 2.1035717903090814
    },
    {
      "u": "V12",
      "v": "V4",
      "cost": 5.870168174763947
    },
    {
      "u": "V12",
      "v": "V5",
      "cost": 6.7419907315445675
    },
    {
      "u": "V12",
      "v": "V6",
      "cost": 2.8792211827368086
    },
    {
      "u": "V12",
      "v": "V7",
      "cost": 6.966173334119659
    },
    {
      "u": "V12",
      "v": "V8",
      "cost": 2.521383334390122
    },
    {
      "u": "V12",
      "v": "V9",
      "cost": 5.707520097297894
    },
    {
      "u": "V12",
      "v": "V10",
      "cost": 3.286565162350653
    },
    {
      "u": "V12",
      "v": "V11",
      "cost": 2.421620155012119
    }
  ],
  "number_of_uav": null
}