{
  "n_center": 4,
  "n_community": 12,
  "n_warehouse": 6,
  "set_F": [
    "F1",
    "F2",
    "F3",
    "F4",
    "F5",
    "F6"
  ],
  "set_D": [
    "D1",
    "D2",
    "D3",
    "D4"
  ],
  "set_V": [
    "V1",
    "V2",
    "V3",
    "V4",
    "V5",
    "V6",
    "V7",
    "V8",
    "V9",
    "V10",
    "V11",
    "V12"
  ],
  "set_A": [
    "('F1', 'D1')",
    "('F1', 'D2')",
    "('F1', 'D3')",
    "('F1', 'D4')",
    "('F2', 'D1')",
    "('F2', 'D2')",
    "('F2', 'D3')",
    "('F2', 'D4')",
    "('F3', 'D1')",
    "('F3', 'D2')",
    "('F3', 'D3')",
    "('F3', 'D4')",
    "('F4', 'D1')",
    "('F4', 'D2')",
    "('F4', 'D3')",
    "('F4', 'D4')",
    "('F5', 'D1')",
    "('F5', 'D2')",
    "('F5', 'D3')",
    "('F5', 'D4')",
    "('F6', 'D1')",
    "('F6', 'D2')",
    "('F6', 'D3')",
    "('F6', 'D4')",
    "('D1', 'D2')",
    "('D1', 'D3')",
    "('D1', 'D4')",
    "('D1', 'V1')",
    "('D1', 'V2')",
    "('D1', 'V3')",
    "('D1', 'V4')",
    "('D1', 'V5')",
    "('D1', 'V6')",
    "('D1', 'V7')",
    "('D1', 'V8')",
    "('D1', 'V9')",
    "('D1', 'V10')",
    "('D1', 'V11')",
    "('D1', 'V12')",
    "('D2', 'D1')",
    "('D2', 'D3')",
    "('D2', 'D4')",
    "('D2', 'V1')",
    "('D2', 'V2')",
    "('D2', 'V3')",
    "('D2', 'V4')",
    "('D2', 'V5')",
    "('D2', 'V6')",
    "('D2', 'V7')",
    "('D2', 'V8')",
    "('D2', 'V9')",
    "('D2', 'V10')",
    "('D2', 'V11')",
    "('D2', 'V12')",
    "('D3', 'D1')",
    "('D3', 'D2')",
    "('D3', 'D4')",
    "('D3', 'V1')",
    "('D3', 'V2')",
    "('D3', 'V3')",
    "('D3', 'V4')",
    "('D3', 'V5')",
    "('D3', 'V6')",
    "('D3', 'V7')",
    "('D3', 'V8')",
    "('D3', 'V9')",
    "('D3', 'V10')",
    "('D3', 'V11')",
    "('D3', 'V12')",
    "('D4', 'D1')",
    "('D4', 'D2')",
    "('D4', 'D3')",
    "('D4', 'V1')",
    "('D4', 'V2')",
    "('D4', 'V3')",
    "('D4', 'V4')",
    "('D4', 'V5')",
    "('D4', 'V6')",
    "('D4', 'V7')",
    "('D4', 'V8')",
    "('D4', 'V9')",
    "('D4', 'V10')",
    "('D4', 'V11')",
    "('D4', 'V12')",
    "('V1', 'D1')",
    "('V1', 'D2')",
    "('V1', 'D3')",
    "('V1', 'D4')",
    "('V1', 'V2')",
    "('V1', 'V3')",
    "('V1', 'V4')",
    "('V1', 'V5')",
    "('V1', 'V6')",
    "('V1', 'V7')",
    "('V1', 'V8')",
    "('V1', 'V9')",
    "('V1', 'V10')",
    "('V1', 'V11')",
    "('V1', 'V12')",
    "('V2', 'D1')",
    "('V2', 'D2')",
    "('V2', 'D3')",
    "('V2', 'D4')",
    "('V2', 'V1')",
    "('V2', 'V3')",
    "('V2', 'V4')",
    "('V2', 'V5')",
    "('V2', 'V6')",
    "('V2', 'V7')",
    "('V2', 'V8')",
    "('V2', 'V9')",
    "('V2', 'V10')",
    "('V2', 'V11')",
    "('V2', 'V12')",
    "('V3', 'D1')",
    "('V3', 'D2')",
    "('V3', 'D3')",
    "('V3', 'D4')",
    "('V3', 'V1')",
    "('V3', 'V2')",
    "('V3', 'V4')",
    "('V3', 'V5')",
    "('V3', 'V6')",
    "('V3', 'V7')",
    "('V3', 'V8')",
    "('V3', 'V9')",
    "('V3', 'V10')",
    "('V3', 'V11')",
    "('V3', 'V12')",
    "('V4', 'D1')",
    "('V4', 'D2')",
    "('V4', 'D3')",
    "('V4', 'D4')",
    "('V4', 'V1')",
    "('V4', 'V2')",
    "('V4', 'V3')",
    "('V4', 'V5')",
    "('V4', 'V6')",
    "('V4', 'V7')",
    "('V4', 'V8')",
    "('V4', 'V9')",
    "('V4', 'V10')",
    "('V4', 'V11')",
    "('V4', 'V12')",
    "('V5', 'D1')",
    "('V5', 'D2')",
    "('V5', 'D3')",
    "('V5', 'D4')",
    "('V5', 'V1')",
    "('V5', 'V2')",
    "('V5', 'V3')",
    "('V5', 'V4')",
    "('V5', 'V6')",
    "('V5', 'V7')",
    "('V5', 'V8')",
    "('V5', 'V9')",
    "('V5', 'V10')",
    "('V5', 'V11')",
    "('V5', 'V12')",
    "('V6', 'D1')",
    "('V6', 'D2')",
    "('V6', 'D3')",
    "('V6', 'D4')",
    "('V6', 'V1')",
    "('V6', 'V2')",
    "('V6', 'V3')",
    "('V6', 'V4')",
    "('V6', 'V5')",
    "('V6', 'V7')",
    "('V6', 'V8')",
    "('V6', 'V9')",
    "('V6', 'V10')",
    "('V6', 'V11')",
    "('V6', 'V12')",
    "('V7', 'D1')",
    "('V7', 'D2')",
    "('V7', 'D3')",
    "('V7', 'D4')",
    "('V7', 'V1')",
    "('V7', 'V2')",
    "('V7', 'V3')",
    "('V7', 'V4')",
    "('V7', 'V5')",
    "('V7', 'V6')",
    "('V7', 'V8')",
    "('V7', 'V9')",
    "('V7', 'V10')",
    "('V7', 'V11')",
    "('V7', 'V12')",
    "('V8', 'D1')",
    "('V8', 'D2')",
    "('V8', 'D3')",
    "('V8', 'D4')",
    "('V8', 'V1')",
    "('V8', 'V2')",
    "('V8', 'V3')",
    "('V8', 'V4')",
    "('V8', 'V5')",
    "('V8', 'V6')",
    "('V8', 'V7')",
    "('V8', 'V9')",
    "('V8', 'V10')",
    "('V8', 'V11')",
    "('V8', 'V12')",
    "('V9', 'D1')",
    "('V9', 'D2')",
    "('V9', 'D3')",
    "('V9', 'D4')",
    "('V9', 'V1')",
    "('V9', 'V2')",
    "('V9', 'V3')",
    "('V9', 'V4')",
    "('V9', 'V5')",
    "('V9', 'V6')",
    "('V9', 'V7')",
    "('V9', 'V8')",
    "('V9', 'V10')",
    "('V9', 'V11')",
    "('V9', 'V12')",
    "('V10', 'D1')",
    "('V10', 'D2')",
    "('V10', 'D3')",
    "('V10', 'D4')",
    "('V10', 'V1')",
    "('V10', 'V2')",
    "('V10', 'V3')",
    "('V10', 'V4')",
    "('V10', 'V5')",
    "('V10', 'V6')",
    "('V10', 'V7')",
    "('V10', 'V8')",
    "('V10', 'V9')",
    "('V10', 'V11')",
    "('V10', 'V12')",
    "('V11', 'D1')",
    "('V11', 'D2')",
    "('V11', 'D3')",
    "('V11', 'D4')",
    "('V11', 'V1')",
    "('V11', 'V2')",
    "('V11', 'V3')",
    "('V11', 'V4')",
    "('V11', 'V5')",
    "('V11', 'V6')",
    "('V11', 'V7')",
    "('V11', 'V8')",
    "('V11', 'V9')",
    "('V11', 'V10')",
    "('V11', 'V12')",
    "('V12', 'D1')",
    "('V12', 'D2')",
    "('V12', 'D3')",
    "('V12', 'D4')",
    "('V12', 'V1')",
    "('V12', 'V2')",
    "('V12', 'V3')",
    "('V12', 'V4')",
    "('V12', 'V5')",
    "('V12', 'V6')",
    "('V12', 'V7')",
    "('V12', 'V8')",
    "('V12', 'V9')",
    "('V12', 'V10')",
    "('V12', 'V11')"
  ],
  "set_L": [
    "L1",
    "L2",
    "L3",
    "L4",
    "L5"
  ],
  "set_T": [
    "T1",
    "T2",
    "T3",
    "T4",
    "T5",
    "T6",
    "T7",
    "T8"
  ],
  "set_U": [
    "U1",
    "U2",
    "U3",
    "U4",
    "U5",
    "U6",
    "U7",
    "U8",
    "U9",
    "U10",
    "U11",
    "U12"
  ],
  "par_d": {
    "V1": 26,
    "V2": 23,
    "V3": 23,
    "V4": 13,
    "V5": 12,
    "V6": 14,
    "V7": 36,
    "V8": 18,
    "V9": 28,
    "V10": 21,
    "V11": 34,
    "V12": 10
  },
  "par_r": 202,
  "par_n": 250,
  "par_h": 50,
  "par_m": 180,
  "par_v": 24,
  "par_l": {
    "L1": 48,
    "L2": 60,
    "L3": 72,
    "L4": 132,
    "L5": 240
  },
  "par_f": {
    "D1": 83.0,
    "D2": 86.0,
    "D3": 113.0,
    "D4": 65.0
  },
  "par_o_items": [
    {
      "j": "D1",
      "l": "L1",
      "value": 20.0
    },
    {
      "j": "D1",
      "l": "L2",
      "value": 24.0
    },
    {
      "j": "D1",
      "l": "L3",
      "value": 28.0
    },
    {
      "j": "D1",
      "l": "L4",
      "value": 49.0
    },
    {
      "j": "D1",
      "l": "L5",
      "value": 83.0
    },
    {
      "j": "D2",
      "l": "L1",
      "value": 20.0
    },
    {
      "j": "D2",
      "l": "L2",
      "value": 24.0
    },
    {
      "j": "D2",
      "l": "L3",
      "value": 28.0
    },
    {
      "j": "D2",
      "l": "L4",
      "value": 49.0
    },
    {
      "j": "D2",
      "l": "L5",
      "value": 83.0
    },
    {
      "j": "D3",
      "l": "L1",
      "value": 20.0
    },
    {
      "j": "D3",
      "l": "L2",
      "value": 24.0
    },
    {
      "j": "D3",
      "l": "L3",
      "value": 28.0
    },
    {
      "j": "D3",
      "l": "L4",
      "value": 49.0
    },
    {
      "j": "D3",
      "l": "L5",
      "value": 83.0
    },
    {
      "j": "D4",
      "l": "L1",
      "value": 20.0
    },
    {
      "j": "D4",
      "l": "L2",
      "value": 24.0
    },
    {
      "j": "D4",
      "l": "L3",
      "value": 28.0
    },
    {
      "j": "D4",
      "l": "L4",
      "value": 49.0
    },
    {
      "j": "D4",
      "l": "L5",
      "value": 83.0
    }
  ],
  "par_s_items": [
    {
      "j": "D1",
      "l": "L1",
      "value": 48.0
    },
    {
      "j": "D1",
      "l": "L2",
      "value": 60.0
    },
    {
      "j": "D1",
      "l": "L3",
      "value": 72.0
    },
    {
      "j": "D1",
      "l": "L4",
      "value": 132.0
    },
    {
      "j": "D1",
      "l": "L5",
      "value": 240.0
    },
    {
      "j": "D2",
      "l": "L1",
      "value": 48.0
    },
    {
      "j": "D2",
      "l": "L2",
      "value": 60.0
    },
    {
      "j": "D2",
      "l": "L3",
      "value": 72.0
    },
    {
      "j": "D2",
      "l": "L4",
      "value": 132.0
    },
    {
      "j": "D2",
      "l": "L5",
      "value": 240.0
    },
    {
      "j": "D3",
      "l": "L1",
      "value": 48.0
    },
    {
      "j": "D3",
      "l": "L2",
      "value": 60.0
    },
    {
      "j": "D3",
      "l": "L3",
      "value": 72.0
    },
    {
      "j": "D3",
      "l": "L4",
      "value": 132.0
    },
    {
      "j": "D3",
      "l": "L5",
      "value": 240.0
    },
    {
      "j": "D4",
      "l": "L1",
      "value": 48.0
    },
    {
      "j": "D4",
      "l": "L2",
      "value": 60.0
    },
    {
      "j": "D4",
      "l": "L3",
      "value": 72.0
    },
    {
      "j": "D4",
      "l": "L4",
      "value": 132.0
    },
    {
      "j": "D4",
      "l": "L5",
      "value": 240.0
    }
  ],
  "par_t": 258.0,
  "par_c": {
    "('F1', 'D1')": 15.059055839178969,
    "('F1', 'D2')": 20.07809471349249,
    "('F1', 'D3')": 10.969045527422347,
    "('F1', 'D4')": 9.153280824971821,
    "('F2', 'D1')": 9.127267487502992,
    "('F2', 'D2')": 12.366335937248085,
    "('F2', 'D3')": 11.69986844960577,
    "('F2', 'D4')": 18.11392617388926,
    "('F3', 'D1')": 7.03052442285704,
    "('F3', 'D2')": 12.059008278422585,
    "('F3', 'D3')": 8.298635860343797,
    "('F3', 'D4')": 14.677726060079536,
    "('F4', 'D1')": 16.699448617511717,
    "('F4', 'D2')": 10.630758336206505,
    "('F4', 'D3')": 19.7617441562084,
    "('F4', 'D4')": 21.206205293513605,
    "('F5', 'D1')": 21.56502545383115,
    "('F5', 'D2')": 20.03060786831108,
    "('F5', 'D3')": 20.262992688101665,
    "('F5', 'D4')": 14.959556529435122,
    "('F6', 'D1')": 7.7149901812441195,
    "('F6', 'D2')": 8.925777906168603,
    "('F6', 'D3')": 11.383839260253133,
    "('F6', 'D4')": 17.386922207904895,
    "('D1', 'D2')": 6.068774792284798,
    "('D1', 'D3')": 4.1218272349357115,
    "('D1', 'D4')": 9.681251878144373,
    "('D1', 'V1')": 5.940566610728569,
    "('D1', 'V2')": 10.668465413848816,
    "('D1', 'V3')": 10.103633862580644,
    "('D1', 'V4')": 9.009138227627528,
    "('D1', 'V5')": 11.124294592448754,
    "('D1', 'V6')": 8.616345068321772,
    "('D1', 'V7')": 3.7655629847585765,
    "('D1', 'V8')": 8.625302960462067,
    "('D1', 'V9')": 9.274904398173673,
    "('D1', 'V10')": 5.600777152464964,
    "('D1', 'V11')": 7.570901556964557,
    "('D1', 'V12')": 7.679126539486606,
    "('D2', 'D1')": 6.068774792284798,
    "('D2', 'D3')": 9.400780313189115,
    "('D2', 'D4')": 12.611810087631934,
    "('D2', 'V1')": 7.8816774426011715,
    "('D2', 'V2')": 8.19129744851612,
    "('D2', 'V3')": 6.474832664472402,
    "('D2', 'V4')": 9.582179720042866,
    "('D2', 'V5')": 10.5610192970909,
    "('D2', 'V6')": 3.9284315987551794,
    "('D2', 'V7')": 4.814983958724876,
    "('D2', 'V8')": 6.249877429899984,
    "('D2', 'V9')": 7.32582604206118,
    "('D2', 'V10')": 2.281114938971963,
    "('D2', 'V11')": 5.856338648516874,
    "('D2', 'V12')": 7.318405021080843,
    "('D3', 'D1')": 4.1218272349357115,
    "('D3', 'D2')": 9.400780313189115,
    "('D3', 'D4')": 6.430889446031535,
    "('D3', 'V1')": 4.679689165787367,
    "('D3', 'V2')": 11.018675756056696,
    "('D3', 'V3')": 11.301068903874269,
    "('D3', 'V4')": 7.634740200594511,
    "('D3', 'V5')": 10.097599981603311,
    "('D3', 'V6')": 10.73845720616032,
    "('D3', 'V7')": 5.139476995558834,
    "('D3', 'V8')": 9.380244943636342,
    "('D3', 'V9')": 9.584030650439615,
    "('D3', 'V10')": 8.084627555836693,
    "('D3', 'V11')": 8.254650064110384,
    "('D3', 'V12')": 7.413988487818598,
    "('D4', 'D1')": 9.681251878144373,
    "('D4', 'D2')": 12.611810087631934,
    "('D4', 'D3')": 6.430889446031535,
    "('D4', 'V1')": 4.7302029355493245,
    "('D4', 'V2')": 9.314778990273982,
    "('D4', 'V3')": 10.825690658507174,
    "('D4', 'V4')": 4.5507600179212275,
    "('D4', 'V5')": 6.462489521804336,
    "('D4', 'V6')": 11.810484667763196,
    "('D4', 'V7')": 7.909385431092881,
    "('D4', 'V8')": 8.869506424336963,
    "('D4', 'V9')": 8.311684967985965,
    "('D4', 'V10')": 10.484611583739762,
    "('D4', 'V11')": 8.141973941279456,
    "('D4', 'V12')": 6.3604616159614835,
    "('V1', 'D1')": 5.940566610728569,
    "('V1', 'D2')": 7.8816774426011715,
    "('V1', 'D3')": 4.679689165787367,
    "('V1', 'D4')": 4.7302029355493245,
    "('V1', 'V2')": 6.470007446512517,
    "('V1', 'V3')": 7.173320590639718,
    "('V1', 'V4')": 3.158961777548099,
    "('V1', 'V5')": 5.5163920269431435,
    "('V1', 'V6')": 7.451769087502649,
    "('V1', 'V7')": 3.2470076994148918,
    "('V1', 'V8')": 5.134766434495024,
    "('V1', 'V9')": 5.08263050269999,
    "('V1', 'V10')": 5.773908554602288,
    "('V1', 'V11')": 4.1096139806126954,
    "('V1', 'V12')": 2.8251308822354244,
    "('V2', 'D1')": 10.668465413848816,
    "('V2', 'D2')": 8.19129744851612,
    "('V2', 'D3')": 11.018675756056696,
    "('V2', 'D4')": 9.314778990273982,
    "('V2', 'V1')": 6.470007446512517,
    "('V2', 'V3')": 2.257941077596473,
    "('V2', 'V4')": 4.76434245426319,
    "('V2', 'V5')": 3.6030666882212565,
    "('V2', 'V6')": 4.7696561624340434,
    "('V2', 'V7')": 6.909258641591742,
    "('V2', 'V8')": 2.1206929650043054,
    "('V2', 'V9')": 1.447769630992561,
    "('V2', 'V10')": 6.278265511980243,
    "('V2', 'V11')": 3.0984026825059887,
    "('V2', 'V12')": 3.645156156755538,
    "('V3', 'D1')": 10.103633862580644,
    "('V3', 'D2')": 6.474832664472402,
    "('V3', 'D3')": 11.301068903874269,
    "('V3', 'D4')": 10.825690658507174,
    "('V3', 'V1')": 7.173320590639718,
    "('V3', 'V2')": 2.257941077596473,
    "('V3', 'V4')": 6.372902154039274,
    "('V3', 'V5')": 5.752286918900308,
    "('V3', 'V6')": 2.699054382689146,
    "('V3', 'V7')": 6.53329887276407,
    "('V3', 'V8')": 2.046367358471518,
    "('V3', 'V9')": 2.555871534520025,
    "('V3', 'V10')": 4.947050905768966,
    "('V3', 'V11')": 3.090985008500199,
    "('V3', 'V12')": 4.559163509227578,
    "('V4', 'D1')": 9.009138227627528,
    "('V4', 'D2')": 9.582179720042866,
    "('V4', 'D3')": 7.634740200594511,
    "('V4', 'D4')": 4.5507600179212275,
    "('V4', 'V1')": 3.158961777548099,
    "('V4', 'V2')": 4.76434245426319,
    "('V4', 'V3')": 6.372902154039274,
    "('V4', 'V5')": 2.48302697236799,
    "('V4', 'V6')": 7.773683465264951,
    "('V4', 'V7')": 5.7615125182963745,
    "('V4', 'V8')": 4.538584815411984,
    "('V4', 'V9')": 3.8214306161944283,
    "('V4', 'V10')": 7.3020111703908155,
    "('V4', 'V11')": 4.0880653997304215,
    "('V4', 'V12')": 2.31707296282582,
    "('V5', 'D1')": 11.124294592448754,
    "('V5', 'D2')": 10.5610192970909,
    "('V5', 'D3')": 10.097599981603311,
    "('V5', 'D4')": 6.462489521804336,
    "('V5', 'V1')": 5.5163920269431435,
    "('V5', 'V2')": 3.6030666882212565,
    "('V5', 'V3')": 5.752286918900308,
    "('V5', 'V4')": 2.48302697236799,
    "('V5', 'V6')": 7.8770136697945405,
    "('V5', 'V7')": 7.5815051918730205,
    "('V5', 'V8')": 4.535226873620697,
    "('V5', 'V9')": 3.4703776956170658,
    "('V5', 'V10')": 8.338960694331158,
    "('V5', 'V11')": 4.70471457431862,
    "('V5', 'V12')": 3.563570297198111,
    "('V6', 'D1')": 8.616345068321772,
    "('V6', 'D2')": 3.9284315987551794,
    "('V6', 'D3')": 10.73845720616032,
    "('V6', 'D4')": 11.810484667763196,
    "('V6', 'V1')": 7.451769087502649,
    "('V6', 'V2')": 4.7696561624340434,
    "('V6', 'V3')": 2.699054382689146,
    "('V6', 'V4')": 7.773683465264951,
    "('V6', 'V5')": 7.8770136697945405,
    "('V6', 'V7')": 5.6093089198805455,
    "('V6', 'V8')": 3.372176550973689,
    "('V6', 'V9')": 4.406976673613504,
    "('V6', 'V10')": 3.023356793957285,
    "('V6', 'V11')": 3.7141048120357087,
    "('V6', 'V12')": 5.535239497105031,
    "('V7', 'D1')": 3.7655629847585765,
    "('V7', 'D2')": 4.814983958724876,
    "('V7', 'D3')": 5.139476995558834,
    "('V7', 'D4')": 7.909385431092881,
    "('V7', 'V1')": 3.2470076994148918,
    "('V7', 'V2')": 6.909258641591742,
    "('V7', 'V3')": 6.53329887276407,
    "('V7', 'V4')": 5.7615125182963745,
    "('V7', 'V5')": 7.5815051918730205,
    "('V7', 'V6')": 5.6093089198805455,
    "('V7', 'V8')": 4.897102084888044,
    "('V7', 'V9')": 5.509510133439598,
    "('V7', 'V10')": 3.028922229924902,
    "('V7', 'V11')": 3.816557621185284,
    "('V7', 'V12')": 4.03664532275334,
    "('V8', 'D1')": 8.625302960462067,
    "('V8', 'D2')": 6.249877429899984,
    "('V8', 'D3')": 9.380244943636342,
    "('V8', 'D4')": 8.869506424336963,
    "('V8', 'V1')": 5.134766434495024,
    "('V8', 'V2')": 2.1206929650043054,
    "('V8', 'V3')": 2.046367358471518,
    "('V8', 'V4')": 4.538584815411984,
    "('V8', 'V5')": 4.535226873620697,
    "('V8', 'V6')": 3.372176550973689,
    "('V8', 'V7')": 4.897102084888044,
    "('V8', 'V9')": 1.0957212477824927,
    "('V8', 'V10')": 4.211873928520433,
    "('V8', 'V11')": 1.132707220068165,
    "('V8', 'V12')": 2.536645121644624,
    "('V9', 'D1')": 9.274904398173673,
    "('V9', 'D2')": 7.32582604206118,
    "('V9', 'D3')": 9.584030650439615,
    "('V9', 'D4')": 8.311684967985965,
    "('V9', 'V1')": 5.08263050269999,
    "('V9', 'V2')": 1.447769630992561,
    "('V9', 'V3')": 2.555871534520025,
    "('V9', 'V4')": 3.8214306161944283,
    "('V9', 'V5')": 3.4703776956170658,
    "('V9', 'V6')": 4.406976673613504,
    "('V9', 'V7')": 5.509510133439598,
    "('V9', 'V8')": 1.0957212477824927,
    "('V9', 'V10')": 5.236350291679719,
    "('V9', 'V11')": 1.7498235533774082,
    "('V9', 'V12')": 2.2695369190958727,
    "('V10', 'D1')": 5.600777152464964,
    "('V10', 'D2')": 2.281114938971963,
    "('V10', 'D3')": 8.084627555836693,
    "('V10', 'D4')": 10.484611583739762,
    "('V10', 'V1')": 5.773908554602288,
    "('V10', 'V2')": 6.278265511980243,
    "('V10', 'V3')": 4.947050905768966,
    "('V10', 'V4')": 7.3020111703908155,
    "('V10', 'V5')": 8.338960694331158,
    "('V10', 'V6')": 3.023356793957285,
    "('V10', 'V7')": 3.028922229924902,
    "('V10', 'V8')": 4.211873928520433,
    "('V10', 'V9')": 5.236350291679719,
    "('V10', 'V11')": 3.6488820653159078,
    "('V10', 'V12')": 5.039190246362641,
    "('V11', 'D1')": 7.570901556964557,
    "('V11', 'D2')": 5.856338648516874,
    "('V11', 'D3')": 8.254650064110384,
    "('V11', 'D4')": 8.141973941279456,
    "('V11', 'V1')": 4.1096139806126954,
    "('V11', 'V2')": 3.0984026825059887,
    "('V11', 'V3')": 3.090985008500199,
    "('V11', 'V4')": 4.0880653997304215,
    "('V11', 'V5')": 4.70471457431862,
    "('V11', 'V6')": 3.7141048120357087,
    "('V11', 'V7')": 3.816557621185284,
    "('V11', 'V8')": 1.132707220068165,
    "('V11', 'V9')": 1.7498235533774082,
    "('V11', 'V10')": 3.6488820653159078,
    "('V11', 'V12')": 1.8211487859806217,
    "('V12', 'D1')": 7.679126539486606,
    "('V12', 'D2')": 7.318405021080843,
    "('V12', 'D3')": 7.413988487818598,
    "('V12', 'D4')": 6.3604616159614835,
    "('V12', 'V1')": 2.8251308822354244,
    "('V12', 'V2')": 3.645156156755538,
    "('V12', 'V3')": 4.559163509227578,
    "('V12', 'V4')": 2.31707296282582,
    "('V12', 'V5')": 3.563570297198111,
    "('V12', 'V6')": 5.535239497105031,
    "('V12', 'V7')": 4.03664532275334,
    "('V12', 'V8')": 2.536645121644624,
    "('V12', 'V9')": 2.2695369190958727,
    "('V12', 'V10')": 5.039190246362641,
    "('V12', 'V11')": 1.8211487859806217
  },
  "par_a": [
    48,
    60,
    72,
    132,
    240
  ],
  "_distance": {
    "('F1', 'F1')": 0.0,
    "('F1', 'F2')": 20.43518672961176,
    "('F1', 'F3')": 16.208527321788797,
    "('F1', 'F4')": 29.80277533292144,
    "('F1', 'F5')": 22.25261578411285,
    "('F1', 'F6')": 21.577660049184743,
    "('F1', 'D1')": 15.059055839178969,
    "('F1', 'D2')": 20.07809471349249,
    "('F1', 'D3')": 10.969045527422347,
    "('F1', 'D4')": 9.153280824971821,
    "('F1', 'V1')": 12.90518647946891,
    "('F1', 'V2')": 18.44635238727333,
    "('F1', 'V3')": 19.806035309238688,
    "('F1', 'V4')": 13.687127085527589,
    "('F1', 'V5')": 15.549078844169685,
    "('F1', 'V6')": 20.35548330632284,
    "('F1', 'V7')": 15.347321416115426,
    "('F1', 'V8')": 17.784545060054256,
    "('F1', 'V9')": 17.363729050148887,
    "('F1', 'V10')": 18.344234578216064,
    "('F1', 'V11')": 16.902464836538602,
    "('F1', 'V12')": 15.250327860540342,
    "('F2', 'F1')": 20.43518672961176,
    "('F2', 'F2')": 0.0,
    "('F2', 'F3')": 4.249269847584073,
    "('F2', 'F4')": 21.29859108751523,
    "('F2', 'F5')": 30.66382148873835,
    "('F2', 'F6')": 4.228719751740504,
    "('F2', 'D1')": 9.127267487502992,
    "('F2', 'D2')": 12.366335937248085,
    "('F2', 'D3')": 11.69986844960577,
    "('F2', 'D4')": 18.11392617388926,
    "('F2', 'V1')": 15.021022711620581,
    "('F2', 'V2')": 19.40192617493492,
    "('F2', 'V3')": 18.34051970398965,
    "('F2', 'V4')": 18.128582479502185,
    "('F2', 'V5')": 20.238833690188752,
    "('F2', 'V6')": 16.15267210856013,
    "('F2', 'V7')": 12.726388597770862,
    "('F2', 'V8')": 17.28531766108402,
    "('F2', 'V9')": 18.102611270638732,
    "('F2', 'V10')": 13.394902425665459,
    "('F2', 'V11')": 16.35352513019453,
    "('F2', 'V12')": 16.74626653424789,
    "('F3', 'F1')": 16.208527321788797,
    "('F3', 'F2')": 4.249269847584073,
    "('F3', 'F3')": 0.0,
    "('F3', 'F4')": 22.176683928465312,
    "('F3', 'F5')": 28.231878327393776,
    "('F3', 'F6')": 6.7395135112245805,
    "('F3', 'D1')": 7.03052442285704,
    "('F3', 'D2')": 12.059008278422585,
    "('F3', 'D3')": 8.298635860343797,
    "('F3', 'D4')": 14.677726060079536,
    "('F3', 'V1')": 12.343608714227063,
    "('F3', 'V2')": 17.69010866270719,
    "('F3', 'V3')": 17.089864993449456,
    "('F3', 'V4')": 15.500105667271631,
    "('F3', 'V5')": 17.82116237541178,
    "('F3', 'V6')": 15.356097193219018,
    "('F3', 'V7')": 10.780850353972633,
    "('F3', 'V8')": 15.65576869308232,
    "('F3', 'V9')": 16.2837232254327,
    "('F3', 'V10')": 12.358152539265612,
    "('F3', 'V11')": 14.595562010966969,
    "('F3', 'V12')": 14.549469037052068,
    "('F4', 'F1')": 29.80277533292144,
    "('F4', 'F2')": 21.29859108751523,
    "('F4', 'F3')": 22.176683928465312,
    "('F4', 'F4')": 0.0,
    "('F4', 'F5')": 21.544191686698188,
    "('F4', 'F6')": 17.133532813884504,
    "('F4', 'D1')": 16.699448617511717,
    "('F4', 'D2')": 10.630758336206505,
    "('F4', 'D3')": 19.7617441562084,
    "('F4', 'D4')": 21.206205293513605,
    "('F4', 'V1')": 16.90618590043843,
    "('F4', 'V2')": 12.713859011527923,
    "('F4', 'V3')": 10.639571766582915,
    "('F4', 'V4')": 16.934490669082987,
    "('F4', 'V5')": 16.31589641677137,
    "('F4', 'V6')": 9.45809694073952,
    "('F4', 'V7')": 14.699129364266474,
    "('F4', 'V8')": 12.402186906984626,
    "('F4', 'V9')": 13.171508688194704,
    "('F4', 'V10')": 11.687675186024617,
    "('F4', 'V11')": 13.064810838280522,
    "('F4', 'V12')": 14.854199166827282,
    "('F5', 'F1')": 22.25261578411285,
    "('F5', 'F2')": 30.66382148873835,
    "('F5', 'F3')": 28.231878327393776,
    "('F5', 'F4')": 21.544191686698188,
    "('F5', 'F5')": 0.0,
    "('F5', 'F6')": 28.355314371995533,
    "('F5', 'D1')": 21.56502545383115,
    "('F5', 'D2')": 20.03060786831108,
    "('F5', 'D3')": 20.262992688101665,
    "('F5', 'D4')": 14.959556529435122,
    "('F5', 'V1')": 15.888587413780852,
    "('F5', 'V2')": 11.84024875447866,
    "('F5', 'V3')": 13.72712006213376,
    "('F5', 'V4')": 12.735337246465358,
    "('F5', 'V5')": 10.446797052246648,
    "('F5', 'V6')": 16.42575629147379,
    "('F5', 'V7')": 17.95195195439755,
    "('F5', 'V8')": 13.858319329198132,
    "('F5', 'V9')": 12.854386305990145,
    "('F5', 'V10')": 18.070026946448962,
    "('F5', 'V11')": 14.555503658565119,
    "('F5', 'V12')": 13.919938130774286,
    "('F6', 'F1')": 21.577660049184743,
    "('F6', 'F2')": 4.228719751740504,
    "('F6', 'F3')": 6.7395135112245805,
    "('F6', 'F4')": 17.133532813884504,
    "('F6', 'F5')": 28.355314371995533,
    "('F6', 'F6')": 0.0,
    "('F6', 'D1')": 7.7149901812441195,
    "('F6', 'D2')": 8.925777906168603,
    "('F6', 'D3')": 11.383839260253133,
    "('F6', 'D4')": 17.386922207904895,
    "('F6', 'V1')": 13.485988858140677,
    "('F6', 'V2')": 16.678408210953776,
    "('F6', 'V3')": 15.281237592603425,
    "('F6', 'V4')": 16.357496681869204,
    "('F6', 'V5')": 18.152946546062537,
    "('F6', 'V6')": 12.846589592242387,
    "('F6', 'V7')": 10.61863704628092,
    "('F6', 'V8')": 14.575611447014863,
    "('F6', 'V9')": 15.523044159306663,
    "('F6', 'V10')": 10.420435596758953,
    "('F6', 'V11')": 13.802502341261977,
    "('F6', 'V12')": 14.589623764380537,
    "('D1', 'F1')": 15.059055839178969,
    "('D1', 'F2')": 9.127267487502992,
    "('D1', 'F3')": 7.03052442285704,
    "('D1', 'F4')": 16.699448617511717,
    "('D1', 'F5')": 21.56502545383115,
    "('D1', 'F6')": 7.7149901812441195,
    "('D1', 'D1')": 0.0,
    "('D1', 'D2')": 6.068774792284798,
    "('D1', 'D3')": 4.1218272349357115,
    "('D1', 'D4')": 9.681251878144373,
    "('D1', 'V1')": 5.940566610728569,
    "('D1', 'V2')": 10.668465413848816,
    "('D1', 'V3')": 10.103633862580644,
    "('D1', 'V4')": 9.009138227627528,
    "('D1', 'V5')": 11.124294592448754,
    "('D1', 'V6')": 8.616345068321772,
    "('D1', 'V7')": 3.7655629847585765,
    "('D1', 'V8')": 8.625302960462067,
    "('D1', 'V9')": 9.274904398173673,
    "('D1', 'V10')": 5.600777152464964,
    "('D1', 'V11')": 7.570901556964557,
    "('D1', 'V12')": 7.679126539486606,
    "('D2', 'F1')": 20.07809471349249,
    "('D2', 'F2')": 12.366335937248085,
    "('D2', 'F3')": 12.059008278422585,
    "('D2', 'F4')": 10.630758336206505,
    "('D2', 'F5')": 20.03060786831108,
    "('D2', 'F6')": 8.925777906168603,
    "('D2', 'D1')": 6.068774792284798,
    "('D2', 'D2')": 0.0,
    "('D2', 'D3')": 9.400780313189115,
    "('D2', 'D4')": 12.611810087631934,
    "('D2', 'V1')": 7.8816774426011715,
    "('D2', 'V2')": 8.19129744851612,
    "('D2', 'V3')": 6.474832664472402,
    "('D2', 'V4')": 9.582179720042866,
    "('D2', 'V5')": 10.5610192970909,
    "('D2', 'V6')": 3.9284315987551794,
    "('D2', 'V7')": 4.814983958724876,
    "('D2', 'V8')": 6.249877429899984,
    "('D2', 'V9')": 7.32582604206118,
    "('D2', 'V10')": 2.281114938971963,
    "('D2', 'V11')": 5.856338648516874,
    "('D2', 'V12')": 7.318405021080843,
    "('D3', 'F1')": 10.969045527422347,
    "('D3', 'F2')": 11.69986844960577,
    "('D3', 'F3')": 8.298635860343797,
    "('D3', 'F4')": 19.7617441562084,
    "('D3', 'F5')": 20.262992688101665,
    "('D3', 'F6')": 11.383839260253133,
    "('D3', 'D1')": 4.1218272349357115,
    "('D3', 'D2')": 9.400780313189115,
    "('D3', 'D3')": 0.0,
    "('D3', 'D4')": 6.430889446031535,
    "('D3', 'V1')": 4.679689165787367,
    "('D3', 'V2')": 11.018675756056696,
    "('D3', 'V3')": 11.301068903874269,
    "('D3', 'V4')": 7.634740200594511,
    "('D3', 'V5')": 10.097599981603311,
    "('D3', 'V6')": 10.73845720616032,
    "('D3', 'V7')": 5.139476995558834,
    "('D3', 'V8')": 9.380244943636342,
    "('D3', 'V9')": 9.584030650439615,
    "('D3', 'V10')": 8.084627555836693,
    "('D3', 'V11')": 8.254650064110384,
    "('D3', 'V12')": 7.413988487818598,
    "('D4', 'F1')": 9.153280824971821,
    "('D4', 'F2')": 18.11392617388926,
    "('D4', 'F3')": 14.677726060079536,
    "('D4', 'F4')": 21.206205293513605,
    "('D4', 'F5')": 14.959556529435122,
    "('D4', 'F6')": 17.386922207904895,
    "('D4', 'D1')": 9.681251878144373,
    "('D4', 'D2')": 12.611810087631934,
    "('D4', 'D3')": 6.430889446031535,
    "('D4', 'D4')": 0.0,
    "('D4', 'V1')": 4.7302029355493245,
    "('D4', 'V2')": 9.314778990273982,
    "('D4', 'V3')": 10.825690658507174,
    "('D4', 'V4')": 4.5507600179212275,
    "('D4', 'V5')": 6.462489521804336,
    "('D4', 'V6')": 11.810484667763196,
    "('D4', 'V7')": 7.909385431092881,
    "('D4', 'V8')": 8.869506424336963,
    "('D4', 'V9')": 8.311684967985965,
    "('D4', 'V10')": 10.484611583739762,
    "('D4', 'V11')": 8.141973941279456,
    "('D4', 'V12')": 6.3604616159614835,
    "('V1', 'F1')": 12.90518647946891,
    "('V1', 'F2')": 15.021022711620581,
    "('V1', 'F3')": 12.343608714227063,
    "('V1', 'F4')": 16.90618590043843,
    "('V1', 'F5')": 15.888587413780852,
    "('V1', 'F6')": 13.485988858140677,
    "('V1', 'D1')": 5.940566610728569,
    "('V1', 'D2')": 7.8816774426011715,
    "('V1', 'D3')": 4.679689165787367,
    "('V1', 'D4')": 4.7302029355493245,
    "('V1', 'V1')": 0.0,
    "('V1', 'V2')": 6.470007446512517,
    "('V1', 'V3')": 7.173320590639718,
    "('V1', 'V4')": 3.158961777548099,
    "('V1', 'V5')": 5.5163920269431435,
    "('V1', 'V6')": 7.451769087502649,
    "('V1', 'V7')": 3.2470076994148918,
    "('V1', 'V8')": 5.134766434495024,
    "('V1', 'V9')": 5.08263050269999,
    "('V1', 'V10')": 5.773908554602288,
    "('V1', 'V11')": 4.1096139806126954,
    "('V1', 'V12')": 2.8251308822354244,
    "('V2', 'F1')": 18.44635238727333,
    "('V2', 'F2')": 19.40192617493492,
    "('V2', 'F3')": 17.69010866270719,
    "('V2', 'F4')": 12.713859011527923,
    "('V2', 'F5')": 11.84024875447866,
    "('V2', 'F6')": 16.678408210953776,
    "('V2', 'D1')": 10.668465413848816,
    "('V2', 'D2')": 8.19129744851612,
    "('V2', 'D3')": 11.018675756056696,
    "('V2', 'D4')": 9.314778990273982,
    "('V2', 'V1')": 6.470007446512517,
    "('V2', 'V2')": 0.0,
    "('V2', 'V3')": 2.257941077596473,
    "('V2', 'V4')": 4.76434245426319,
    "('V2', 'V5')": 3.6030666882212565,
    "('V2', 'V6')": 4.7696561624340434,
    "('V2', 'V7')": 6.909258641591742,
    "('V2', 'V8')": 2.1206929650043054,
    "('V2', 'V9')": 1.447769630992561,
    "('V2', 'V10')": 6.278265511980243,
    "('V2', 'V11')": 3.0984026825059887,
    "('V2', 'V12')": 3.645156156755538,
    "('V3', 'F1')": 19.806035309238688,
    "('V3', 'F2')": 18.34051970398965,
    "('V3', 'F3')": 17.089864993449456,
    "('V3', 'F4')": 10.639571766582915,
    "('V3', 'F5')": 13.72712006213376,
    "('V3', 'F6')": 15.281237592603425,
    "('V3', 'D1')": 10.103633862580644,
    "('V3', 'D2')": 6.474832664472402,
    "('V3', 'D3')": 11.301068903874269,
    "('V3', 'D4')": 10.825690658507174,
    "('V3', 'V1')": 7.173320590639718,
    "('V3', 'V2')": 2.257941077596473,
    "('V3', 'V3')": 0.0,
    "('V3', 'V4')": 6.372902154039274,
    "('V3', 'V5')": 5.752286918900308,
    "('V3', 'V6')": 2.699054382689146,
    "('V3', 'V7')": 6.53329887276407,
    "('V3', 'V8')": 2.046367358471518,
    "('V3', 'V9')": 2.555871534520025,
    "('V3', 'V10')": 4.947050905768966,
    "('V3', 'V11')": 3.090985008500199,
    "('V3', 'V12')": 4.559163509227578,
    "('V4', 'F1')": 13.687127085527589,
    "('V4', 'F2')": 18.128582479502185,
    "('V4', 'F3')": 15.500105667271631,
    "('V4', 'F4')": 16.934490669082987,
    "('V4', 'F5')": 12.735337246465358,
    "('V4', 'F6')": 16.357496681869204,
    "('V4', 'D1')": 9.009138227627528,
    "('V4', 'D2')": 9.582179720042866,
    "('V4', 'D3')": 7.634740200594511,
    "('V4', 'D4')": 4.5507600179212275,
    "('V4', 'V1')": 3.158961777548099,
    "('V4', 'V2')": 4.76434245426319,
    "('V4', 'V3')": 6.372902154039274,
    "('V4', 'V4')": 0.0,
    "('V4', 'V5')": 2.48302697236799,
    "('V4', 'V6')": 7.773683465264951,
    "('V4', 'V7')": 5.7615125182963745,
    "('V4', 'V8')": 4.538584815411984,
    "('V4', 'V9')": 3.8214306161944283,
    "('V4', 'V10')": 7.3020111703908155,
    "('V4', 'V11')": 4.0880653997304215,
    "('V4', 'V12')": 2.31707296282582,
    "('V5', 'F1')": 15.549078844169685,
    "('V5', 'F2')": 20.238833690188752,
    "('V5', 'F3')": 17.82116237541178,
    "('V5', 'F4')": 16.31589641677137,
    "('V5', 'F5')": 10.446797052246648,
    "('V5', 'F6')": 18.152946546062537,
    "('V5', 'D1')": 11.124294592448754,
    "('V5', 'D2')": 10.5610192970909,
    "('V5', 'D3')": 10.097599981603311,
    "('V5', 'D4')": 6.462489521804336,
    "('V5', 'V1')": 5.5163920269431435,
    "('V5', 'V2')": 3.6030666882212565,
    "('V5', 'V3')": 5.752286918900308,
    "('V5', 'V4')": 2.48302697236799,
    "('V5', 'V5')": 0.0,
    "('V5', 'V6')": 7.8770136697945405,
    "('V5', 'V7')": 7.5815051918730205,
    "('V5', 'V8')": 4.535226873620697,
    "('V5', 'V9')": 3.4703776956170658,
    "('V5', 'V10')": 8.338960694331158,
    "('V5', 'V11')": 4.70471457431862,
    "('V5', 'V12')": 3.563570297198111,
    "('V6', 'F1')": 20.35548330632284,
    "('V6', 'F2')": 16.15267210856013,
    "('V6', 'F3')": 15.356097193219018,
    "('V6', 'F4')": 9.45809694073952,
    "('V6', 'F5')": 16.42575629147379,
    "('V6', 'F6')": 12.846589592242387,
    "('V6', 'D1')": 8.616345068321772,
    "('V6', 'D2')": 3.9284315987551794,
    "('V6', 'D3')": 10.73845720616032,
    "('V6', 'D4')": 11.810484667763196,
    "('V6', 'V1')": 7.451769087502649,
    "('V6', 'V2')": 4.7696561624340434,
    "('V6', 'V3')": 2.699054382689146,
    "('V6', 'V4')": 7.773683465264951,
    "('V6', 'V5')": 7.8770136697945405,
    "('V6', 'V6')": 0.0,
    "('V6', 'V7')": 5.6093089198805455,
    "('V6', 'V8')": 3.372176550973689,
    "('V6', 'V9')": 4.406976673613504,
    "('V6', 'V10')": 3.023356793957285,
    "('V6', 'V11')": 3.7141048120357087,
    "('V6', 'V12')": 5.535239497105031,
    "('V7', 'F1')": 15.347321416115426,
    "('V7', 'F2')": 12.726388597770862,
    "('V7', 'F3')": 10.780850353972633,
    "('V7', 'F4')": 14.699129364266474,
    "('V7', 'F5')": 17.95195195439755,
    "('V7', 'F6')": 10.61863704628092,
    "('V7', 'D1')": 3.7655629847585765,
    "('V7', 'D2')": 4.814983958724876,
    "('V7', 'D3')": 5.139476995558834,
    "('V7', 'D4')": 7.909385431092881,
    "('V7', 'V1')": 3.2470076994148918,
    "('V7', 'V2')": 6.909258641591742,
    "('V7', 'V3')": 6.53329887276407,
    "('V7', 'V4')": 5.7615125182963745,
    "('V7', 'V5')": 7.5815051918730205,
    "('V7', 'V6')": 5.6093089198805455,
    "('V7', 'V7')": 0.0,
    "('V7', 'V8')": 4.897102084888044,
    "('V7', 'V9')": 5.509510133439598,
    "('V7', 'V10')": 3.028922229924902,
    "('V7', 'V11')": 3.816557621185284,
    "('V7', 'V12')": 4.03664532275334,
    "('V8', 'F1')": 17.784545060054256,
    "('V8', 'F2')": 17.28531766108402,
    "('V8', 'F3')": 15.65576869308232,
    "('V8', 'F4')": 12.402186906984626,
    "('V8', 'F5')": 13.858319329198132,
    "('V8', 'F6')": 14.575611447014863,
    "('V8', 'D1')": 8.625302960462067,
    "('V8', 'D2')": 6.249877429899984,
    "('V8', 'D3')": 9.380244943636342,
    "('V8', 'D4')": 8.869506424336963,
    "('V8', 'V1')": 5.134766434495024,
    "('V8', 'V2')": 2.1206929650043054,
    "('V8', 'V3')": 2.046367358471518,
    "('V8', 'V4')": 4.538584815411984,
    "('V8', 'V5')": 4.535226873620697,
    "('V8', 'V6')": 3.372176550973689,
    "('V8', 'V7')": 4.897102084888044,
    "('V8', 'V8')": 0.0,
    "('V8', 'V9')": 1.0957212477824927,
    "('V8', 'V10')": 4.211873928520433,
    "('V8', 'V11')": 1.132707220068165,
    "('V8', 'V12')": 2.536645121644624,
    "('V9', 'F1')": 17.363729050148887,
    "('V9', 'F2')": 18.102611270638732,
    "('V9', 'F3')": 16.2837232254327,
    "('V9', 'F4')": 13.171508688194704,
    "('V9', 'F5')": 12.854386305990145,
    "('V9', 'F6')": 15.523044159306663,
    "('V9', 'D1')": 9.274904398173673,
    "('V9', 'D2')": 7.32582604206118,
    "('V9', 'D3')": 9.584030650439615,
    "('V9', 'D4')": 8.311684967985965,
    "('V9', 'V1')": 5.08263050269999,
    "('V9', 'V2')": 1.447769630992561,
    "('V9', 'V3')": 2.555871534520025,
    "('V9', 'V4')": 3.8214306161944283,
    "('V9', 'V5')": 3.4703776956170658,
    "('V9', 'V6')": 4.406976673613504,
    "('V9', 'V7')": 5.509510133439598,
    "('V9', 'V8')": 1.0957212477824927,
    "('V9', 'V9')": 0.0,
    "('V9', 'V10')": 5.236350291679719,
    "('V9', 'V11')": 1.7498235533774082,
    "('V9', 'V12')": 2.2695369190958727,
    "('V10', 'F1')": 18.344234578216064,
    "('V10', 'F2')": 13.394902425665459,
    "('V10', 'F3')": 12.358152539265612,
    "('V10', 'F4')": 11.687675186024617,
    "('V10', 'F5')": 18.070026946448962,
    "('V10', 'F6')": 10.420435596758953,
    "('V10', 'D1')": 5.600777152464964,
    "('V10', 'D2')": 2.281114938971963,
    "('V10', 'D3')": 8.084627555836693,
    "('V10', 'D4')": 10.484611583739762,
    "('V10', 'V1')": 5.773908554602288,
    "('V10', 'V2')": 6.278265511980243,
    "('V10', 'V3')": 4.947050905768966,
    "('V10', 'V4')": 7.3020111703908155,
    "('V10', 'V5')": 8.338960694331158,
    "('V10', 'V6')": 3.023356793957285,
    "('V10', 'V7')": 3.028922229924902,
    "('V10', 'V8')": 4.211873928520433,
    "('V10', 'V9')": 5.236350291679719,
    "('V10', 'V10')": 0.0,
    "('V10', 'V11')": 3.6488820653159078,
    "('V10', 'V12')": 5.039190246362641,
    "('V11', 'F1')": 16.902464836538602,
    "('V11', 'F2')": 16.35352513019453,
    "('V11', 'F3')": 14.595562010966969,
    "('V11', 'F4')": 13.064810838280522,
    "('V11', 'F5')": 14.555503658565119,
    "('V11', 'F6')": 13.802502341261977,
    "('V11', 'D1')": 7.570901556964557,
    "('V11', 'D2')": 5.856338648516874,
    "('V11', 'D3')": 8.254650064110384,
    "('V11', 'D4')": 8.141973941279456,
    "('V11', 'V1')": 4.1096139806126954,
    "('V11', 'V2')": 3.0984026825059887,
    "('V11', 'V3')": 3.090985008500199,
    "('V11', 'V4')": 4.0880653997304215,
    "('V11', 'V5')": 4.70471457431862,
    "('V11', 'V6')": 3.7141048120357087,
    "('V11', 'V7')": 3.816557621185284,
    "('V11', 'V8')": 1.132707220068165,
    "('V11', 'V9')": 1.7498235533774082,
    "('V11', 'V10')": 3.6488820653159078,
    "('V11', 'V11')": 0.0,
    "('V11', 'V12')": 1.8211487859806217,
    "('V12', 'F1')": 15.250327860540342,
    "('V12', 'F2')": 16.74626653424789,
    "('V12', 'F3')": 14.549469037052068,
    "('V12', 'F4')": 14.854199166827282,
    "('V12', 'F5')": 13.919938130774286,
    "('V12', 'F6')": 14.589623764380537,
    "('V12', 'D1')": 7.679126539486606,
    "('V12', 'D2')": 7.318405021080843,
    "('V12', 'D3')": 7.413988487818598,
    "('V12', 'D4')": 6.3604616159614835,
    "('V12', 'V1')": 2.8251308822354244,
    "('V12', 'V2')": 3.645156156755538,
    "('V12', 'V3')": 4.559163509227578,
    "('V12', 'V4')": 2.31707296282582,
    "('V12', 'V5')": 3.563570297198111,
    "('V12', 'V6')": 5.535239497105031,
    "('V12', 'V7')": 4.03664532275334,
    "('V12', 'V8')": 2.536645121644624,
    "('V12', 'V9')": 2.2695369190958727,
    "('V12', 'V10')": 5.039190246362641,
    "('V12', 'V11')": 1.8211487859806217,
    "('V12', 'V12')": 0.0
  },
  "tij": {
    "('F1', 'D1')": 15.059055839178969,
    "('F1', 'D2')": 20.07809471349249,
    "('F1', 'D3')": 10.969045527422347,
    "('F1', 'D4')": 9.153280824971821,
    "('F2', 'D1')": 9.127267487502992,
    "('F2', 'D2')": 12.366335937248085,
    "('F2', 'D3')": 11.69986844960577,
    "('F2', 'D4')": 18.11392617388926,
    "('F3', 'D1')": 7.03052442285704,
    "('F3', 'D2')": 12.059008278422585,
    "('F3', 'D3')": 8.298635860343797,
    "('F3', 'D4')": 14.677726060079538,
    "('F4', 'D1')": 16.699448617511717,
    "('F4', 'D2')": 10.630758336206505,
    "('F4', 'D3')": 19.7617441562084,
    "('F4', 'D4')": 21.206205293513605,
    "('F5', 'D1')": 21.56502545383115,
    "('F5', 'D2')": 20.030607868311076,
    "('F5', 'D3')": 20.262992688101665,
    "('F5', 'D4')": 14.959556529435122,
    "('F6', 'D1')": 7.7149901812441195,
    "('F6', 'D2')": 8.925777906168603,
    "('F6', 'D3')": 11.383839260253133,
    "('F6', 'D4')": 17.386922207904895,
    "('D1', 'D2')": 9.103162188427197,
    "('D1', 'D3')": 6.182740852403567,
    "('D1', 'D4')": 14.52187781721656,
    "('D1', 'V1')": 8.910849916092854,
    "('D1', 'V2')": 16.002698120773225,
    "('D1', 'V3')": 15.155450793870965,
    "('D1', 'V4')": 13.513707341441293,
    "('D1', 'V5')": 16.68644188867313,
    "('D1', 'V6')": 12.924517602482657,
    "('D1', 'V7')": 5.648344477137865,
    "('D1', 'V8')": 12.9379544406931,
    "('D1', 'V9')": 13.912356597260509,
    "('D1', 'V10')": 8.401165728697446,
    "('D1', 'V11')": 11.356352335446836,
    "('D1', 'V12')": 11.518689809229908,
    "('D2', 'D1')": 9.103162188427197,
    "('D2', 'D3')": 14.101170469783673,
    "('D2', 'D4')": 18.9177151314479,
    "('D2', 'V1')": 11.822516163901756,
    "('D2', 'V2')": 12.286946172774181,
    "('D2', 'V3')": 9.712248996708603,
    "('D2', 'V4')": 14.3732695800643,
    "('D2', 'V5')": 15.84152894563635,
    "('D2', 'V6')": 5.892647398132769,
    "('D2', 'V7')": 7.222475938087314,
    "('D2', 'V8')": 9.374816144849976,
    "('D2', 'V9')": 10.988739063091769,
    "('D2', 'V10')": 3.421672408457945,
    "('D2', 'V11')": 8.784507972775312,
    "('D2', 'V12')": 10.977607531621263,
    "('D3', 'D1')": 6.182740852403567,
    "('D3', 'D2')": 14.101170469783673,
    "('D3', 'D4')": 9.646334169047304,
    "('D3', 'V1')": 7.0195337486810505,
    "('D3', 'V2')": 16.528013634085045,
    "('D3', 'V3')": 16.951603355811404,
    "('D3', 'V4')": 11.452110300891766,
    "('D3', 'V5')": 15.146399972404968,
    "('D3', 'V6')": 16.10768580924048,
    "('D3', 'V7')": 7.709215493338251,
    "('D3', 'V8')": 14.070367415454513,
    "('D3', 'V9')": 14.376045975659423,
    "('D3', 'V10')": 12.12694133375504,
    "('D3', 'V11')": 12.381975096165577,
    "('D3', 'V12')": 11.120982731727896,
    "('D4', 'D1')": 14.52187781721656,
    "('D4', 'D2')": 18.9177151314479,
    "('D4', 'D3')": 9.646334169047304,
    "('D4', 'V1')": 7.095304403323986,
    "('D4', 'V2')": 13.972168485410972,
    "('D4', 'V3')": 16.238535987760763,
    "('D4', 'V4')": 6.826140026881842,
    "('D4', 'V5')": 9.693734282706505,
    "('D4', 'V6')": 17.715727001644794,
    "('D4', 'V7')": 11.86407814663932,
    "('D4', 'V8')": 13.304259636505444,
    "('D4', 'V9')": 12.467527451978947,
    "('D4', 'V10')": 15.726917375609641,
    "('D4', 'V11')": 12.212960911919184,
    "('D4', 'V12')": 9.540692423942225,
    "('V1', 'D1')": 8.910849916092854,
    "('V1', 'D2')": 11.822516163901756,
    "('V1', 'D3')": 7.0195337486810505,
    "('V1', 'D4')": 7.095304403323986,
    "('V1', 'V2')": 9.705011169768776,
    "('V1', 'V3')": 10.759980885959576,
    "('V1', 'V4')": 4.738442666322149,
    "('V1', 'V5')": 8.274588040414717,
    "('V1', 'V6')": 11.177653631253973,
    "('V1', 'V7')": 4.870511549122337,
    "('V1', 'V8')": 7.702149651742536,
    "('V1', 'V9')": 7.623945754049986,
    "('V1', 'V10')": 8.660862831903433,
    "('V1', 'V11')": 6.164420970919044,
    "('V1', 'V12')": 4.237696323353136,
    "('V2', 'D1')": 16.002698120773225,
    "('V2', 'D2')": 12.286946172774181,
    "('V2', 'D3')": 16.528013634085045,
    "('V2', 'D4')": 13.972168485410972,
    "('V2', 'V1')": 9.705011169768776,
    "('V2', 'V3')": 3.38691161639471,
    "('V2', 'V4')": 7.146513681394785,
    "('V2', 'V5')": 5.404600032331885,
    "('V2', 'V6')": 7.154484243651065,
    "('V2', 'V7')": 10.363887962387611,
    "('V2', 'V8')": 3.181039447506458,
    "('V2', 'V9')": 2.1716544464888416,
    "('V2', 'V10')": 9.417398267970366,
    "('V2', 'V11')": 4.647604023758983,
    "('V2', 'V12')": 5.467734235133307,
    "('V3', 'D1')": 15.155450793870965,
    "('V3', 'D2')": 9.712248996708603,
    "('V3', 'D3')": 16.951603355811404,
    "('V3', 'D4')": 16.238535987760763,
    "('V3', 'V1')": 10.759980885959576,
    "('V3', 'V2')": 3.38691161639471,
    "('V3', 'V4')": 9.55935323105891,
    "('V3', 'V5')": 8.628430378350462,
    "('V3', 'V6')": 4.048581574033719,
    "('V3', 'V7')": 9.799948309146107,
    "('V3', 'V8')": 3.069551037707277,
    "('V3', 'V9')": 3.8338073017800376,
    "('V3', 'V10')": 7.420576358653449,
    "('V3', 'V11')": 4.636477512750298,
    "('V3', 'V12')": 6.838745263841368,
    "('V4', 'D1')": 13.513707341441293,
    "('V4', 'D2')": 14.3732695800643,
    "('V4', 'D3')": 11.452110300891766,
    "('V4', 'D4')": 6.826140026881842,
    "('V4', 'V1')": 4.738442666322149,
    "('V4', 'V2')": 7.146513681394785,
    "('V4', 'V3')": 9.55935323105891,
    "('V4', 'V5')": 3.724540458551985,
    "('V4', 'V6')": 11.660525197897426,
    "('V4', 'V7')": 8.642268777444562,
    "('V4', 'V8')": 6.807877223117977,
    "('V4', 'V9')": 5.732145924291642,
    "('V4', 'V10')": 10.953016755586223,
    "('V4', 'V11')": 6.132098099595632,
    "('V4', 'V12')": 3.47560944423873,
    "('V5', 'D1')": 16.68644188867313,
    "('V5', 'D2')": 15.84152894563635,
    "('V5', 'D3')": 15.146399972404968,
    "('V5', 'D4')": 9.693734282706505,
    "('V5', 'V1')": 8.274588040414717,
    "('V5', 'V2')": 5.404600032331885,
    "('V5', 'V3')": 8.628430378350462,
    "('V5', 'V4')": 3.724540458551985,
    "('V5', 'V6')": 11.815520504691811,
    "('V5', 'V7')": 11.37225778780953,
    "('V5', 'V8')": 6.802840310431046,
    "('V5', 'V9')": 5.205566543425599,
    "('V5', 'V10')": 12.508441041496736,
    "('V5', 'V11')": 7.057071861477931,
    "('V5', 'V12')": 5.345355445797166,
    "('V6', 'D1')": 12.924517602482657,
    "('V6', 'D2')": 5.892647398132769,
    "('V6', 'D3')": 16.10768580924048,
    "('V6', 'D4')": 17.715727001644794,
    "('V6', 'V1')": 11.177653631253973,
    "('V6', 'V2')": 7.154484243651065,
    "('V6', 'V3')": 4.048581574033719,
    "('V6', 'V4')": 11.660525197897426,
    "('V6', 'V5')": 11.815520504691811,
    "('V6', 'V7')": 8.413963379820817,
    "('V6', 'V8')": 5.058264826460533,
    "('V6', 'V9')": 6.610465010420256,
    "('V6', 'V10')": 4.535035190935927,
    "('V6', 'V11')": 5.571157218053563,
    "('V6', 'V12')": 8.302859245657547,
    "('V7', 'D1')": 5.648344477137865,
    "('V7', 'D2')": 7.222475938087314,
    "('V7', 'D3')": 7.709215493338251,
    "('V7', 'D4')": 11.86407814663932,
    "('V7', 'V1')": 4.870511549122337,
    "('V7', 'V2')": 10.363887962387611,
    "('V7', 'V3')": 9.799948309146107,
    "('V7', 'V4')": 8.642268777444562,
    "('V7', 'V5')": 11.37225778780953,
    "('V7', 'V6')": 8.413963379820817,
    "('V7', 'V8')": 7.345653127332066,
    "('V7', 'V9')": 8.264265200159397,
    "('V7', 'V10')": 4.543383344887353,
    "('V7', 'V11')": 5.724836431777926,
    "('V7', 'V12')": 6.05496798413001,
    "('V8', 'D1')": 12.9379544406931,
    "('V8', 'D2')": 9.374816144849976,
    "('V8', 'D3')": 14.070367415454513,
    "('V8', 'D4')": 13.304259636505444,
    "('V8', 'V1')": 7.702149651742536,
    "('V8', 'V2')": 3.181039447506458,
    "('V8', 'V3')": 3.069551037707277,
    "('V8', 'V4')": 6.807877223117977,
    "('V8', 'V5')": 6.802840310431046,
    "('V8', 'V6')": 5.058264826460533,
    "('V8', 'V7')": 7.345653127332066,
    "('V8', 'V9')": 1.6435818716737391,
    "('V8', 'V10')": 6.317810892780649,
    "('V8', 'V11')": 1.6990608301022472,
    "('V8', 'V12')": 3.8049676824669363,
    "('V9', 'D1')": 13.912356597260509,
    "('V9', 'D2')": 10.988739063091769,
    "('V9', 'D3')": 14.376045975659423,
    "('V9', 'D4')": 12.467527451978947,
    "('V9', 'V1')": 7.623945754049986,
    "('V9', 'V2')": 2.1716544464888416,
    "('V9', 'V3')": 3.8338073017800376,
    "('V9', 'V4')": 5.732145924291642,
    "('V9', 'V5')": 5.205566543425599,
    "('V9', 'V6')": 6.610465010420256,
    "('V9', 'V7')": 8.264265200159397,
    "('V9', 'V8')": 1.6435818716737391,
    "('V9', 'V10')": 7.854525437519579,
    "('V9', 'V11')": 2.6247353300661125,
    "('V9', 'V12')": 3.4043053786438096,
    "('V10', 'D1')": 8.401165728697446,
    "('V10', 'D2')": 3.421672408457945,
    "('V10', 'D3')": 12.12694133375504,
    "('V10', 'D4')": 15.726917375609641,
    "('V10', 'V1')": 8.660862831903433,
    "('V10', 'V2')": 9.417398267970366,
    "('V10', 'V3')": 7.420576358653449,
    "('V10', 'V4')": 10.953016755586223,
    "('V10', 'V5')": 12.508441041496736,
    "('V10', 'V6')": 4.535035190935927,
    "('V10', 'V7')": 4.543383344887353,
    "('V10', 'V8')": 6.317810892780649,
    "('V10', 'V9')": 7.854525437519579,
    "('V10', 'V11')": 5.473323097973862,
    "('V10', 'V12')": 7.558785369543962,
    "('V11', 'D1')": 11.356352335446836,
    "('V11', 'D2')": 8.784507972775312,
    "('V11', 'D3')": 12.381975096165577,
    "('V11', 'D4')": 12.212960911919184,
    "('V11', 'V1')": 6.164420970919044,
    "('V11', 'V2')": 4.647604023758983,
    "('V11', 'V3')": 4.636477512750298,
    "('V11', 'V4')": 6.132098099595632,
    "('V11', 'V5')": 7.057071861477931,
    "('V11', 'V6')": 5.571157218053563,
    "('V11', 'V7')": 5.724836431777926,
    "('V11', 'V8')": 1.6990608301022472,
    "('V11', 'V9')": 2.6247353300661125,
    "('V11', 'V10')": 5.473323097973862,
    "('V11', 'V12')": 2.7317231789709324,
    "('V12', 'D1')": 11.518689809229908,
    "('V12', 'D2')": 10.977607531621263,
    "('V12', 'D3')": 11.120982731727896,
    "('V12', 'D4')": 9.540692423942225,
    "('V12', 'V1')": 4.237696323353136,
    "('V12', 'V2')": 5.467734235133307,
    "('V12', 'V3')": 6.838745263841368,
    "('V12', 'V4')": 3.47560944423873,
    "('V12', 'V5')": 5.345355445797166,
    "('V12', 'V6')": 8.302859245657547,
    "('V12', 'V7')": 6.05496798413001,
    "('V12', 'V8')": 3.8049676824669363,
    "('V12', 'V9')": 3.4043053786438096,
    "('V12', 'V10')": 7.558785369543962,
    "('V12', 'V11')": 2.7317231789709324
  },
  "waktu": {
    "('F1', 'D1')": 15.059055839178969,
    "('F1', 'D2')": 20.07809471349249,
    "('F1', 'D3')": 10.969045527422347,
    "('F1', 'D4')": 9.153280824971821,
    "('F2', 'D1')": 9.127267487502992,
    "('F2', 'D2')": 12.366335937248085,
    "('F2', 'D3')": 11.69986844960577,
    "('F2', 'D4')": 18.11392617388926,
    "('F3', 'D1')": 7.03052442285704,
    "('F3', 'D2')": 12.059008278422585,
    "('F3', 'D3')": 8.298635860343797,
    "('F3', 'D4')": 14.677726060079538,
    "('F4', 'D1')": 16.699448617511717,
    "('F4', 'D2')": 10.630758336206505,
    "('F4', 'D3')": 19.7617441562084,
    "('F4', 'D4')": 21.206205293513605,
    "('F5', 'D1')": 21.56502545383115,
    "('F5', 'D2')": 20.030607868311076,
    "('F5', 'D3')": 20.262992688101665,
    "('F5', 'D4')": 14.959556529435122,
    "('F6', 'D1')": 7.7149901812441195,
    "('F6', 'D2')": 8.925777906168603,
    "('F6', 'D3')": 11.383839260253133,
    "('F6', 'D4')": 17.386922207904895,
    "('D1', 'D2')": 9.103162188427197,
    "('D1', 'D3')": 6.182740852403567,
    "('D1', 'D4')": 14.52187781721656,
    "('D1', 'V1')": 8.910849916092854,
    "('D1', 'V2')": 16.002698120773225,
    "('D1', 'V3')": 15.155450793870965,
    "('D1', 'V4')": 13.513707341441293,
    "('D1', 'V5')": 16.68644188867313,
    "('D1', 'V6')": 12.924517602482657,
    "('D1', 'V7')": 5.648344477137865,
    "('D1', 'V8')": 12.9379544406931,
    "('D1', 'V9')": 13.912356597260509,
    "('D1', 'V10')": 8.401165728697446,
    "('D1', 'V11')": 11.356352335446836,
    "('D1', 'V12')": 11.518689809229908,
    "('D2', 'D1')": 9.103162188427197,
    "('D2', 'D3')": 14.101170469783673,
    "('D2', 'D4')": 18.9177151314479,
    "('D2', 'V1')": 11.822516163901756,
    "('D2', 'V2')": 12.286946172774181,
    "('D2', 'V3')": 9.712248996708603,
    "('D2', 'V4')": 14.3732695800643,
    "('D2', 'V5')": 15.84152894563635,
    "('D2', 'V6')": 5.892647398132769,
    "('D2', 'V7')": 7.222475938087314,
    "('D2', 'V8')": 9.374816144849976,
    "('D2', 'V9')": 10.988739063091769,
    "('D2', 'V10')": 3.421672408457945,
    "('D2', 'V11')": 8.784507972775312,
    "('D2', 'V12')": 10.977607531621263,
    "('D3', 'D1')": 6.182740852403567,
    "('D3', 'D2')": 14.101170469783673,
    "('D3', 'D4')": 9.646334169047304,
    "('D3', 'V1')": 7.0195337486810505,
    "('D3', 'V2')": 16.528013634085045,
    "('D3', 'V3')": 16.951603355811404,
    "('D3', 'V4')": 11.452110300891766,
    "('D3', 'V5')": 15.146399972404968,
    "('D3', 'V6')": 16.10768580924048,
    "('D3', 'V7')": 7.709215493338251,
    "('D3', 'V8')": 14.070367415454513,
    "('D3', 'V9')": 14.376045975659423,
    "('D3', 'V10')": 12.12694133375504,
    "('D3', 'V11')": 12.381975096165577,
    "('D3', 'V12')": 11.120982731727896,
    "('D4', 'D1')": 14.52187781721656,
    "('D4', 'D2')": 18.9177151314479,
    "('D4', 'D3')": 9.646334169047304,
    "('D4', 'V1')": 7.095304403323986,
    "('D4', 'V2')": 13.972168485410972,
    "('D4', 'V3')": 16.238535987760763,
    "('D4', 'V4')": 6.826140026881842,
    "('D4', 'V5')": 9.693734282706505,
    "('D4', 'V6')": 17.715727001644794,
    "('D4', 'V7')": 11.86407814663932,
    "('D4', 'V8')": 13.304259636505444,
    "('D4', 'V9')": 12.467527451978947,
    "('D4', 'V10')": 15.726917375609641,
    "('D4', 'V11')": 12.212960911919184,
    "('D4', 'V12')": 9.540692423942225,
    "('V1', 'D1')": 8.910849916092854,
    "('V1', 'D2')": 11.822516163901756,
    "('V1', 'D3')": 7.0195337486810505,
    "('V1', 'D4')": 7.095304403323986,
    "('V1', 'V2')": 9.705011169768776,
    "('V1', 'V3')": 10.759980885959576,
    "('V1', 'V4')": 4.738442666322149,
    "('V1', 'V5')": 8.274588040414717,
    "('V1', 'V6')": 11.177653631253973,
    "('V1', 'V7')": 4.870511549122337,
    "('V1', 'V8')": 7.702149651742536,
    "('V1', 'V9')": 7.623945754049986,
    "('V1', 'V10')": 8.660862831903433,
    "('V1', 'V11')": 6.164420970919044,
    "('V1', 'V12')": 4.237696323353136,
    "('V2', 'D1')": 16.002698120773225,
    "('V2', 'D2')": 12.286946172774181,
    "('V2', 'D3')": 16.528013634085045,
    "('V2', 'D4')": 13.972168485410972,
    "('V2', 'V1')": 9.705011169768776,
    "('V2', 'V3')": 3.38691161639471,
    "('V2', 'V4')": 7.146513681394785,
    "('V2', 'V5')": 5.404600032331885,
    "('V2', 'V6')": 7.154484243651065,
    "('V2', 'V7')": 10.363887962387611,
    "('V2', 'V8')": 3.181039447506458,
    "('V2', 'V9')": 2.1716544464888416,
    "('V2', 'V10')": 9.417398267970366,
    "('V2', 'V11')": 4.647604023758983,
    "('V2', 'V12')": 5.467734235133307,
    "('V3', 'D1')": 15.155450793870965,
    "('V3', 'D2')": 9.712248996708603,
    "('V3', 'D3')": 16.951603355811404,
    "('V3', 'D4')": 16.238535987760763,
    "('V3', 'V1')": 10.759980885959576,
    "('V3', 'V2')": 3.38691161639471,
    "('V3', 'V4')": 9.55935323105891,
    "('V3', 'V5')": 8.628430378350462,
    "('V3', 'V6')": 4.048581574033719,
    "('V3', 'V7')": 9.799948309146107,
    "('V3', 'V8')": 3.069551037707277,
    "('V3', 'V9')": 3.8338073017800376,
    "('V3', 'V10')": 7.420576358653449,
    "('V3', 'V11')": 4.636477512750298,
    "('V3', 'V12')": 6.838745263841368,
    "('V4', 'D1')": 13.513707341441293,
    "('V4', 'D2')": 14.3732695800643,
    "('V4', 'D3')": 11.452110300891766,
    "('V4', 'D4')": 6.826140026881842,
    "('V4', 'V1')": 4.738442666322149,
    "('V4', 'V2')": 7.146513681394785,
    "('V4', 'V3')": 9.55935323105891,
    "('V4', 'V5')": 3.724540458551985,
    "('V4', 'V6')": 11.660525197897426,
    "('V4', 'V7')": 8.642268777444562,
    "('V4', 'V8')": 6.807877223117977,
    "('V4', 'V9')": 5.732145924291642,
    "('V4', 'V10')": 10.953016755586223,
    "('V4', 'V11')": 6.132098099595632,
    "('V4', 'V12')": 3.47560944423873,
    "('V5', 'D1')": 16.68644188867313,
    "('V5', 'D2')": 15.84152894563635,
    "('V5', 'D3')": 15.146399972404968,
    "('V5', 'D4')": 9.693734282706505,
    "('V5', 'V1')": 8.274588040414717,
    "('V5', 'V2')": 5.404600032331885,
    "('V5', 'V3')": 8.628430378350462,
    "('V5', 'V4')": 3.724540458551985,
    "('V5', 'V6')": 11.815520504691811,
    "('V5', 'V7')": 11.37225778780953,
    "('V5', 'V8')": 6.802840310431046,
    "('V5', 'V9')": 5.205566543425599,
    "('V5', 'V10')": 12.508441041496736,
    "('V5', 'V11')": 7.057071861477931,
    "('V5', 'V12')": 5.345355445797166,
    "('V6', 'D1')": 12.924517602482657,
    "('V6', 'D2')": 5.892647398132769,
    "('V6', 'D3')": 16.10768580924048,
    "('V6', 'D4')": 17.715727001644794,
    "('V6', 'V1')": 11.177653631253973,
    "('V6', 'V2')": 7.154484243651065,
    "('V6', 'V3')": 4.048581574033719,
    "('V6', 'V4')": 11.660525197897426,
    "('V6', 'V5')": 11.815520504691811,
    "('V6', 'V7')": 8.413963379820817,
    "('V6', 'V8')": 5.058264826460533,
    "('V6', 'V9')": 6.610465010420256,
    "('V6', 'V10')": 4.535035190935927,
    "('V6', 'V11')": 5.571157218053563,
    "('V6', 'V12')": 8.302859245657547,
    "('V7', 'D1')": 5.648344477137865,
    "('V7', 'D2')": 7.222475938087314,
    "('V7', 'D3')": 7.709215493338251,
    "('V7', 'D4')": 11.86407814663932,
    "('V7', 'V1')": 4.870511549122337,
    "('V7', 'V2')": 10.363887962387611,
    "('V7', 'V3')": 9.799948309146107,
    "('V7', 'V4')": 8.642268777444562,
    "('V7', 'V5')": 11.37225778780953,
    "('V7', 'V6')": 8.413963379820817,
    "('V7', 'V8')": 7.345653127332066,
    "('V7', 'V9')": 8.264265200159397,
    "('V7', 'V10')": 4.543383344887353,
    "('V7', 'V11')": 5.724836431777926,
    "('V7', 'V12')": 6.05496798413001,
    "('V8', 'D1')": 12.9379544406931,
    "('V8', 'D2')": 9.374816144849976,
    "('V8', 'D3')": 14.070367415454513,
    "('V8', 'D4')": 13.304259636505444,
    "('V8', 'V1')": 7.702149651742536,
    "('V8', 'V2')": 3.181039447506458,
    "('V8', 'V3')": 3.069551037707277,
    "('V8', 'V4')": 6.807877223117977,
    "('V8', 'V5')": 6.802840310431046,
    "('V8', 'V6')": 5.058264826460533,
    "('V8', 'V7')": 7.345653127332066,
    "('V8', 'V9')": 1.6435818716737391,
    "('V8', 'V10')": 6.317810892780649,
    "('V8', 'V11')": 1.6990608301022472,
    "('V8', 'V12')": 3.8049676824669363,
    "('V9', 'D1')": 13.912356597260509,
    "('V9', 'D2')": 10.988739063091769,
    "('V9', 'D3')": 14.376045975659423,
    "('V9', 'D4')": 12.467527451978947,
    "('V9', 'V1')": 7.623945754049986,
    "('V9', 'V2')": 2.1716544464888416,
    "('V9', 'V3')": 3.8338073017800376,
    "('V9', 'V4')": 5.732145924291642,
    "('V9', 'V5')": 5.205566543425599,
    "('V9', 'V6')": 6.610465010420256,
    "('V9', 'V7')": 8.264265200159397,
    "('V9', 'V8')": 1.6435818716737391,
    "('V9', 'V10')": 7.854525437519579,
    "('V9', 'V11')": 2.6247353300661125,
    "('V9', 'V12')": 3.4043053786438096,
    "('V10', 'D1')": 8.401165728697446,
    "('V10', 'D2')": 3.421672408457945,
    "('V10', 'D3')": 12.12694133375504,
    "('V10', 'D4')": 15.726917375609641,
    "('V10', 'V1')": 8.660862831903433,
    "('V10', 'V2')": 9.417398267970366,
    "('V10', 'V3')": 7.420576358653449,
    "('V10', 'V4')": 10.953016755586223,
    "('V10', 'V5')": 12.508441041496736,
    "('V10', 'V6')": 4.535035190935927,
    "('V10', 'V7')": 4.543383344887353,
    "('V10', 'V8')": 6.317810892780649,
    "('V10', 'V9')": 7.854525437519579,
    "('V10', 'V11')": 5.473323097973862,
    "('V10', 'V12')": 7.558785369543962,
    "('V11', 'D1')": 11.356352335446836,
    "('V11', 'D2')": 8.784507972775312,
    "('V11', 'D3')": 12.381975096165577,
    "('V11', 'D4')": 12.212960911919184,
    "('V11', 'V1')": 6.164420970919044,
    "('V11', 'V2')": 4.647604023758983,
    "('V11', 'V3')": 4.636477512750298,
    "('V11', 'V4')": 6.132098099595632,
    "('V11', 'V5')": 7.057071861477931,
    "('V11', 'V6')": 5.571157218053563,
    "('V11', 'V7')": 5.724836431777926,
    "('V11', 'V8')": 1.6990608301022472,
    "('V11', 'V9')": 2.6247353300661125,
    "('V11', 'V10')": 5.473323097973862,
    "('V11', 'V12')": 2.7317231789709324,
    "('V12', 'D1')": 11.518689809229908,
    "('V12', 'D2')": 10.977607531621263,
    "('V12', 'D3')": 11.120982731727896,
    "('V12', 'D4')": 9.540692423942225,
    "('V12', 'V1')": 4.237696323353136,
    "('V12', 'V2')": 5.467734235133307,
    "('V12', 'V3')": 6.838745263841368,
    "('V12', 'V4')": 3.47560944423873,
    "('V12', 'V5')": 5.345355445797166,
    "('V12', 'V6')": 8.302859245657547,
    "('V12', 'V7')": 6.05496798413001,
    "('V12', 'V8')": 3.8049676824669363,
    "('V12', 'V9')": 3.4043053786438096,
    "('V12', 'V10')": 7.558785369543962,
    "('V12', 'V11')": 2.7317231789709324
  },
  "truck_arcs": [
    {
      "p": "F1",
      "j": "D1",
      "cost": 15.059055839178969
    },
    {
      "p": "F1",
      "j": "D2",
      "cost": 20.07809471349249
    },
    {
      "p": "F1",
      "j": "D3",
      "cost": 10.969045527422347
    },
    {
      "p": "F1",
      "j": "D4",
      "cost": 9.153280824971821
    },
    {
      "p": "F2",
      "j": "D1",
      "cost": 9.127267487502992
    },
    {
      "p": "F2",
      "j": "D2",
      "cost": 12.366335937248085
    },
    {
      "p": "F2",
      "j": "D3",
      "cost": 11.69986844960577
    },
    {
      "p": "F2",
      "j": "D4",
      "cost": 18.11392617388926
    },
    {
      "p": "F3",
      "j": "D1",
      "cost": 7.03052442285704
    },
    {
      "p": "F3",
      "j": "D2",
      "cost": 12.059008278422585
    },
    {
      "p": "F3",
      "j": "D3",
      "cost": 8.298635860343797
    },
    {
      "p": "F3",
      "j": "D4",
      "cost": 14.677726060079536
    },
    {
      "p": "F4",
      "j": "D1",
      "cost": 16.699448617511717
    },
    {
      "p": "F4",
      "j": "D2",
      "cost": 10.630758336206505
    },
    {
      "p": "F4",
      "j": "D3",
      "cost": 19.7617441562084
    },
    {
      "p": "F4",
      "j": "D4",
      "cost": 21.206205293513605
    },
    {
      "p": "F5",
      "j": "D1",
      "cost": 21.56502545383115
    },
    {
      "p": "F5",
      "j": "D2",
      "cost": 20.03060786831108
    },
    {
      "p": "F5",
      "j": "D3",
      "cost": 20.262992688101665
    },
    {
      "p": "F5",
      "j": "D4",
      "cost": 14.959556529435122
    },
    {
      "p": "F6",
      "j": "D1",
      "cost": 7.7149901812441195
    },
    {
      "p": "F6",
      "j": "D2",
      "cost": 8.925777906168603
    },
    {
      "p": "F6",
      "j": "D3",
      "cost": 11.383839260253133
    },
    {
      "p": "F6",
      "j": "D4",
      "cost": 17.386922207904895
    }
  ],
  "uav_arcs": [
    {
      "u": "D1",
      "v": "D2",
      "cost": 6.068774792284798
    },
    {
      "u": "D1",
      "v": "D3",
      "cost": 4.1218272349357115
    },
    {
      "u": "D1",
      "v": "D4",
      "cost": 9.681251878144373
    },
    {
      "u": "D1",
      "v": "V1",
      "cost": 5.940566610728569
    },
    {
      "u": "D1",
      "v": "V2",
      "cost": 10.668465413848816
    },
    {
      "u": "D1",
      "v": "V3",
      "cost": 10.103633862580644
    },
    {
      "u": "D1",
      "v": "V4",
      "cost": 9.009138227627528
    },
    {
      "u": "D1",
      "v": "V5",
      "cost": 11.124294592448754
    },
    {
      "u": "D1",
      "v": "V6",
      "cost": 8.616345068321772
    },
    {
      "u": "D1",
      "v": "V7",
      "cost": 3.7655629847585765
    },
    {
      "u": "D1",
      "v": "V8",
      "cost": 8.625302960462067
    },
    {
      "u": "D1",
      "v": "V9",
      "cost": 9.274904398173673
    },
    {
      "u": "D1",
      "v": "V10",
      "cost": 5.600777152464964
    },
    {
      "u": "D1",
      "v": "V11",
      "cost": 7.570901556964557
    },
    {
      "u": "D1",
      "v": "V12",
      "cost": 7.679126539486606
    },
    {
      "u": "D2",
      "v": "D1",
      "cost": 6.068774792284798
    },
    {
      "u": "D2",
      "v": "D3",
      "cost": 9.400780313189115
    },
    {
      "u": "D2",
      "v": "D4",
      "cost": 12.611810087631934
    },
    {
      "u": "D2",
      "v": "V1",
      "cost": 7.8816774426011715
    },
    {
      "u": "D2",
      "v": "V2",
      "cost": 8.19129744851612
    },
    {
      "u": "D2",
      "v": "V3",
      "cost": 6.474832664472402
    },
    {
      "u": "D2",
      "v": "V4",
      "cost": 9.582179720042866
    },
    {
      "u": "D2",
      "v": "V5",
      "cost": 10.5610192970909
    },
    {
      "u": "D2",
      "v": "V6",
      "cost": 3.9284315987551794
    },
    {
      "u": "D2",
      "v": "V7",
      "cost": 4.814983958724876
    },
    {
      "u": "D2",
      "v": "V8",
      "cost": 6.249877429899984
    },
    {
      "u": "D2",
      "v": "V9",
      "cost": 7.32582604206118
    },
    {
      "u": "D2",
      "v": "V10",
      "cost": 2.281114938971963
    },
    {
      "u": "D2",
      "v": "V11",
      "cost": 5.856338648516874
    },
    {
      "u": "D2",
      "v": "V12",
      "cost": 7.318405021080843
    },
    {
      "u": "D3",
      "v": "D1",
      "cost": 4.1218272349357115
    },
    {
      "u": "D3",
      "v": "D2",
      "cost": 9.400780313189115
    },
    {
      "u": "D3",
      "v": "D4",
      "cost": 6.430889446031535
    },
    {
      "u": "D3",
      "v": "V1",
      "cost": 4.679689165787367
    },
    {
      "u": "D3",
      "v": "V2",
      "cost": 11.018675756056696
    },
    {
      "u": "D3",
      "v": "V3",
      "cost": 11.301068903874269
    },
    {
      "u": "D3",
      "v": "V4",
      "cost": 7.634740200594511
    },
    {
      "u": "D3",
      "v": "V5",
      "cost": 10.097599981603311
    },
    {
      "u": "D3",
      "v": "V6",
      "cost": 10.73845720616032
    },
    {
      "u": "D3",
      "v": "V7",
      "cost": 5.139476995558834
    },
    {
      "u": "D3",
      "v": "V8",
      "cost": 9.380244943636342
    },
    {
      "u": "D3",
      "v": "V9",
      "cost": 9.584030650439615
    },
    {
      "u": "D3",
      "v": "V10",
      "cost": 8.084627555836693
    },
    {
      "u": "D3",
      "v": "V11",
      "cost": 8.254650064110384
    },
    {
      "u": "D3",
      "v": "V12",
      "cost": 7.413988487818598
    },
    {
      "u": "D4",
      "v": "D1",
      "cost": 9.681251878144373
    },
    {
      "u": "D4",
      "v": "D2",
      "cost": 12.611810087631934
    },
    {
      "u": "D4",
      "v": "D3",
      "cost": 6.430889446031535
    },
    {
      "u": "D4",
      "v": "V1",
      "cost": 4.7302029355493245
    },
    {
      "u": "D4",
      "v": "V2",
      "cost": 9.314778990273982
    },
    {
      "u": "D4",
      "v": "V3",
      "cost": 10.825690658507174
    },
    {
      "u": "D4",
      "v": "V4",
      "cost": 4.5507600179212275
    },
    {
      "u": "D4",
      "v": "V5",
      "cost": 6.462489521804336
    },
    {
      "u": "D4",
      "v": "V6",
      "cost": 11.810484667763196
    },
    {
      "u": "D4",
      "v": "V7",
      "cost": 7.909385431092881
    },
    {
      "u": "D4",
      "v": "V8",
      "cost": 8.869506424336963
    },
    {
      "u": "D4",
      "v": "V9",
      "cost": 8.311684967985965
    },
    {
      "u": "D4",
      "v": "V10",
      "cost": 10.484611583739762
    },
    {
      "u": "D4",
      "v": "V11",
      "cost": 8.141973941279456
    },
    {
      "u": "D4",
      "v": "V12",
      "cost": 6.3604616159614835
    },
    {
      "u": "V1",
      "v": "D1",
      "cost": 5.940566610728569
    },
    {
      "u": "V1",
      "v": "D2",
      "cost": 7.8816774426011715
    },
    {
      "u": "V1",
      "v": "D3",
      "cost": 4.679689165787367
    },
    {
      "u": "V1",
      "v": "D4",
      "cost": 4.7302029355493245
    },
    {
      "u": "V1",
      "v": "V2",
      "cost": 6.470007446512517
    },
    {
      "u": "V1",
      "v": "V3",
      "cost": 7.173320590639718
    },
    {
      "u": "V1",
      "v": "V4",
      "cost": 3.158961777548099
    },
    {
      "u": "V1",
      "v": "V5",
      "cost": 5.5163920269431435
    },
    {
      "u": "V1",
      "v": "V6",
      "cost": 7.451769087502649
    },
    {
      "u": "V1",
      "v": "V7",
      "cost": 3.2470076994148918
    },
    {
      "u": "V1",
      "v": "V8",
      "cost": 5.134766434495024
    },
    {
      "u": "V1",
      "v": "V9",
      "cost": 5.08263050269999
    },
    {
      "u": "V1",
      "v": "V10",
      "cost": 5.773908554602288
    },
    {
      "u": "V1",
      "v": "V11",
      "cost": 4.1096139806126954
    },
    {
      "u": "V1",
      "v": "V12",
      "cost": 2.8251308822354244
    },
    {
      "u": "V2",
      "v": "D1",
      "cost": 10.668465413848816
    },
    {
      "u": "V2",
      "v": "D2",
      "cost": 8.19129744851612
    },
    {
      "u": "V2",
      "v": "D3",
      "cost": 11.018675756056696
    },
    {
      "u": "V2",
      "v": "D4",
      "cost": 9.314778990273982
    },
    {
      "u": "V2",
      "v": "V1",
      "cost": 6.470007446512517
    },
    {
      "u": "V2",
      "v": "V3",
      "cost": 2.257941077596473
    },
    {
      "u": "V2",
      "v": "V4",
      "cost": 4.76434245426319
    },
    {
      "u": "V2",
      "v": "V5",
      "cost": 3.6030666882212565
    },
    {
      "u": "V2",
      "v": "V6",
      "cost": 4.7696561624340434
    },
    {
      "u": "V2",
      "v": "V7",
      "cost": 6.909258641591742
    },
    {
      "u": "V2",
      "v": "V8",
      "cost": 2.1206929650043054
    },
    {
      "u": "V2",
      "v": "V9",
      "cost": 1.447769630992561
    },
    {
      "u": "V2",
      "v": "V10",
      "cost": 6.278265511980243
    },
    {
      "u": "V2",
      "v": "V11",
      "cost": 3.0984026825059887
    },
    {
      "u": "V2",
      "v": "V12",
      "cost": 3.645156156755538
    },
    {
      "u": "V3",
      "v": "D1",
      "cost": 10.103633862580644
    },
    {
      "u": "V3",
      "v": "D2",
      "cost": 6.474832664472402
    },
    {
      "u": "V3",
      "v": "D3",
      "cost": 11.301068903874269
    },
    {
      "u": "V3",
      "v": "D4",
      "cost": 10.825690658507174
    },
    {
      "u": "V3",
      "v": "V1",
      "cost": 7.173320590639718
    },
    {
      "u": "V3",
      "v": "V2",
      "cost": 2.257941077596473
    },
    {
      "u": "V3",
      "v": "V4",
      "cost": 6.372902154039274
    },
    {
      "u": "V3",
      "v": "V5",
      "cost": 5.752286918900308
    },
    {
      "u": "V3",
      "v": "V6",
      "cost": 2.699054382689146
    },
    {
      "u": "V3",
      "v": "V7",
      "cost": 6.53329887276407
    },
    {
      "u": "V3",
      "v": "V8",
      "cost": 2.046367358471518
    },
    {
      "u": "V3",
      "v": "V9",
      "cost": 2.555871534520025
    },
    {
      "u": "V3",
      "v": "V10",
      "cost": 4.947050905768966
    },
    {
      "u": "V3",
      "v": "V11",
      "cost": 3.090985008500199
    },
    {
      "u": "V3",
      "v": "V12",
      "cost": 4.559163509227578
    },
    {
      "u": "V4",
      "v": "D1",
      "cost": 9.009138227627528
    },
    {
      "u": "V4",
      "v": "D2",
      "cost": 9.582179720042866
    },
    {
      "u": "V4",
      "v": "D3",
      "cost": 7.634740200594511
    },
    {
      "u": "V4",
      "v": "D4",
      "cost": 4.5507600179212275
    },
    {
      "u": "V4",
      "v": "V1",
      "cost": 3.158961777548099
    },
    {
      "u": "V4",
      "v": "V2",
      "cost": 4.76434245426319
    },
    {
      "u": "V4",
      "v": "V3",
      "cost": 6.372902154039274
    },
    {
      "u": "V4",
      "v": "V5",
      "cost": 2.48302697236799
    },
    {
      "u": "V4",
      "v": "V6",
      "cost": 7.773683465264951
    },
    {
      "u": "V4",
      "v": "V7",
      "cost": 5.7615125182963745
    },
    {
      "u": "V4",
      "v": "V8",
      "cost": 4.538584815411984
    },
    {
      "u": "V4",
      "v": "V9",
      "cost": 3.8214306161944283
    },
    {
      "u": "V4",
      "v": "V10",
      "cost": 7.3020111703908155
    },
    {
      "u": "V4",
      "v": "V11",
      "cost": 4.0880653997304215
    },
    {
      "u": "V4",
      "v": "V12",
      "cost": 2.31707296282582
    },
    {
      "u": "V5",
      "v": "D1",
      "cost": 11.124294592448754
    },
    {
      "u": "V5",
      "v": "D2",
      "cost": 10.5610192970909
    },
    {
      "u": "V5",
      "v": "D3",
      "cost": 10.097599981603311
    },
    {
      "u": "V5",
      "v": "D4",
      "cost": 6.462489521804336
    },
    {
      "u": "V5",
      "v": "V1",
      "cost": 5.5163920269431435
    },
    {
      "u": "V5",
      "v": "V2",
      "cost": 3.6030666882212565
    },
    {
      "u": "V5",
      "v": "V3",
      "cost": 5.752286918900308
    },
    {
      "u": "V5",
      "v": "V4",
      "cost": 2.48302697236799
    },
    {
      "u": "V5",
      "v": "V6",
      "cost": 7.8770136697945405
    },
    {
      "u": "V5",
      "v": "V7",
      "cost": 7.5815051918730205
    },
    {
      "u": "V5",
      "v": "V8",
      "cost": 4.535226873620697
    },
    {
      "u": "V5",
      "v": "V9",
      "cost": 3.4703776956170658
    },
    {
      "u": "V5",
      "v": "V10",
      "cost": 8.338960694331158
    },
    {
      "u": "V5",
      "v": "V11",
      "cost": 4.70471457431862
    },
    {
      "u": "V5",
      "v": "V12",
      "cost": 3.563570297198111
    },
    {
      "u": "V6",
      "v": "D1",
      "cost": 8.616345068321772
    },
    {
      "u": "V6",
      "v": "D2",
      "cost": 3.9284315987551794
    },
    {
      "u": "V6",
      "v": "D3",
      "cost": 10.73845720616032
    },
    {
      "u": "V6",
      "v": "D4",
      "cost": 11.810484667763196
    },
    {
      "u": "V6",
      "v": "V1",
      "cost": 7.451769087502649
    },
    {
      "u": "V6",
      "v": "V2",
      "cost": 4.7696561624340434
    },
    {
      "u": "V6",
      "v": "V3",
      "cost": 2.699054382689146
    },
    {
      "u": "V6",
      "v": "V4",
      "cost": 7.773683465264951
    },
    {
      "u": "V6",
      "v": "V5",
      "cost": 7.8770136697945405
    },
    {
      "u": "V6",
      "v": "V7",
      "cost": 5.6093089198805455
    },
    {
      "u": "V6",
      "v": "V8",
      "cost": 3.372176550973689
    },
    {
      "u": "V6",
      "v": "V9",
      "cost": 4.406976673613504
    },
    {
      "u": "V6",
      "v": "V10",
      "cost": 3.023356793957285
    },
    {
      "u": "V6",
      "v": "V11",
      "cost": 3.7141048120357087
    },
    {
      "u": "V6",
      "v": "V12",
      "cost": 5.535239497105031
    },
    {
      "u": "V7",
      "v": "D1",
      "cost": 3.7655629847585765
    },
    {
      "u": "V7",
      "v": "D2",
      "cost": 4.814983958724876
    },
    {
      "u": "V7",
      "v": "D3",
      "cost": 5.139476995558834
    },
    {
      "u": "V7",
      "v": "D4",
      "cost": 7.909385431092881
    },
    {
      "u": "V7",
      "v": "V1",
      "cost": 3.2470076994148918
    },
    {
      "u": "V7",
      "v": "V2",
      "cost": 6.909258641591742
    },
    {
      "u": "V7",
      "v": "V3",
      "cost": 6.53329887276407
    },
    {
      "u": "V7",
      "v": "V4",
      "cost": 5.7615125182963745
    },
    {
      "u": "V7",
      "v": "V5",
      "cost": 7.5815051918730205
    },
    {
      "u": "V7",
      "v": "V6",
      "cost": 5.6093089198805455
    },
    {
      "u": "V7",
      "v": "V8",
      "cost": 4.897102084888044
    },
    {
      "u": "V7",
      "v": "V9",
      "cost": 5.509510133439598
    },
    {
      "u": "V7",
      "v": "V10",
      "cost": 3.028922229924902
    },
    {
      "u": "V7",
      "v": "V11",
      "cost": 3.816557621185284
    },
    {
      "u": "V7",
      "v": "V12",
      "cost": 4.03664532275334
    },
    {
      "u": "V8",
      "v": "D1",
      "cost": 8.625302960462067
    },
    {
      "u": "V8",
      "v": "D2",
      "cost": 6.249877429899984
    },
    {
      "u": "V8",
      "v": "D3",
      "cost": 9.380244943636342
    },
    {
      "u": "V8",
      "v": "D4",
      "cost": 8.869506424336963
    },
    {
      "u": "V8",
      "v": "V1",
      "cost": 5.134766434495024
    },
    {
      "u": "V8",
      "v": "V2",
      "cost": 2.1206929650043054
    },
    {
      "u": "V8",
      "v": "V3",
      "cost": 2.046367358471518
    },
    {
      "u": "V8",
      "v": "V4",
      "cost": 4.538584815411984
    },
    {
      "u": "V8",
      "v": "V5",
      "cost": 4.535226873620697
    },
    {
      "u": "V8",
      "v": "V6",
      "cost": 3.372176550973689
    },
    {
      "u": "V8",
      "v": "V7",
      "cost": 4.897102084888044
    },
    {
      "u": "V8",
      "v": "V9",
      "cost": 1.0957212477824927
    },
    {
      "u": "V8",
      "v": "V10",
      "cost": 4.211873928520433
    },
    {
      "u": "V8",
      "v": "V11",
      "cost": 1.132707220068165
    },
    {
      "u": "V8",
      "v": "V12",
      "cost": 2.536645121644624
    },
    {
      "u": "V9",
      "v": "D1",
      "cost": 9.274904398173673
    },
    {
      "u": "V9",
      "v": "D2",
      "cost": 7.32582604206118
    },
    {
      "u": "V9",
      "v": "D3",
      "cost": 9.584030650439615
    },
    {
      "u": "V9",
      "v": "D4",
      "cost": 8.311684967985965
    },
    {
      "u": "V9",
      "v": "V1",
      "cost": 5.08263050269999
    },
    {
      "u": "V9",
      "v": "V2",
      "cost": 1.447769630992561
    },
    {
      "u": "V9",
      "v": "V3",
      "cost": 2.555871534520025
    },
    {
      "u": "V9",
      "v": "V4",
      "cost": 3.8214306161944283
    },
    {
      "u": "V9",
      "v": "V5",
      "cost": 3.4703776956170658
    },
    {
      "u": "V9",
      "v": "V6",
      "cost": 4.406976673613504
    },
    {
      "u": "V9",
      "v": "V7",
      "cost": 5.509510133439598
    },
    {
      "u": "V9",
      "v": "V8",
      "cost": 1.0957212477824927
    },
    {
      "u": "V9",
      "v": "V10",
      "cost": 5.236350291679719
    },
    {
      "u": "V9",
      "v": "V11",
      "cost": 1.7498235533774082
    },
    {
      "u": "V9",
      "v": "V12",
      "cost": 2.2695369190958727
    },
    {
      "u": "V10",
      "v": "D1",
      "cost": 5.600777152464964
    },
    {
      "u": "V10",
      "v": "D2",
      "cost": 2.281114938971963
    },
    {
      "u": "V10",
      "v": "D3",
      "cost": 8.084627555836693
    },
    {
      "u": "V10",
      "v": "D4",
      "cost": 10.484611583739762
    },
    {
      "u": "V10",
      "v": "V1",
      "cost": 5.773908554602288
    },
    {
      "u": "V10",
      "v": "V2",
      "cost": 6.278265511980243
    },
    {
      "u": "V10",
      "v": "V3",
      "cost": 4.947050905768966
    },
    {
      "u": "V10",
      "v": "V4",
      "cost": 7.3020111703908155
    },
    {
      "u": "V10",
      "v": "V5",
      "cost": 8.338960694331158
    },
    {
      "u": "V10",
      "v": "V6",
      "cost": 3.023356793957285
    },
    {
      "u": "V10",
      "v": "V7",
      "cost": 3.028922229924902
    },
    {
      "u": "V10",
      "v": "V8",
      "cost": 4.211873928520433
    },
    {
      "u": "V10",
      "v": "V9",
      "cost": 5.236350291679719
    },
    {
      "u": "V10",
      "v": "V11",
      "cost": 3.6488820653159078
    },
    {
      "u": "V10",
      "v": "V12",
      "cost": 5.039190246362641
    },
    {
      "u": "V11",
      "v": "D1",
      "cost": 7.570901556964557
    },
    {
      "u": "V11",
      "v": "D2",
      "cost": 5.856338648516874
    },
    {
      "u": "V11",
      "v": "D3",
      "cost": 8.254650064110384
    },
    {
      "u": "V11",
      "v": "D4",
      "cost": 8.141973941279456
    },
    {
      "u": "V11",
      "v": "V1",
      "cost": 4.1096139806126954
    },
    {
      "u": "V11",
      "v": "V2",
      "cost": 3.0984026825059887
    },
    {
      "u": "V11",
      "v": "V3",
      "cost": 3.090985008500199
    },
    {
      "u": "V11",
      "v": "V4",
      "cost": 4.0880653997304215
    },
    {
      "u": "V11",
      "v": "V5",
      "cost": 4.70471457431862
    },
    {
      "u": "V11",
      "v": "V6",
      "cost": 3.7141048120357087
    },
    {
      "u": "V11",
      "v": "V7",
      "cost": 3.816557621185284
    },
    {
      "u": "V11",
      "v": "V8",
      "cost": 1.132707220068165
    },
    {
      "u": "V11",
      "v": "V9",
      "cost": 1.7498235533774082
    },
    {
      "u": "V11",
      "v": "V10",
      "cost": 3.6488820653159078
    },
    {
      "u": "V11",
      "v": "V12",
      "cost": 1.8211487859806217
    },
    {
      "u": "V12",
      "v": "D1",
      "cost": 7.679126539486606
    },
    {
      "u": "V12",
      "v": "D2",
      "cost": 7.318405021080843
    },
    {
      "u": "V12",
      "v": "D3",
      "cost": 7.413988487818598
    },
    {
      "u": "V12",
      "v": "D4",
      "cost": 6.3604616159614835
    },
    {
      "u": "V12",
      "v": "V1",
      "cost": 2.8251308822354244
    },
    {
      "u": "V12",
      "v": "V2",
      "cost": 3.645156156755538
    },
    {
      "u": "V12",
      "v": "V3",
      "cost": 4.559163509227578
    },
    {
      "u": "V12",
      "v": "V4",
      "cost": 2.31707296282582
    },
    {
      "u": "V12",
      "v": "V5",
      "cost": 3.563570297198111
    },
    {
      "u": "V12",
      "v": "V6",
      "cost": 5.535239497105031
    },
    {
      "u": "V12",
      "v": "V7",
      "cost": 4.03664532275334
    },
    {
      "u": "V12",
      "v": "V8",
      "cost": 2.536645121644624
    },
    {
      "u": "V12",
      "v": "V9",
      "cost": 2.2695369190958727
    },
    {
      "u": "V12",
      "v": "V10",
      "cost": 5.039190246362641
    },
    {
      "u": "V12",
      "v": "V11",
      "cost": 1.8211487859806217
    }
  ],
  "number_of_uav": null
}