{
  "n_center": 3,
  "n_community": 14,
  "n_warehouse": 6,
  "set_F": [
    "F1",
    "F2",
    "F3",
    "F4",
    "F5",
    "F6"
  ],
  "set_D": [
    "D1",
    "D2",
    "D3"
  ],
  "set_V": [
    "V1",
    "V2",
    "V3",
    "V4",
    "V5",
    "V6",
    "V7",
    "V8",
    "V9",
    "V10",
    "V11",
    "V12",
    "V13",
    "V14"
  ],
  "set_A": [
    "('F1', 'D1')",
    "('F1', 'D2')",
    "('F1', 'D3')",
    "('F2', 'D1')",
    "('F2', 'D2')",
    "('F2', 'D3')",
    "('F3', 'D1')",
    "('F3', 'D2')",
    "('F3', 'D3')",
    "('F4', 'D1')",
    "('F4', 'D2')",
    "('F4', 'D3')",
    "('F5', 'D1')",
    "('F5', 'D2')",
    "('F5', 'D3')",
    "('F6', 'D1')",
    "('F6', 'D2')",
    "('F6', 'D3')",
    "('D1', 'D2')",
    "('D1', 'D3')",
    "('D1', 'V1')",
    "('D1', 'V2')",
    "('D1', 'V3')",
    "('D1', 'V4')",
    "('D1', 'V5')",
    "('D1', 'V6')",
    "('D1', 'V7')",
    "('D1', 'V8')",
    "('D1', 'V9')",
    "('D1', 'V10')",
    "('D1', 'V11')",
    "('D1', 'V12')",
    "('D1', 'V13')",
    "('D1', 'V14')",
    "('D2', 'D1')",
    "('D2', 'D3')",
    "('D2', 'V1')",
    "('D2', 'V2')",
    "('D2', 'V3')",
    "('D2', 'V4')",
    "('D2', 'V5')",
    "('D2', 'V6')",
    "('D2', 'V7')",
    "('D2', 'V8')",
    "('D2', 'V9')",
    "('D2', 'V10')",
    "('D2', 'V11')",
    "('D2', 'V12')",
    "('D2', 'V13')",
    "('D2', 'V14')",
    "('D3', 'D1')",
    "('D3', 'D2')",
    "('D3', 'V1')",
    "('D3', 'V2')",
    "('D3', 'V3')",
    "('D3', 'V4')",
    "('D3', 'V5')",
    "('D3', 'V6')",
    "('D3', 'V7')",
    "('D3', 'V8')",
    "('D3', 'V9')",
    "('D3', 'V10')",
    "('D3', 'V11')",
    "('D3', 'V12')",
    "('D3', 'V13')",
    "('D3', 'V14')",
    "('V1', 'D1')",
    "('V1', 'D2')",
    "('V1', 'D3')",
    "('V1', 'V2')",
    "('V1', 'V3')",
    "('V1', 'V4')",
    "('V1', 'V5')",
    "('V1', 'V6')",
    "('V1', 'V7')",
    "('V1', 'V8')",
    "('V1', 'V9')",
    "('V1', 'V10')",
    "('V1', 'V11')",
    "('V1', 'V12')",
    "('V1', 'V13')",
    "('V1', 'V14')",
    "('V2', 'D1')",
    "('V2', 'D2')",
    "('V2', 'D3')",
    "('V2', 'V1')",
    "('V2', 'V3')",
    "('V2', 'V4')",
    "('V2', 'V5')",
    "('V2', 'V6')",
    "('V2', 'V7')",
    "('V2', 'V8')",
    "('V2', 'V9')",
    "('V2', 'V10')",
    "('V2', 'V11')",
    "('V2', 'V12')",
    "('V2', 'V13')",
    "('V2', 'V14')",
    "('V3', 'D1')",
    "('V3', 'D2')",
    "('V3', 'D3')",
    "('V3', 'V1')",
    "('V3', 'V2')",
    "('V3', 'V4')",
    "('V3', 'V5')",
    "('V3', 'V6')",
    "('V3', 'V7')",
    "('V3', 'V8')",
    "('V3', 'V9')",
    "('V3', 'V10')",
    "('V3', 'V11')",
    "('V3', 'V12')",
    "('V3', 'V13')",
    "('V3', 'V14')",
    "('V4', 'D1')",
    "('V4', 'D2')",
    "('V4', 'D3')",
    "('V4', 'V1')",
    "('V4', 'V2')",
    "('V4', 'V3')",
    "('V4', 'V5')",
    "('V4', 'V6')",
    "('V4', 'V7')",
    "('V4', 'V8')",
    "('V4', 'V9')",
    "('V4', 'V10')",
    "('V4', 'V11')",
    "('V4', 'V12')",
    "('V4', 'V13')",
    "('V4', 'V14')",
    "('V5', 'D1')",
    "('V5', 'D2')",
    "('V5', 'D3')",
    "('V5', 'V1')",
    "('V5', 'V2')",
    "('V5', 'V3')",
    "('V5', 'V4')",
    "('V5', 'V6')",
    "('V5', 'V7')",
    "('V5', 'V8')",
    "('V5', 'V9')",
    "('V5', 'V10')",
    "('V5', 'V11')",
    "('V5', 'V12')",
    "('V5', 'V13')",
    "('V5', 'V14')",
    "('V6', 'D1')",
    "('V6', 'D2')",
    "('V6', 'D3')",
    "('V6', 'V1')",
    "('V6', 'V2')",
    "('V6', 'V3')",
    "('V6', 'V4')",
    "('V6', 'V5')",
    "('V6', 'V7')",
    "('V6', 'V8')",
    "('V6', 'V9')",
    "('V6', 'V10')",
    "('V6', 'V11')",
    "('V6', 'V12')",
    "('V6', 'V13')",
    "('V6', 'V14')",
    "('V7', 'D1')",
    "('V7', 'D2')",
    "('V7', 'D3')",
    "('V7', 'V1')",
    "('V7', 'V2')",
    "('V7', 'V3')",
    "('V7', 'V4')",
    "('V7', 'V5')",
    "('V7', 'V6')",
    "('V7', 'V8')",
    "('V7', 'V9')",
    "('V7', 'V10')",
    "('V7', 'V11')",
    "('V7', 'V12')",
    "('V7', 'V13')",
    "('V7', 'V14')",
    "('V8', 'D1')",
    "('V8', 'D2')",
    "('V8', 'D3')",
    "('V8', 'V1')",
    "('V8', 'V2')",
    "('V8', 'V3')",
    "('V8', 'V4')",
    "('V8', 'V5')",
    "('V8', 'V6')",
    "('V8', 'V7')",
    "('V8', 'V9')",
    "('V8', 'V10')",
    "('V8', 'V11')",
    "('V8', 'V12')",
    "('V8', 'V13')",
    "('V8', 'V14')",
    "('V9', 'D1')",
    "('V9', 'D2')",
    "('V9', 'D3')",
    "('V9', 'V1')",
    "('V9', 'V2')",
    "('V9', 'V3')",
    "('V9', 'V4')",
    "('V9', 'V5')",
    "('V9', 'V6')",
    "('V9', 'V7')",
    "('V9', 'V8')",
    "('V9', 'V10')",
    "('V9', 'V11')",
    "('V9', 'V12')",
    "('V9', 'V13')",
    "('V9', 'V14')",
    "('V10', 'D1')",
    "('V10', 'D2')",
    "('V10', 'D3')",
    "('V10', 'V1')",
    "('V10', 'V2')",
    "('V10', 'V3')",
    "('V10', 'V4')",
    "('V10', 'V5')",
    "('V10', 'V6')",
    "('V10', 'V7')",
    "('V10', 'V8')",
    "('V10', 'V9')",
    "('V10', 'V11')",
    "('V10', 'V12')",
    "('V10', 'V13')",
    "('V10', 'V14')",
    "('V11', 'D1')",
    "('V11', 'D2')",
    "('V11', 'D3')",
    "('V11', 'V1')",
    "('V11', 'V2')",
    "('V11', 'V3')",
    "('V11', 'V4')",
    "('V11', 'V5')",
    "('V11', 'V6')",
    "('V11', 'V7')",
    "('V11', 'V8')",
    "('V11', 'V9')",
    "('V11', 'V10')",
    "('V11', 'V12')",
    "('V11', 'V13')",
    "('V11', 'V14')",
    "('V12', 'D1')",
    "('V12', 'D2')",
    "('V12', 'D3')",
    "('V12', 'V1')",
    "('V12', 'V2')",
    "('V12', 'V3')",
    "('V12', 'V4')",
    "('V12', 'V5')",
    "('V12', 'V6')",
    "('V12', 'V7')",
    "('V12', 'V8')",
    "('V12', 'V9')",
    "('V12', 'V10')",
    "('V12', 'V11')",
    "('V12', 'V13')",
    "('V12', 'V14')",
    "('V13', 'D1')",
    "('V13', 'D2')",
    "('V13', 'D3')",
    "('V13', 'V1')",
    "('V13', 'V2')",
    "('V13', 'V3')",
    "('V13', 'V4')",
    "('V13', 'V5')",
    "('V13', 'V6')",
    "('V13', 'V7')",
    "('V13', 'V8')",
    "('V13', 'V9')",
    "('V13', 'V10')",
    "('V13', 'V11')",
    "('V13', 'V12')",
    "('V13', 'V14')",
    "('V14', 'D1')",
    "('V14', 'D2')",
    "('V14', 'D3')",
    "('V14', 'V1')",
    "('V14', 'V2')",
    "('V14', 'V3')",
    "('V14', 'V4')",
    "('V14', 'V5')",
    "('V14', 'V6')",
    "('V14', 'V7')",
    "('V14', 'V8')",
    "('V14', 'V9')",
    "('V14', 'V10')",
    "('V14', 'V11')",
    "('V14', 'V12')",
    "('V14', 'V13')"
  ],
  "set_L": [
    "L1",
    "L2",
    "L3",
    "L4",
    "L5"
  ],
  "set_T": [
    "T1",
    "T2",
    "T3",
    "T4",
    "T5",
    "T6",
    "T7",
    "T8"
  ],
  "set_U": [
    "U1",
    "U2",
    "U3",
    "U4",
    "U5",
    "U6",
    "U7",
    "U8",
    "U9",
    "U10",
    "U11",
    "U12",
    "U13",
    "U14"
  ],
  "par_d": {
    "V1": 12,
    "V2": 17,
    "V3": 8,
    "V4": 33,
    "V5": 18,
    "V6": 34,
    "V7": 34,
    "V8": 15,
    "V9": 6,
    "V10": 28,
    "V11": 8,
    "V12": 31,
    "V13": 27,
    "V14": 19
  },
  "par_r": 257,
  "par_n": 250,
  "par_h": 50,
  "par_m": 180,
  "par_v": 20,
  "par_l": {
    "L1": 120,
    "L2": 132,
    "L3": 144,
    "L4": 156,
    "L5": 168
  },
  "par_f": {
    "D1": 85.0,
    "D2": 66.0,
    "D3": 118.0
  },
  "par_o_items": [
    {
      "j": "D1",
      "l": "L1",
      "value": 45.0
    },
    {
      "j": "D1",
      "l": "L2",
      "value": 49.0
    },
    {
      "j": "D1",
      "l": "L3",
      "value": 53.0
    },
    {
      "j": "D1",
      "l": "L4",
      "value": 56.0
    },
    {
      "j": "D1",
      "l": "L5",
      "value": 60.0
    },
    {
      "j": "D2",
      "l": "L1",
      "value": 45.0
    },
    {
      "j": "D2",
      "l": "L2",
      "value": 49.0
    },
    {
      "j": "D2",
      "l": "L3",
      "value": 53.0
    },
    {
      "j": "D2",
      "l": "L4",
      "value": 56.0
    },
    {
      "j": "D2",
      "l": "L5",
      "value": 60.0
    },
    {
      "j": "D3",
      "l": "L1",
      "value": 45.0
    },
    {
      "j": "D3",
      "l": "L2",
      "value": 49.0
    },
    {
      "j": "D3",
      "l": "L3",
      "value": 53.0
    },
    {
      "j": "D3",
      "l": "L4",
      "value": 56.0
    },
    {
      "j": "D3",
      "l": "L5",
      "value": 60.0
    }
  ],
  "par_s_items": [
    {
      "j": "D1",
      "l": "L1",
      "value": 120.0
    },
    {
      "j": "D1",
      "l": "L2",
      "value": 132.0
    },
    {
      "j": "D1",
      "l": "L3",
      "value": 144.0
    },
    {
      "j": "D1",
      "l": "L4",
      "value": 156.0
    },
    {
      "j": "D1",
      "l": "L5",
      "value": 168.0
    },
    {
      "j": "D2",
      "l": "L1",
      "value": 120.0
    },
    {
      "j": "D2",
      "l": "L2",
      "value": 132.0
    },
    {
      "j": "D2",
      "l": "L3",
      "value": 144.0
    },
    {
      "j": "D2",
      "l": "L4",
      "value": 156.0
    },
    {
      "j": "D2",
      "l": "L5",
      "value": 168.0
    },
    {
      "j": "D3",
      "l": "L1",
      "value": 120.0
    },
    {
      "j": "D3",
      "l": "L2",
      "value": 132.0
    },
    {
      "j": "D3",
      "l": "L3",
      "value": 144.0
    },
    {
      "j": "D3",
      "l": "L4",
      "value": 156.0
    },
    {
      "j": "D3",
      "l": "L5",
      "value": 168.0
    }
  ],
  "par_t": 290.0,
  "par_c": {
    "('F1', 'D1')": 19.937920952359534,
    "('F1', 'D2')": 15.907896547813582,
    "('F1', 'D3')": 20.741082547282257,
    "('F2', 'D1')": 11.552256809252729,
    "('F2', 'D2')": 11.773661051162607,
    "('F2', 'D3')": 8.225051402006255,
    "('F3', 'D1')": 7.214081313918124,
    "('F3', 'D2')": 15.765716206145562,
    "('F3', 'D3')": 6.77854327369508,
    "('F4', 'D1')": 11.79072354989081,
    "('F4', 'D2')": 21.602855678390853,
    "('F4', 'D3')": 15.318041858817198,
    "('F5', 'D1')": 19.48415094455554,
    "('F5', 'D2')": 18.25442801583313,
    "('F5', 'D3')": 21.063298651085564,
    "('F6', 'D1')": 19.719809380241497,
    "('F6', 'D2')": 8.619394376343763,
    "('F6', 'D3')": 17.86374318855949,
    "('D1', 'D2')": 11.386141799188733,
    "('D1', 'D3')": 3.5308110586031067,
    "('D1', 'V1')": 5.782152820287437,
    "('D1', 'V2')": 4.705522721876808,
    "('D1', 'V3')": 9.10340903491626,
    "('D1', 'V4')": 9.181860519151735,
    "('D1', 'V5')": 9.979145831857462,
    "('D1', 'V6')": 6.122802950970162,
    "('D1', 'V7')": 3.5186616566731255,
    "('D1', 'V8')": 9.842169649820955,
    "('D1', 'V9')": 8.907944650012206,
    "('D1', 'V10')": 2.337193000765072,
    "('D1', 'V11')": 3.192703971787879,
    "('D1', 'V12')": 4.3971510071539495,
    "('D1', 'V13')": 7.263539399204214,
    "('D1', 'V14')": 7.929283364879132,
    "('D2', 'D1')": 11.386141799188733,
    "('D2', 'D3')": 9.254270852037198,
    "('D2', 'V1')": 6.080733444891203,
    "('D2', 'V2')": 10.412920578547292,
    "('D2', 'V3')": 2.5736181155237188,
    "('D2', 'V4')": 5.181481516010971,
    "('D2', 'V5')": 8.37009553270207,
    "('D2', 'V6')": 8.601974437458908,
    "('D2', 'V7')": 9.325737907268453,
    "('D2', 'V8')": 10.202430566882969,
    "('D2', 'V9')": 8.048395951815827,
    "('D2', 'V10')": 9.167756431119233,
    "('D2', 'V11')": 8.34947850354535,
    "('D2', 'V12')": 7.048568347565498,
    "('D2', 'V13')": 4.144042859695672,
    "('D2', 'V14')": 4.033481951565026,
    "('D3', 'D1')": 3.5308110586031067,
    "('D3', 'D2')": 9.254270852037198,
    "('D3', 'V1')": 5.177037974283519,
    "('D3', 'V2')": 6.840872424080546,
    "('D3', 'V3')": 7.472042968392551,
    "('D3', 'V4')": 8.753792578112517,
    "('D3', 'V5')": 10.639040415323892,
    "('D3', 'V6')": 7.250901678017935,
    "('D3', 'V7')": 5.070381011618022,
    "('D3', 'V8')": 11.140743999441696,
    "('D3', 'V9')": 9.58646284566954,
    "('D3', 'V10')": 1.8689172361011117,
    "('D3', 'V11')": 3.409794210485545,
    "('D3', 'V12')": 2.706519313826108,
    "('D3', 'V13')": 5.561541220083362,
    "('D3', 'V14')": 5.318810099395511,
    "('V1', 'D1')": 5.782152820287437,
    "('V1', 'D2')": 6.080733444891203,
    "('V1', 'D3')": 5.177037974283519,
    "('V1', 'V2')": 4.490842260702384,
    "('V1', 'V3')": 3.5553737425332215,
    "('V1', 'V4')": 3.619847128376566,
    "('V1', 'V5')": 5.648215711834925,
    "('V1', 'V6')": 3.2343187392850576,
    "('V1', 'V7')": 3.2450066230982397,
    "('V1', 'V8')": 6.582165431917452,
    "('V1', 'V9')": 4.668689711647943,
    "('V1', 'V10')": 4.032291914183106,
    "('V1', 'V11')": 2.59161350263045,
    "('V1', 'V12')": 2.522635555323823,
    "('V1', 'V13')": 2.171538263834129,
    "('V1', 'V14')": 4.040718935652308,
    "('V2', 'D1')": 4.705522721876808,
    "('V2', 'D2')": 10.412920578547292,
    "('V2', 'D3')": 6.840872424080546,
    "('V2', 'V1')": 4.490842260702384,
    "('V2', 'V3')": 7.839304583151484,
    "('V2', 'V4')": 6.315621430772431,
    "('V2', 'V5')": 5.814828052386032,
    "('V2', 'V6')": 2.2006853563791684,
    "('V2', 'V7')": 1.8205786153044243,
    "('V2', 'V8')": 5.252347541779326,
    "('V2', 'V9')": 4.843978832259284,
    "('V2', 'V10')": 4.974353818671608,
    "('V2', 'V11')": 3.654139130846173,
    "('V2', 'V12')": 5.4546880354074885,
    "('V2', 'V13')": 6.661731202734505,
    "('V2', 'V14')": 8.389289005822397,
    "('V3', 'D1')": 9.10340903491626,
    "('V3', 'D2')": 2.5736181155237188,
    "('V3', 'D3')": 7.472042968392551,
    "('V3', 'V1')": 3.5553737425332215,
    "('V3', 'V2')": 7.839304583151484,
    "('V3', 'V4')": 3.1478613659943457,
    "('V3', 'V5')": 6.399329925946497,
    "('V3', 'V6')": 6.060860845620069,
    "('V3', 'V7')": 6.790458096366852,
    "('V3', 'V8')": 8.064427608871412,
    "('V3', 'V9')": 5.866123734669266,
    "('V3', 'V10')": 7.013562765687081,
    "('V3', 'V11')": 5.966002208409703,
    "('V3', 'V12')": 4.955992283906154,
    "('V3', 'V13')": 1.9271038160325697,
    "('V3', 'V14')": 3.0740680904032027,
    "('V4', 'D1')": 9.181860519151735,
    "('V4', 'D2')": 5.181481516010971,
    "('V4', 'D3')": 8.753792578112517,
    "('V4', 'V1')": 3.619847128376566,
    "('V4', 'V2')": 6.315621430772431,
    "('V4', 'V3')": 3.1478613659943457,
    "('V4', 'V5')": 3.263035637923672,
    "('V4', 'V6')": 4.151547002128819,
    "('V4', 'V7')": 6.0001723077208835,
    "('V4', 'V8')": 5.025181526776913,
    "('V4', 'V9')": 2.8699597557942313,
    "('V4', 'V10')": 7.637590422583654,
    "('V4', 'V11')": 6.081646349194306,
    "('V4', 'V12')": 6.052905320712392,
    "('V4', 'V13')": 3.8832323635600465,
    "('V4', 'V14')": 5.842112648698807,
    "('V5', 'D1')": 9.979145831857462,
    "('V5', 'D2')": 8.37009553270207,
    "('V5', 'D3')": 10.639040415323892,
    "('V5', 'V1')": 5.648215711834925,
    "('V5', 'V2')": 5.814828052386032,
    "('V5', 'V3')": 6.399329925946497,
    "('V5', 'V4')": 3.263035637923672,
    "('V5', 'V6')": 3.8719766447417423,
    "('V5', 'V7')": 6.461413955025742,
    "('V5', 'V8')": 1.9652659511504607,
    "('V5', 'V9')": 1.0803251791911836,
    "('V5', 'V10')": 9.115912155610093,
    "('V5', 'V11')": 7.397213458304178,
    "('V5', 'V12')": 8.126598844966578,
    "('V5', 'V13')": 6.791475094646427,
    "('V5', 'V14')": 8.878062856708583,
    "('V6', 'D1')": 6.122802950970162,
    "('V6', 'D2')": 8.601974437458908,
    "('V6', 'D3')": 7.250901678017935,
    "('V6', 'V1')": 3.2343187392850576,
    "('V6', 'V2')": 2.2006853563791684,
    "('V6', 'V3')": 6.060860845620069,
    "('V6', 'V4')": 4.151547002128819,
    "('V6', 'V5')": 3.8719766447417423,
    "('V6', 'V7')": 2.606930372304818,
    "('V6', 'V8')": 3.9056349666506764,
    "('V6', 'V9')": 2.8193908038958915,
    "('V6', 'V10')": 5.533724695989055,
    "('V6', 'V11')": 3.8482628781121244,
    "('V6', 'V12')": 5.1306207205190875,
    "('V6', 'V13')": 5.2756085850990395,
    "('V6', 'V14')": 7.263705872259672,
    "('V7', 'D1')": 3.5186616566731255,
    "('V7', 'D2')": 9.325737907268453,
    "('V7', 'D3')": 5.070381011618022,
    "('V7', 'V1')": 3.2450066230982397,
    "('V7', 'V2')": 1.8205786153044243,
    "('V7', 'V3')": 6.790458096366852,
    "('V7', 'V4')": 6.0001723077208835,
    "('V7', 'V5')": 6.461413955025742,
    "('V7', 'V6')": 2.606930372304818,
    "('V7', 'V8')": 6.411037655180442,
    "('V7', 'V9')": 5.3925177119995755,
    "('V7', 'V10')": 3.2210324301225826,
    "('V7', 'V11')": 1.8366706547721372,
    "('V7', 'V12')": 3.6785219656622283,
    "('V7', 'V13')": 5.323263933877654,
    "('V7', 'V14')": 6.829736089180982,
    "('V8', 'D1')": 9.842169649820955,
    "('V8', 'D2')": 10.202430566882969,
    "('V8', 'D3')": 11.140743999441696,
    "('V8', 'V1')": 6.582165431917452,
    "('V8', 'V2')": 5.252347541779326,
    "('V8', 'V3')": 8.064427608871412,
    "('V8', 'V4')": 5.025181526776913,
    "('V8', 'V5')": 1.9652659511504607,
    "('V8', 'V6')": 3.9056349666506764,
    "('V8', 'V7')": 6.411037655180442,
    "('V8', 'V9')": 2.1990029152444217,
    "('V8', 'V10')": 9.439331575642933,
    "('V8', 'V11')": 7.749180785603295,
    "('V8', 'V12')": 8.869680257238544,
    "('V8', 'V13')": 8.128415409788417,
    "('V8', 'V14')": 10.244538001440915,
    "('V9', 'D1')": 8.907944650012206,
    "('V9', 'D2')": 8.048395951815827,
    "('V9', 'D3')": 9.58646284566954,
    "('V9', 'V1')": 4.668689711647943,
    "('V9', 'V2')": 4.843978832259284,
    "('V9', 'V3')": 5.866123734669266,
    "('V9', 'V4')": 2.8699597557942313,
    "('V9', 'V5')": 1.0803251791911836,
    "('V9', 'V6')": 2.8193908038958915,
    "('V9', 'V7')": 5.3925177119995755,
    "('V9', 'V8')": 2.1990029152444217,
    "('V9', 'V10')": 8.042382198861125,
    "('V9', 'V11')": 6.322732990459868,
    "('V9', 'V12')": 7.110685592124468,
    "('V9', 'V13')": 5.999661144290157,
    "('V9', 'V14')": 8.111237444177988,
    "('V10', 'D1')": 2.337193000765072,
    "('V10', 'D2')": 9.167756431119233,
    "('V10', 'D3')": 1.8689172361011117,
    "('V10', 'V1')": 4.032291914183106,
    "('V10', 'V2')": 4.974353818671608,
    "('V10', 'V3')": 7.013562765687081,
    "('V10', 'V4')": 7.637590422583654,
    "('V10', 'V5')": 9.115912155610093,
    "('V10', 'V6')": 5.533724695989055,
    "('V10', 'V7')": 3.2210324301225826,
    "('V10', 'V8')": 9.439331575642933,
    "('V10', 'V9')": 8.042382198861125,
    "('V10', 'V11')": 1.7203552048789177,
    "('V10', 'V12')": 2.1202954713069175,
    "('V10', 'V13')": 5.111554774619399,
    "('V10', 'V14')": 5.599520284012373,
    "('V11', 'D1')": 3.192703971787879,
    "('V11', 'D2')": 8.34947850354535,
    "('V11', 'D3')": 3.409794210485545,
    "('V11', 'V1')": 2.59161350263045,
    "('V11', 'V2')": 3.654139130846173,
    "('V11', 'V3')": 5.966002208409703,
    "('V11', 'V4')": 6.081646349194306,
    "('V11', 'V5')": 7.397213458304178,
    "('V11', 'V6')": 3.8482628781121244,
    "('V11', 'V7')": 1.8366706547721372,
    "('V11', 'V8')": 7.749180785603295,
    "('V11', 'V9')": 6.322732990459868,
    "('V11', 'V10')": 1.7203552048789177,
    "('V11', 'V12')": 1.9052931561967779,
    "('V11', 'V13')": 4.207072700867001,
    "('V11', 'V14')": 5.320535299602182,
    "('V12', 'D1')": 4.3971510071539495,
    "('V12', 'D2')": 7.048568347565498,
    "('V12', 'D3')": 2.706519313826108,
    "('V12', 'V1')": 2.522635555323823,
    "('V12', 'V2')": 5.4546880354074885,
    "('V12', 'V3')": 4.955992283906154,
    "('V12', 'V4')": 6.052905320712392,
    "('V12', 'V5')": 8.126598844966578,
    "('V12', 'V6')": 5.1306207205190875,
    "('V12', 'V7')": 3.6785219656622283,
    "('V12', 'V8')": 8.869680257238544,
    "('V12', 'V9')": 7.110685592124468,
    "('V12', 'V10')": 2.1202954713069175,
    "('V12', 'V11')": 1.9052931561967779,
    "('V12', 'V13')": 3.0329628940471114,
    "('V12', 'V14')": 3.571706783711884,
    "('V13', 'D1')": 7.263539399204214,
    "('V13', 'D2')": 4.144042859695672,
    "('V13', 'D3')": 5.561541220083362,
    "('V13', 'V1')": 2.171538263834129,
    "('V13', 'V2')": 6.661731202734505,
    "('V13', 'V3')": 1.9271038160325697,
    "('V13', 'V4')": 3.8832323635600465,
    "('V13', 'V5')": 6.791475094646427,
    "('V13', 'V6')": 5.2756085850990395,
    "('V13', 'V7')": 5.323263933877654,
    "('V13', 'V8')": 8.128415409788417,
    "('V13', 'V9')": 5.999661144290157,
    "('V13', 'V10')": 5.111554774619399,
    "('V13', 'V11')": 4.207072700867001,
    "('V13', 'V12')": 3.0329628940471114,
    "('V13', 'V14')": 2.1161286189071564,
    "('V14', 'D1')": 7.929283364879132,
    "('V14', 'D2')": 4.033481951565026,
    "('V14', 'D3')": 5.318810099395511,
    "('V14', 'V1')": 4.040718935652308,
    "('V14', 'V2')": 8.389289005822397,
    "('V14', 'V3')": 3.0740680904032027,
    "('V14', 'V4')": 5.842112648698807,
    "('V14', 'V5')": 8.878062856708583,
    "('V14', 'V6')": 7.263705872259672,
    "('V14', 'V7')": 6.829736089180982,
    "('V14', 'V8')": 10.244538001440915,
    "('V14', 'V9')": 8.111237444177988,
    "('V14', 'V10')": 5.599520284012373,
    "('V14', 'V11')": 5.320535299602182,
    "('V14', 'V12')": 3.571706783711884,
    "('V14', 'V13')": 2.1161286189071564
  },
  "par_a": [
    120,
    132,
    144,
    156,
    168
  ],
  "_distance": {
    "('F1', 'F1')": 0.0,
    "('F1', 'F2')": 26.88691499110648,
    "('F1', 'F3')": 27.013445587503995,
    "('F1', 'F4')": 22.197732565275324,
    "('F1', 'F5')": 4.743427765302673,
    "('F1', 'F6')": 14.998733200410191,
    "('F1', 'D1')": 19.937920952359534,
    "('F1', 'D2')": 15.907896547813582,
    "('F1', 'D3')": 20.741082547282257,
    "('F1', 'V1')": 15.644417842802367,
    "('F1', 'V2')": 15.395943721310488,
    "('F1', 'V3')": 15.133056107326228,
    "('F1', 'V4')": 12.399118618985021,
    "('F1', 'V5')": 10.12049462916848,
    "('F1', 'V6')": 13.8457730489343,
    "('F1', 'V7')": 16.444755329144584,
    "('F1', 'V8')": 10.14365529097221,
    "('F1', 'V9')": 11.19244724246496,
    "('F1', 'V10')": 19.234826746964277,
    "('F1', 'V11')": 17.515111384885223,
    "('F1', 'V12')": 18.163519611855083,
    "('F1', 'V13')": 16.27643135430877,
    "('F1', 'V14')": 18.134948603156154,
    "('F2', 'F1')": 26.88691499110648,
    "('F2', 'F2')": 0.0,
    "('F2', 'F3')": 9.136667428476658,
    "('F2', 'F4')": 23.01348587622638,
    "('F2', 'F5')": 28.15312819596012,
    "('F2', 'F6')": 19.179635206329678,
    "('F2', 'D1')": 11.552256809252729,
    "('F2', 'D2')": 11.773661051162607,
    "('F2', 'D3')": 8.225051402006255,
    "('F2', 'V1')": 11.841412146853065,
    "('F2', 'V2')": 14.9120328799383,
    "('F2', 'V3')": 11.793041123515733,
    "('F2', 'V4')": 14.538335401361225,
    "('F2', 'V5')": 17.3665095120916,
    "('F2', 'V6')": 14.797657944293942,
    "('F2', 'V7')": 13.093538203235322,
    "('F2', 'V8')": 18.42160143771589,
    "('F2', 'V9')": 16.46443785522526,
    "('F2', 'V10')": 10.048711903159147,
    "('F2', 'V11')": 11.275876683999403,
    "('F2', 'V12')": 9.673446827023865,
    "('F2', 'V13')": 10.664519541841653,
    "('F2', 'V14')": 8.75359483458631,
    "('F3', 'F1')": 27.013445587503995,
    "('F3', 'F2')": 9.136667428476658,
    "('F3', 'F3')": 0.0,
    "('F3', 'F4')": 15.650456507489398,
    "('F3', 'F5')": 26.697901338150864,
    "('F3', 'F6')": 24.362819299490887,
    "('F3', 'D1')": 7.214081313918124,
    "('F3', 'D2')": 15.765716206145562,
    "('F3', 'D3')": 6.77854327369508,
    "('F3', 'V1')": 11.829124276204139,
    "('F3', 'V2')": 11.91959396980994,
    "('F3', 'V3')": 14.21255354860784,
    "('F3', 'V4')": 15.447321582675684,
    "('F3', 'V5')": 16.927517538045024,
    "('F3', 'V6')": 13.175720110532223,
    "('F3', 'V7')": 10.59786917265251,
    "('F3', 'V8')": 17.00391166517303,
    "('F3', 'V9')": 15.847599223107292,
    "('F3', 'V10')": 7.8726964807778606,
    "('F3', 'V11')": 9.562087627910314,
    "('F3', 'V12')": 9.461112586309342,
    "('F3', 'V13')": 12.322545664943249,
    "('F3', 'V14')": 11.732528400053235,
    "('F4', 'F1')": 22.197732565275324,
    "('F4', 'F2')": 23.01348587622638,
    "('F4', 'F3')": 15.650456507489398,
    "('F4', 'F4')": 0.0,
    "('F4', 'F5')": 19.19047025184745,
    "('F4', 'F6')": 28.655526150289905,
    "('F4', 'D1')": 11.79072354989081,
    "('F4', 'D2')": 21.602855678390853,
    "('F4', 'D3')": 15.318041858817198,
    "('F4', 'V1')": 15.564607862344653,
    "('F4', 'V2')": 11.213559512397719,
    "('F4', 'V3')": 19.032518437915684,
    "('F4', 'V4')": 17.347681445696033,
    "('F4', 'V5')": 15.70767025670472,
    "('F4', 'V6')": 13.231622219499789,
    "('F4', 'V7')": 12.35852584069283,
    "('F4', 'V8')": 14.074343816679963,
    "('F4', 'V9')": 15.124337064272671,
    "('F4', 'V10')": 13.92780424527129,
    "('F4', 'V11')": 13.760063328391736,
    "('F4', 'V12')": 15.595536502834065,
    "('F4', 'V13')": 17.68084669349267,
    "('F4', 'V14')": 19.077476793226463,
    "('F5', 'F1')": 4.743427765302673,
    "('F5', 'F2')": 28.15312819596012,
    "('F5', 'F3')": 26.697901338150864,
    "('F5', 'F4')": 19.19047025184745,
    "('F5', 'F5')": 0.0,
    "('F5', 'F6')": 19.067272044910652,
    "('F5', 'D1')": 19.48415094455554,
    "('F5', 'D2')": 18.25442801583313,
    "('F5', 'D3')": 21.063298651085564,
    "('F5', 'V1')": 16.36832776121234,
    "('F5', 'V2')": 14.778855152828038,
    "('F5', 'V3')": 16.87476238851047,
    "('F5', 'V4')": 13.794547271461425,
    "('F5', 'V5')": 10.787826038304745,
    "('F5', 'V6')": 13.816736351383135,
    "('F5', 'V7')": 16.222987702749762,
    "('F5', 'V8')": 9.923991099412834,
    "('F5', 'V9')": 11.704066542779358,
    "('F5', 'V10')": 19.339703250378374,
    "('F5', 'V11')": 17.66499794972226,
    "('F5', 'V12')": 18.75718319236336,
    "('F5', 'V13')": 17.555011291226933,
    "('F5', 'V14')": 19.60864697690634,
    "('F6', 'F1')": 14.998733200410191,
    "('F6', 'F2')": 19.179635206329678,
    "('F6', 'F3')": 24.362819299490887,
    "('F6', 'F4')": 28.655526150289905,
    "('F6', 'F5')": 19.067272044910652,
    "('F6', 'F6')": 0.0,
    "('F6', 'D1')": 19.719809380241497,
    "('F6', 'D2')": 8.619394376343763,
    "('F6', 'D3')": 17.86374318855949,
    "('F6', 'V1')": 14.023136429807074,
    "('F6', 'V2')": 17.659890144241327,
    "('F6', 'V3')": 10.62410975714218,
    "('F6', 'V4')": 11.355499797123883,
    "('F6', 'V5')": 13.21412173128731,
    "('F6', 'V6')": 15.507026136940443,
    "('F6', 'V7')": 17.09265531173902,
    "('F6', 'V8')": 15.111971474240965,
    "('F6', 'V9')": 13.599657978727294,
    "('F6', 'V10')": 17.625801436118145,
    "('F6', 'V11')": 16.554596026533144,
    "('F6', 'V12')": 15.535884592942743,
    "('F6', 'V13')": 12.514404239614795,
    "('F6', 'V14')": 12.639177192969532,
    "('D1', 'F1')": 19.937920952359534,
    "('D1', 'F2')": 11.552256809252729,
    "('D1', 'F3')": 7.214081313918124,
    "('D1', 'F4')": 11.79072354989081,
    "('D1', 'F5')": 19.48415094455554,
    "('D1', 'F6')": 19.719809380241497,
    "('D1', 'D1')": 0.0,
    "('D1', 'D2')": 11.386141799188733,
    "('D1', 'D3')": 3.5308110586031067,
    "('D1', 'V1')": 5.782152820287437,
    "('D1', 'V2')": 4.705522721876808,
    "('D1', 'V3')": 9.10340903491626,
    "('D1', 'V4')": 9.181860519151735,
    "('D1', 'V5')": 9.979145831857462,
    "('D1', 'V6')": 6.122802950970162,
    "('D1', 'V7')": 3.5186616566731255,
    "('D1', 'V8')": 9.842169649820955,
    "('D1', 'V9')": 8.907944650012206,
    "('D1', 'V10')": 2.337193000765072,
    "('D1', 'V11')": 3.192703971787879,
    "('D1', 'V12')": 4.3971510071539495,
    "('D1', 'V13')": 7.263539399204214,
    "('D1', 'V14')": 7.929283364879132,
    "('D2', 'F1')": 15.907896547813582,
    "('D2', 'F2')": 11.773661051162607,
    "('D2', 'F3')": 15.765716206145562,
    "('D2', 'F4')": 21.602855678390853,
    "('D2', 'F5')": 18.25442801583313,
    "('D2', 'F6')": 8.619394376343763,
    "('D2', 'D1')": 11.386141799188733,
    "('D2', 'D2')": 0.0,
    "('D2', 'D3')": 9.254270852037198,
    "('D2', 'V1')": 6.080733444891203,
    "('D2', 'V2')": 10.412920578547292,
    "('D2', 'V3')": 2.5736181155237188,
    "('D2', 'V4')": 5.181481516010971,
    "('D2', 'V5')": 8.37009553270207,
    "('D2', 'V6')": 8.601974437458908,
    "('D2', 'V7')": 9.325737907268453,
    "('D2', 'V8')": 10.202430566882969,
    "('D2', 'V9')": 8.048395951815827,
    "('D2', 'V10')": 9.167756431119233,
    "('D2', 'V11')": 8.34947850354535,
    "('D2', 'V12')": 7.048568347565498,
    "('D2', 'V13')": 4.144042859695672,
    "('D2', 'V14')": 4.033481951565026,
    "('D3', 'F1')": 20.741082547282257,
    "('D3', 'F2')": 8.225051402006255,
    "('D3', 'F3')": 6.77854327369508,
    "('D3', 'F4')": 15.318041858817198,
    "('D3', 'F5')": 21.063298651085564,
    "('D3', 'F6')": 17.86374318855949,
    "('D3', 'D1')": 3.5308110586031067,
    "('D3', 'D2')": 9.254270852037198,
    "('D3', 'D3')": 0.0,
    "('D3', 'V1')": 5.177037974283519,
    "('D3', 'V2')": 6.840872424080546,
    "('D3', 'V3')": 7.472042968392551,
    "('D3', 'V4')": 8.753792578112517,
    "('D3', 'V5')": 10.639040415323892,
    "('D3', 'V6')": 7.250901678017935,
    "('D3', 'V7')": 5.070381011618022,
    "('D3', 'V8')": 11.140743999441696,
    "('D3', 'V9')": 9.58646284566954,
    "('D3', 'V10')": 1.8689172361011117,
    "('D3', 'V11')": 3.409794210485545,
    "('D3', 'V12')": 2.706519313826108,
    "('D3', 'V13')": 5.561541220083362,
    "('D3', 'V14')": 5.318810099395511,
    "('V1', 'F1')": 15.644417842802367,
    "('V1', 'F2')": 11.841412146853065,
    "('V1', 'F3')": 11.829124276204139,
    "('V1', 'F4')": 15.564607862344653,
    "('V1', 'F5')": 16.36832776121234,
    "('V1', 'F6')": 14.023136429807074,
    "('V1', 'D1')": 5.782152820287437,
    "('V1', 'D2')": 6.080733444891203,
    "('V1', 'D3')": 5.177037974283519,
    "('V1', 'V1')": 0.0,
    "('V1', 'V2')": 4.490842260702384,
    "('V1', 'V3')": 3.5553737425332215,
    "('V1', 'V4')": 3.619847128376566,
    "('V1', 'V5')": 5.648215711834925,
    "('V1', 'V6')": 3.2343187392850576,
    "('V1', 'V7')": 3.2450066230982397,
    "('V1', 'V8')": 6.582165431917452,
    "('V1', 'V9')": 4.668689711647943,
    "('V1', 'V10')": 4.032291914183106,
    "('V1', 'V11')": 2.59161350263045,
    "('V1', 'V12')": 2.522635555323823,
    "('V1', 'V13')": 2.171538263834129,
    "('V1', 'V14')": 4.040718935652308,
    "('V2', 'F1')": 15.395943721310488,
    "('V2', 'F2')": 14.9120328799383,
    "('V2', 'F3')": 11.91959396980994,
    "('V2', 'F4')": 11.213559512397719,
    "('V2', 'F5')": 14.778855152828038,
    "('V2', 'F6')": 17.659890144241327,
    "('V2', 'D1')": 4.705522721876808,
    "('V2', 'D2')": 10.412920578547292,
    "('V2', 'D3')": 6.840872424080546,
    "('V2', 'V1')": 4.490842260702384,
    "('V2', 'V2')": 0.0,
    "('V2', 'V3')": 7.839304583151484,
    "('V2', 'V4')": 6.315621430772431,
    "('V2', 'V5')": 5.814828052386032,
    "('V2', 'V6')": 2.2006853563791684,
    "('V2', 'V7')": 1.8205786153044243,
    "('V2', 'V8')": 5.252347541779326,
    "('V2', 'V9')": 4.843978832259284,
    "('V2', 'V10')": 4.974353818671608,
    "('V2', 'V11')": 3.654139130846173,
    "('V2', 'V12')": 5.4546880354074885,
    "('V2', 'V13')": 6.661731202734505,
    "('V2', 'V14')": 8.389289005822397,
    "('V3', 'F1')": 15.133056107326228,
    "('V3', 'F2')": 11.793041123515733,
    "('V3', 'F3')": 14.21255354860784,
    "('V3', 'F4')": 19.032518437915684,
    "('V3', 'F5')": 16.87476238851047,
    "('V3', 'F6')": 10.62410975714218,
    "('V3', 'D1')": 9.10340903491626,
    "('V3', 'D2')": 2.5736181155237188,
    "('V3', 'D3')": 7.472042968392551,
    "('V3', 'V1')": 3.5553737425332215,
    "('V3', 'V2')": 7.839304583151484,
    "('V3', 'V3')": 0.0,
    "('V3', 'V4')": 3.1478613659943457,
    "('V3', 'V5')": 6.399329925946497,
    "('V3', 'V6')": 6.060860845620069,
    "('V3', 'V7')": 6.790458096366852,
    "('V3', 'V8')": 8.064427608871412,
    "('V3', 'V9')": 5.866123734669266,
    "('V3', 'V10')": 7.013562765687081,
    "('V3', 'V11')": 5.966002208409703,
    "('V3', 'V12')": 4.955992283906154,
    "('V3', 'V13')": 1.9271038160325697,
    "('V3', 'V14')": 3.0740680904032027,
    "('V4', 'F1')": 12.399118618985021,
    "('V4', 'F2')": 14.538335401361225,
    "('V4', 'F3')": 15.447321582675684,
    "('V4', 'F4')": 17.347681445696033,
    "('V4', 'F5')": 13.794547271461425,
    "('V4', 'F6')": 11.355499797123883,
    "('V4', 'D1')": 9.181860519151735,
    "('V4', 'D2')": 5.181481516010971,
    "('V4', 'D3')": 8.753792578112517,
    "('V4', 'V1')": 3.619847128376566,
    "('V4', 'V2')": 6.315621430772431,
    "('V4', 'V3')": 3.1478613659943457,
    "('V4', 'V4')": 0.0,
    "('V4', 'V5')": 3.263035637923672,
    "('V4', 'V6')": 4.151547002128819,
    "('V4', 'V7')": 6.0001723077208835,
    "('V4', 'V8')": 5.025181526776913,
    "('V4', 'V9')": 2.8699597557942313,
    "('V4', 'V10')": 7.637590422583654,
    "('V4', 'V11')": 6.081646349194306,
    "('V4', 'V12')": 6.052905320712392,
    "('V4', 'V13')": 3.8832323635600465,
    "('V4', 'V14')": 5.842112648698807,
    "('V5', 'F1')": 10.12049462916848,
    "('V5', 'F2')": 17.3665095120916,
    "('V5', 'F3')": 16.927517538045024,
    "('V5', 'F4')": 15.70767025670472,
    "('V5', 'F5')": 10.787826038304745,
    "('V5', 'F6')": 13.21412173128731,
    "('V5', 'D1')": 9.979145831857462,
    "('V5', 'D2')": 8.37009553270207,
    "('V5', 'D3')": 10.639040415323892,
    "('V5', 'V1')": 5.648215711834925,
    "('V5', 'V2')": 5.814828052386032,
    "('V5', 'V3')": 6.399329925946497,
    "('V5', 'V4')": 3.263035637923672,
    "('V5', 'V5')": 0.0,
    "('V5', 'V6')": 3.8719766447417423,
    "('V5', 'V7')": 6.461413955025742,
    "('V5', 'V8')": 1.9652659511504607,
    "('V5', 'V9')": 1.0803251791911836,
    "('V5', 'V10')": 9.115912155610093,
    "('V5', 'V11')": 7.397213458304178,
    "('V5', 'V12')": 8.126598844966578,
    "('V5', 'V13')": 6.791475094646427,
    "('V5', 'V14')": 8.878062856708583,
    "('V6', 'F1')": 13.8457730489343,
    "('V6', 'F2')": 14.797657944293942,
    "('V6', 'F3')": 13.175720110532223,
    "('V6', 'F4')": 13.231622219499789,
    "('V6', 'F5')": 13.816736351383135,
    "('V6', 'F6')": 15.507026136940443,
    "('V6', 'D1')": 6.122802950970162,
    "('V6', 'D2')": 8.601974437458908,
    "('V6', 'D3')": 7.250901678017935,
    "('V6', 'V1')": 3.2343187392850576,
    "('V6', 'V2')": 2.2006853563791684,
    "('V6', 'V3')": 6.060860845620069,
    "('V6', 'V4')": 4.151547002128819,
    "('V6', 'V5')": 3.8719766447417423,
    "('V6', 'V6')": 0.0,
    "('V6', 'V7')": 2.606930372304818,
    "('V6', 'V8')": 3.9056349666506764,
    "('V6', 'V9')": 2.8193908038958915,
    "('V6', 'V10')": 5.533724695989055,
    "('V6', 'V11')": 3.8482628781121244,
    "('V6', 'V12')": 5.1306207205190875,
    "('V6', 'V13')": 5.2756085850990395,
    "('V6', 'V14')": 7.263705872259672,
    "('V7', 'F1')": 16.444755329144584,
    "('V7', 'F2')": 13.093538203235322,
    "('V7', 'F3')": 10.59786917265251,
    "('V7', 'F4')": 12.35852584069283,
    "('V7', 'F5')": 16.222987702749762,
    "('V7', 'F6')": 17.09265531173902,
    "('V7', 'D1')": 3.5186616566731255,
    "('V7', 'D2')": 9.325737907268453,
    "('V7', 'D3')": 5.070381011618022,
    "('V7', 'V1')": 3.2450066230982397,
    "('V7', 'V2')": 1.8205786153044243,
    "('V7', 'V3')": 6.790458096366852,
    "('V7', 'V4')": 6.0001723077208835,
    "('V7', 'V5')": 6.461413955025742,
    "('V7', 'V6')": 2.606930372304818,
    "('V7', 'V7')": 0.0,
    "('V7', 'V8')": 6.411037655180442,
    "('V7', 'V9')": 5.3925177119995755,
    "('V7', 'V10')": 3.2210324301225826,
    "('V7', 'V11')": 1.8366706547721372,
    "('V7', 'V12')": 3.6785219656622283,
    "('V7', 'V13')": 5.323263933877654,
    "('V7', 'V14')": 6.829736089180982,
    "('V8', 'F1')": 10.14365529097221,
    "('V8', 'F2')": 18.42160143771589,
    "('V8', 'F3')": 17.00391166517303,
    "('V8', 'F4')": 14.074343816679963,
    "('V8', 'F5')": 9.923991099412834,
    "('V8', 'F6')": 15.111971474240965,
    "('V8', 'D1')": 9.842169649820955,
    "('V8', 'D2')": 10.202430566882969,
    "('V8', 'D3')": 11.140743999441696,
    "('V8', 'V1')": 6.582165431917452,
    "('V8', 'V2')": 5.252347541779326,
    "('V8', 'V3')": 8.064427608871412,
    "('V8', 'V4')": 5.025181526776913,
    "('V8', 'V5')": 1.9652659511504607,
    "('V8', 'V6')": 3.9056349666506764,
    "('V8', 'V7')": 6.411037655180442,
    "('V8', 'V8')": 0.0,
    "('V8', 'V9')": 2.1990029152444217,
    "('V8', 'V10')": 9.439331575642933,
    "('V8', 'V11')": 7.749180785603295,
    "('V8', 'V12')": 8.869680257238544,
    "('V8', 'V13')": 8.128415409788417,
    "('V8', 'V14')": 10.244538001440915,
    "('V9', 'F1')": 11.19244724246496,
    "('V9', 'F2')": 16.46443785522526,
    "('V9', 'F3')": 15.847599223107292,
    "('V9', 'F4')": 15.124337064272671,
    "('V9', 'F5')": 11.704066542779358,
    "('V9', 'F6')": 13.599657978727294,
    "('V9', 'D1')": 8.907944650012206,
    "('V9', 'D2')": 8.048395951815827,
    "('V9', 'D3')": 9.58646284566954,
    "('V9', 'V1')": 4.668689711647943,
    "('V9', 'V2')": 4.843978832259284,
    "('V9', 'V3')": 5.866123734669266,
    "('V9', 'V4')": 2.8699597557942313,
    "('V9', 'V5')": 1.0803251791911836,
    "('V9', 'V6')": 2.8193908038958915,
    "('V9', 'V7')": 5.3925177119995755,
    "('V9', 'V8')": 2.1990029152444217,
    "('V9', 'V9')": 0.0,
    "('V9', 'V10')": 8.042382198861125,
    "('V9', 'V11')": 6.322732990459868,
    "('V9', 'V12')": 7.110685592124468,
    "('V9', 'V13')": 5.999661144290157,
    "('V9', 'V14')": 8.111237444177988,
    "('V10', 'F1')": 19.234826746964277,
    "('V10', 'F2')": 10.048711903159147,
    "('V10', 'F3')": 7.8726964807778606,
    "('V10', 'F4')": 13.92780424527129,
    "('V10', 'F5')": 19.339703250378374,
    "('V10', 'F6')": 17.625801436118145,
    "('V10', 'D1')": 2.337193000765072,
    "('V10', 'D2')": 9.167756431119233,
    "('V10', 'D3')": 1.8689172361011117,
    "('V10', 'V1')": 4.032291914183106,
    "('V10', 'V2')": 4.974353818671608,
    "('V10', 'V3')": 7.013562765687081,
    "('V10', 'V4')": 7.637590422583654,
    "('V10', 'V5')": 9.115912155610093,
    "('V10', 'V6')": 5.533724695989055,
    "('V10', 'V7')": 3.2210324301225826,
    "('V10', 'V8')": 9.439331575642933,
    "('V10', 'V9')": 8.042382198861125,
    "('V10', 'V10')": 0.0,
    "('V10', 'V11')": 1.7203552048789177,
    "('V10', 'V12')": 2.1202954713069175,
    "('V10', 'V13')": 5.111554774619399,
    "('V10', 'V14')": 5.599520284012373,
    "('V11', 'F1')": 17.515111384885223,
    "('V11', 'F2')": 11.275876683999403,
    "('V11', 'F3')": 9.562087627910314,
    "('V11', 'F4')": 13.760063328391736,
    "('V11', 'F5')": 17.66499794972226,
    "('V11', 'F6')": 16.554596026533144,
    "('V11', 'D1')": 3.192703971787879,
    "('V11', 'D2')": 8.34947850354535,
    "('V11', 'D3')": 3.409794210485545,
    "('V11', 'V1')": 2.59161350263045,
    "('V11', 'V2')": 3.654139130846173,
    "('V11', 'V3')": 5.966002208409703,
    "('V11', 'V4')": 6.081646349194306,
    "('V11', 'V5')": 7.397213458304178,
    "('V11', 'V6')": 3.8482628781121244,
    "('V11', 'V7')": 1.8366706547721372,
    "('V11', 'V8')": 7.749180785603295,
    "('V11', 'V9')": 6.322732990459868,
    "('V11', 'V10')": 1.7203552048789177,
    "('V11', 'V11')": 0.0,
    "('V11', 'V12')": 1.9052931561967779,
    "('V11', 'V13')": 4.207072700867001,
    "('V11', 'V14')": 5.320535299602182,
    "('V12', 'F1')": 18.163519611855083,
    "('V12', 'F2')": 9.673446827023865,
    "('V12', 'F3')": 9.461112586309342,
    "('V12', 'F4')": 15.595536502834065,
    "('V12', 'F5')": 18.75718319236336,
    "('V12', 'F6')": 15.535884592942743,
    "('V12', 'D1')": 4.3971510071539495,
    "('V12', 'D2')": 7.048568347565498,
    "('V12', 'D3')": 2.706519313826108,
    "('V12', 'V1')": 2.522635555323823,
    "('V12', 'V2')": 5.4546880354074885,
    "('V12', 'V3')": 4.955992283906154,
    "('V12', 'V4')": 6.052905320712392,
    "('V12', 'V5')": 8.126598844966578,
    "('V12', 'V6')": 5.1306207205190875,
    "('V12', 'V7')": 3.6785219656622283,
    "('V12', 'V8')": 8.869680257238544,
    "('V12', 'V9')": 7.110685592124468,
    "('V12', 'V10')": 2.1202954713069175,
    "('V12', 'V11')": 1.9052931561967779,
    "('V12', 'V12')": 0.0,
    "('V12', 'V13')": 3.0329628940471114,
    "('V12', 'V14')": 3.571706783711884,
    "('V13', 'F1')": 16.27643135430877,
    "('V13', 'F2')": 10.664519541841653,
    "('V13', 'F3')": 12.322545664943249,
    "('V13', 'F4')": 17.68084669349267,
    "('V13', 'F5')": 17.555011291226933,
    "('V13', 'F6')": 12.514404239614795,
    "('V13', 'D1')": 7.263539399204214,
    "('V13', 'D2')": 4.144042859695672,
    "('V13', 'D3')": 5.561541220083362,
    "('V13', 'V1')": 2.171538263834129,
    "('V13', 'V2')": 6.661731202734505,
    "('V13', 'V3')": 1.9271038160325697,
    "('V13', 'V4')": 3.8832323635600465,
    "('V13', 'V5')": 6.791475094646427,
    "('V13', 'V6')": 5.2756085850990395,
    "('V13', 'V7')": 5.323263933877654,
    "('V13', 'V8')": 8.128415409788417,
    "('V13', 'V9')": 5.999661144290157,
    "('V13', 'V10')": 5.111554774619399,
    "('V13', 'V11')": 4.207072700867001,
    "('V13', 'V12')": 3.0329628940471114,
    "('V13', 'V13')": 0.0,
    "('V13', 'V14')": 2.1161286189071564,
    "('V14', 'F1')": 18.134948603156154,
    "('V14', 'F2')": 8.75359483458631,
    "('V14', 'F3')": 11.732528400053235,
    "('V14', 'F4')": 19.077476793226463,
    "('V14', 'F5')": 19.60864697690634,
    "('V14', 'F6')": 12.639177192969532,
    "('V14', 'D1')": 7.929283364879132,
    "('V14', 'D2')": 4.033481951565026,
    "('V14', 'D3')": 5.318810099395511,
    "('V14', 'V1')": 4.040718935652308,
    "('V14', 'V2')": 8.389289005822397,
    "('V14', 'V3')": 3.0740680904032027,
    "('V14', 'V4')": 5.842112648698807,
    "('V14', 'V5')": 8.878062856708583,
    "('V14', 'V6')": 7.263705872259672,
    "('V14', 'V7')": 6.829736089180982,
    "('V14', 'V8')": 10.244538001440915,
    "('V14', 'V9')": 8.111237444177988,
    "('V14', 'V10')": 5.599520284012373,
    "('V14', 'V11')": 5.320535299602182,
    "('V14', 'V12')": 3.571706783711884,
    "('V14', 'V13')": 2.1161286189071564,
    "('V14', 'V14')": 0.0
  },
  "tij": {
    "('F1', 'D1')": 19.937920952359534,
    "('F1', 'D2')": 15.907896547813582,
    "('F1', 'D3')": 20.741082547282257,
    "('F2', 'D1')": 11.552256809252729,
    "('F2', 'D2')": 11.773661051162607,
    "('F2', 'D3')": 8.225051402006255,
    "('F3', 'D1')": 7.214081313918124,
    "('F3', 'D2')": 15.765716206145562,
    "('F3', 'D3')": 6.77854327369508,
    "('F4', 'D1')": 11.79072354989081,
    "('F4', 'D2')": 21.602855678390856,
    "('F4', 'D3')": 15.318041858817198,
    "('F5', 'D1')": 19.48415094455554,
    "('F5', 'D2')": 18.25442801583313,
    "('F5', 'D3')": 21.063298651085564,
    "('F6', 'D1')": 19.719809380241497,
    "('F6', 'D2')": 8.619394376343763,
    "('F6', 'D3')": 17.86374318855949,
    "('D1', 'D2')": 17.079212698783103,
    "('D1', 'D3')": 5.29621658790466,
    "('D1', 'V1')": 8.673229230431156,
    "('D1', 'V2')": 7.058284082815213,
    "('D1', 'V3')": 13.655113552374388,
    "('D1', 'V4')": 13.772790778727602,
    "('D1', 'V5')": 14.968718747786193,
    "('D1', 'V6')": 9.184204426455242,
    "('D1', 'V7')": 5.277992485009689,
    "('D1', 'V8')": 14.763254474731431,
    "('D1', 'V9')": 13.361916975018309,
    "('D1', 'V10')": 3.5057895011476083,
    "('D1', 'V11')": 4.789055957681819,
    "('D1', 'V12')": 6.595726510730924,
    "('D1', 'V13')": 10.89530909880632,
    "('D1', 'V14')": 11.8939250473187,
    "('D2', 'D1')": 17.079212698783103,
    "('D2', 'D3')": 13.881406278055797,
    "('D2', 'V1')": 9.121100167336804,
    "('D2', 'V2')": 15.619380867820936,
    "('D2', 'V3')": 3.860427173285578,
    "('D2', 'V4')": 7.772222274016455,
    "('D2', 'V5')": 12.555143299053105,
    "('D2', 'V6')": 12.902961656188362,
    "('D2', 'V7')": 13.988606860902678,
    "('D2', 'V8')": 15.303645850324452,
    "('D2', 'V9')": 12.07259392772374,
    "('D2', 'V10')": 13.751634646678848,
    "('D2', 'V11')": 12.524217755318025,
    "('D2', 'V12')": 10.572852521348247,
    "('D2', 'V13')": 6.216064289543508,
    "('D2', 'V14')": 6.050222927347539,
    "('D3', 'D1')": 5.29621658790466,
    "('D3', 'D2')": 13.881406278055797,
    "('D3', 'V1')": 7.765556961425278,
    "('D3', 'V2')": 10.26130863612082,
    "('D3', 'V3')": 11.208064452588825,
    "('D3', 'V4')": 13.130688867168775,
    "('D3', 'V5')": 15.958560622985837,
    "('D3', 'V6')": 10.876352517026902,
    "('D3', 'V7')": 7.605571517427033,
    "('D3', 'V8')": 16.711115999162544,
    "('D3', 'V9')": 14.379694268504313,
    "('D3', 'V10')": 2.8033758541516676,
    "('D3', 'V11')": 5.114691315728318,
    "('D3', 'V12')": 4.059778970739162,
    "('D3', 'V13')": 8.342311830125045,
    "('D3', 'V14')": 7.978215149093268,
    "('V1', 'D1')": 8.673229230431156,
    "('V1', 'D2')": 9.121100167336804,
    "('V1', 'D3')": 7.765556961425278,
    "('V1', 'V2')": 6.736263391053576,
    "('V1', 'V3')": 5.333060613799832,
    "('V1', 'V4')": 5.4297706925648495,
    "('V1', 'V5')": 8.472323567752387,
    "('V1', 'V6')": 4.851478108927586,
    "('V1', 'V7')": 4.86750993464736,
    "('V1', 'V8')": 9.873248147876179,
    "('V1', 'V9')": 7.003034567471914,
    "('V1', 'V10')": 6.048437871274659,
    "('V1', 'V11')": 3.887420253945675,
    "('V1', 'V12')": 3.7839533329857344,
    "('V1', 'V13')": 3.2573073957511935,
    "('V1', 'V14')": 6.0610784034784615,
    "('V2', 'D1')": 7.058284082815213,
    "('V2', 'D2')": 15.619380867820936,
    "('V2', 'D3')": 10.26130863612082,
    "('V2', 'V1')": 6.736263391053576,
    "('V2', 'V3')": 11.758956874727225,
    "('V2', 'V4')": 9.473432146158647,
    "('V2', 'V5')": 8.722242078579047,
    "('V2', 'V6')": 3.301028034568753,
    "('V2', 'V7')": 2.7308679229566364,
    "('V2', 'V8')": 7.878521312668989,
    "('V2', 'V9')": 7.265968248388925,
    "('V2', 'V10')": 7.461530728007412,
    "('V2', 'V11')": 5.481208696269259,
    "('V2', 'V12')": 8.182032053111232,
    "('V2', 'V13')": 9.992596804101758,
    "('V2', 'V14')": 12.583933508733596,
    "('V3', 'D1')": 13.655113552374388,
    "('V3', 'D2')": 3.860427173285578,
    "('V3', 'D3')": 11.208064452588825,
    "('V3', 'V1')": 5.333060613799832,
    "('V3', 'V2')": 11.758956874727225,
    "('V3', 'V4')": 4.721792048991519,
    "('V3', 'V5')": 9.598994888919744,
    "('V3', 'V6')": 9.091291268430103,
    "('V3', 'V7')": 10.185687144550279,
    "('V3', 'V8')": 12.096641413307118,
    "('V3', 'V9')": 8.799185602003899,
    "('V3', 'V10')": 10.520344148530622,
    "('V3', 'V11')": 8.949003312614554,
    "('V3', 'V12')": 7.433988425859231,
    "('V3', 'V13')": 2.8906557240488544,
    "('V3', 'V14')": 4.6111021356048045,
    "('V4', 'D1')": 13.772790778727602,
    "('V4', 'D2')": 7.772222274016455,
    "('V4', 'D3')": 13.130688867168775,
    "('V4', 'V1')": 5.4297706925648495,
    "('V4', 'V2')": 9.473432146158647,
    "('V4', 'V3')": 4.721792048991519,
    "('V4', 'V5')": 4.894553456885508,
    "('V4', 'V6')": 6.227320503193228,
    "('V4', 'V7')": 9.000258461581325,
    "('V4', 'V8')": 7.5377722901653685,
    "('V4', 'V9')": 4.304939633691347,
    "('V4', 'V10')": 11.456385633875481,
    "('V4', 'V11')": 9.122469523791459,
    "('V4', 'V12')": 9.079357981068586,
    "('V4', 'V13')": 5.824848545340069,
    "('V4', 'V14')": 8.763168973048211,
    "('V5', 'D1')": 14.968718747786193,
    "('V5', 'D2')": 12.555143299053105,
    "('V5', 'D3')": 15.958560622985837,
    "('V5', 'V1')": 8.472323567752387,
    "('V5', 'V2')": 8.722242078579047,
    "('V5', 'V3')": 9.598994888919744,
    "('V5', 'V4')": 4.894553456885508,
    "('V5', 'V6')": 5.807964967112613,
    "('V5', 'V7')": 9.692120932538613,
    "('V5', 'V8')": 2.947898926725691,
    "('V5', 'V9')": 1.6204877687867754,
    "('V5', 'V10')": 13.67386823341514,
    "('V5', 'V11')": 11.095820187456267,
    "('V5', 'V12')": 12.189898267449866,
    "('V5', 'V13')": 10.18721264196964,
    "('V5', 'V14')": 13.317094285062874,
    "('V6', 'D1')": 9.184204426455242,
    "('V6', 'D2')": 12.902961656188362,
    "('V6', 'D3')": 10.876352517026902,
    "('V6', 'V1')": 4.851478108927586,
    "('V6', 'V2')": 3.301028034568753,
    "('V6', 'V3')": 9.091291268430103,
    "('V6', 'V4')": 6.227320503193228,
    "('V6', 'V5')": 5.807964967112613,
    "('V6', 'V7')": 3.910395558457227,
    "('V6', 'V8')": 5.858452449976015,
    "('V6', 'V9')": 4.229086205843837,
    "('V6', 'V10')": 8.300587043983583,
    "('V6', 'V11')": 5.772394317168187,
    "('V6', 'V12')": 7.695931080778631,
    "('V6', 'V13')": 7.913412877648559,
    "('V6', 'V14')": 10.895558808389508,
    "('V7', 'D1')": 5.277992485009689,
    "('V7', 'D2')": 13.988606860902678,
    "('V7', 'D3')": 7.605571517427033,
    "('V7', 'V1')": 4.86750993464736,
    "('V7', 'V2')": 2.7308679229566364,
    "('V7', 'V3')": 10.185687144550279,
    "('V7', 'V4')": 9.000258461581325,
    "('V7', 'V5')": 9.692120932538613,
    "('V7', 'V6')": 3.910395558457227,
    "('V7', 'V8')": 9.616556482770664,
    "('V7', 'V9')": 8.088776567999364,
    "('V7', 'V10')": 4.831548645183874,
    "('V7', 'V11')": 2.7550059821582056,
    "('V7', 'V12')": 5.517782948493343,
    "('V7', 'V13')": 7.984895900816481,
    "('V7', 'V14')": 10.244604133771473,
    "('V8', 'D1')": 14.763254474731431,
    "('V8', 'D2')": 15.303645850324452,
    "('V8', 'D3')": 16.711115999162544,
    "('V8', 'V1')": 9.873248147876179,
    "('V8', 'V2')": 7.878521312668989,
    "('V8', 'V3')": 12.096641413307118,
    "('V8', 'V4')": 7.5377722901653685,
    "('V8', 'V5')": 2.947898926725691,
    "('V8', 'V6')": 5.858452449976015,
    "('V8', 'V7')": 9.616556482770664,
    "('V8', 'V9')": 3.2985043728666326,
    "('V8', 'V10')": 14.1589973634644,
    "('V8', 'V11')": 11.623771178404942,
    "('V8', 'V12')": 13.304520385857817,
    "('V8', 'V13')": 12.192623114682625,
    "('V8', 'V14')": 15.366807002161375,
    "('V9', 'D1')": 13.361916975018309,
    "('V9', 'D2')": 12.07259392772374,
    "('V9', 'D3')": 14.379694268504313,
    "('V9', 'V1')": 7.003034567471914,
    "('V9', 'V2')": 7.265968248388925,
    "('V9', 'V3')": 8.799185602003899,
    "('V9', 'V4')": 4.304939633691347,
    "('V9', 'V5')": 1.6204877687867754,
    "('V9', 'V6')": 4.229086205843837,
    "('V9', 'V7')": 8.088776567999364,
    "('V9', 'V8')": 3.2985043728666326,
    "('V9', 'V10')": 12.063573298291688,
    "('V9', 'V11')": 9.484099485689802,
    "('V9', 'V12')": 10.666028388186701,
    "('V9', 'V13')": 8.999491716435235,
    "('V9', 'V14')": 12.166856166266982,
    "('V10', 'D1')": 3.5057895011476083,
    "('V10', 'D2')": 13.751634646678848,
    "('V10', 'D3')": 2.8033758541516676,
    "('V10', 'V1')": 6.048437871274659,
    "('V10', 'V2')": 7.461530728007412,
    "('V10', 'V3')": 10.520344148530622,
    "('V10', 'V4')": 11.456385633875481,
    "('V10', 'V5')": 13.67386823341514,
    "('V10', 'V6')": 8.300587043983583,
    "('V10', 'V7')": 4.831548645183874,
    "('V10', 'V8')": 14.1589973634644,
    "('V10', 'V9')": 12.063573298291688,
    "('V10', 'V11')": 2.5805328073183764,
    "('V10', 'V12')": 3.1804432069603763,
    "('V10', 'V13')": 7.667332161929099,
    "('V10', 'V14')": 8.39928042601856,
    "('V11', 'D1')": 4.789055957681819,
    "('V11', 'D2')": 12.524217755318025,
    "('V11', 'D3')": 5.114691315728318,
    "('V11', 'V1')": 3.887420253945675,
    "('V11', 'V2')": 5.481208696269259,
    "('V11', 'V3')": 8.949003312614554,
    "('V11', 'V4')": 9.122469523791459,
    "('V11', 'V5')": 11.095820187456267,
    "('V11', 'V6')": 5.772394317168187,
    "('V11', 'V7')": 2.7550059821582056,
    "('V11', 'V8')": 11.623771178404942,
    "('V11', 'V9')": 9.484099485689802,
    "('V11', 'V10')": 2.5805328073183764,
    "('V11', 'V12')": 2.857939734295167,
    "('V11', 'V13')": 6.310609051300501,
    "('V11', 'V14')": 7.980802949403272,
    "('V12', 'D1')": 6.595726510730924,
    "('V12', 'D2')": 10.572852521348247,
    "('V12', 'D3')": 4.059778970739162,
    "('V12', 'V1')": 3.7839533329857344,
    "('V12', 'V2')": 8.182032053111232,
    "('V12', 'V3')": 7.433988425859231,
    "('V12', 'V4')": 9.079357981068586,
    "('V12', 'V5')": 12.189898267449866,
    "('V12', 'V6')": 7.695931080778631,
    "('V12', 'V7')": 5.517782948493343,
    "('V12', 'V8')": 13.304520385857817,
    "('V12', 'V9')": 10.666028388186701,
    "('V12', 'V10')": 3.1804432069603763,
    "('V12', 'V11')": 2.857939734295167,
    "('V12', 'V13')": 4.549444341070667,
    "('V12', 'V14')": 5.357560175567826,
    "('V13', 'D1')": 10.89530909880632,
    "('V13', 'D2')": 6.216064289543508,
    "('V13', 'D3')": 8.342311830125045,
    "('V13', 'V1')": 3.2573073957511935,
    "('V13', 'V2')": 9.992596804101758,
    "('V13', 'V3')": 2.8906557240488544,
    "('V13', 'V4')": 5.824848545340069,
    "('V13', 'V5')": 10.18721264196964,
    "('V13', 'V6')": 7.913412877648559,
    "('V13', 'V7')": 7.984895900816481,
    "('V13', 'V8')": 12.192623114682625,
    "('V13', 'V9')": 8.999491716435235,
    "('V13', 'V10')": 7.667332161929099,
    "('V13', 'V11')": 6.310609051300501,
    "('V13', 'V12')": 4.549444341070667,
    "('V13', 'V14')": 3.1741929283607346,
    "('V14', 'D1')": 11.8939250473187,
    "('V14', 'D2')": 6.050222927347539,
    "('V14', 'D3')": 7.978215149093268,
    "('V14', 'V1')": 6.0610784034784615,
    "('V14', 'V2')": 12.583933508733596,
    "('V14', 'V3')": 4.6111021356048045,
    "('V14', 'V4')": 8.763168973048211,
    "('V14', 'V5')": 13.317094285062874,
    "('V14', 'V6')": 10.895558808389508,
    "('V14', 'V7')": 10.244604133771473,
    "('V14', 'V8')": 15.366807002161375,
    "('V14', 'V9')": 12.166856166266982,
    "('V14', 'V10')": 8.39928042601856,
    "('V14', 'V11')": 7.980802949403272,
    "('V14', 'V12')": 5.357560175567826,
    "('V14', 'V13')": 3.1741929283607346
  },
  "waktu": {
    "('F1', 'D1')": 19.937920952359534,
    "('F1', 'D2')": 15.907896547813582,
    "('F1', 'D3')": 20.741082547282257,
    "('F2', 'D1')": 11.552256809252729,
    "('F2', 'D2')": 11.773661051162607,
    "('F2', 'D3')": 8.225051402006255,
    "('F3', 'D1')": 7.214081313918124,
    "('F3', 'D2')": 15.765716206145562,
    "('F3', 'D3')": 6.77854327369508,
    "('F4', 'D1')": 11.79072354989081,
    "('F4', 'D2')": 21.602855678390856,
    "('F4', 'D3')": 15.318041858817198,
    "('F5', 'D1')": 19.48415094455554,
    "('F5', 'D2')": 18.25442801583313,
    "('F5', 'D3')": 21.063298651085564,
    "('F6', 'D1')": 19.719809380241497,
    "('F6', 'D2')": 8.619394376343763,
    "('F6', 'D3')": 17.86374318855949,
    "('D1', 'D2')": 17.079212698783103,
    "('D1', 'D3')": 5.29621658790466,
    "('D1', 'V1')": 8.673229230431156,
    "('D1', 'V2')": 7.058284082815213,
    "('D1', 'V3')": 13.655113552374388,
    "('D1', 'V4')": 13.772790778727602,
    "('D1', 'V5')": 14.968718747786193,
    "('D1', 'V6')": 9.184204426455242,
    "('D1', 'V7')": 5.277992485009689,
    "('D1', 'V8')": 14.763254474731431,
    "('D1', 'V9')": 13.361916975018309,
    "('D1', 'V10')": 3.5057895011476083,
    "('D1', 'V11')": 4.789055957681819,
    "('D1', 'V12')": 6.595726510730924,
    "('D1', 'V13')": 10.89530909880632,
    "('D1', 'V14')": 11.8939250473187,
    "('D2', 'D1')": 17.079212698783103,
    "('D2', 'D3')": 13.881406278055797,
    "('D2', 'V1')": 9.121100167336804,
    "('D2', 'V2')": 15.619380867820936,
    "('D2', 'V3')": 3.860427173285578,
    "('D2', 'V4')": 7.772222274016455,
    "('D2', 'V5')": 12.555143299053105,
    "('D2', 'V6')": 12.902961656188362,
    "('D2', 'V7')": 13.988606860902678,
    "('D2', 'V8')": 15.303645850324452,
    "('D2', 'V9')": 12.07259392772374,
    "('D2', 'V10')": 13.751634646678848,
    "('D2', 'V11')": 12.524217755318025,
    "('D2', 'V12')": 10.572852521348247,
    "('D2', 'V13')": 6.216064289543508,
    "('D2', 'V14')": 6.050222927347539,
    "('D3', 'D1')": 5.29621658790466,
    "('D3', 'D2')": 13.881406278055797,
    "('D3', 'V1')": 7.765556961425278,
    "('D3', 'V2')": 10.26130863612082,
    "('D3', 'V3')": 11.208064452588825,
    "('D3', 'V4')": 13.130688867168775,
    "('D3', 'V5')": 15.958560622985837,
    "('D3', 'V6')": 10.876352517026902,
    "('D3', 'V7')": 7.605571517427033,
    "('D3', 'V8')": 16.711115999162544,
    "('D3', 'V9')": 14.379694268504313,
    "('D3', 'V10')": 2.8033758541516676,
    "('D3', 'V11')": 5.114691315728318,
    "('D3', 'V12')": 4.059778970739162,
    "('D3', 'V13')": 8.342311830125045,
    "('D3', 'V14')": 7.978215149093268,
    "('V1', 'D1')": 8.673229230431156,
    "('V1', 'D2')": 9.121100167336804,
    "('V1', 'D3')": 7.765556961425278,
    "('V1', 'V2')": 6.736263391053576,
    "('V1', 'V3')": 5.333060613799832,
    "('V1', 'V4')": 5.4297706925648495,
    "('V1', 'V5')": 8.472323567752387,
    "('V1', 'V6')": 4.851478108927586,
    "('V1', 'V7')": 4.86750993464736,
    "('V1', 'V8')": 9.873248147876179,
    "('V1', 'V9')": 7.003034567471914,
    "('V1', 'V10')": 6.048437871274659,
    "('V1', 'V11')": 3.887420253945675,
    "('V1', 'V12')": 3.7839533329857344,
    "('V1', 'V13')": 3.2573073957511935,
    "('V1', 'V14')": 6.0610784034784615,
    "('V2', 'D1')": 7.058284082815213,
    "('V2', 'D2')": 15.619380867820936,
    "('V2', 'D3')": 10.26130863612082,
    "('V2', 'V1')": 6.736263391053576,
    "('V2', 'V3')": 11.758956874727225,
    "('V2', 'V4')": 9.473432146158647,
    "('V2', 'V5')": 8.722242078579047,
    "('V2', 'V6')": 3.301028034568753,
    "('V2', 'V7')": 2.7308679229566364,
    "('V2', 'V8')": 7.878521312668989,
    "('V2', 'V9')": 7.265968248388925,
    "('V2', 'V10')": 7.461530728007412,
    "('V2', 'V11')": 5.481208696269259,
    "('V2', 'V12')": 8.182032053111232,
    "('V2', 'V13')": 9.992596804101758,
    "('V2', 'V14')": 12.583933508733596,
    "('V3', 'D1')": 13.655113552374388,
    "('V3', 'D2')": 3.860427173285578,
    "('V3', 'D3')": 11.208064452588825,
    "('V3', 'V1')": 5.333060613799832,
    "('V3', 'V2')": 11.758956874727225,
    "('V3', 'V4')": 4.721792048991519,
    "('V3', 'V5')": 9.598994888919744,
    "('V3', 'V6')": 9.091291268430103,
    "('V3', 'V7')": 10.185687144550279,
    "('V3', 'V8')": 12.096641413307118,
    "('V3', 'V9')": 8.799185602003899,
    "('V3', 'V10')": 10.520344148530622,
    "('V3', 'V11')": 8.949003312614554,
    "('V3', 'V12')": 7.433988425859231,
    "('V3', 'V13')": 2.8906557240488544,
    "('V3', 'V14')": 4.6111021356048045,
    "('V4', 'D1')": 13.772790778727602,
    "('V4', 'D2')": 7.772222274016455,
    "('V4', 'D3')": 13.130688867168775,
    "('V4', 'V1')": 5.4297706925648495,
    "('V4', 'V2')": 9.473432146158647,
    "('V4', 'V3')": 4.721792048991519,
    "('V4', 'V5')": 4.894553456885508,
    "('V4', 'V6')": 6.227320503193228,
    "('V4', 'V7')": 9.000258461581325,
    "('V4', 'V8')": 7.5377722901653685,
    "('V4', 'V9')": 4.304939633691347,
    "('V4', 'V10')": 11.456385633875481,
    "('V4', 'V11')": 9.122469523791459,
    "('V4', 'V12')": 9.079357981068586,
    "('V4', 'V13')": 5.824848545340069,
    "('V4', 'V14')": 8.763168973048211,
    "('V5', 'D1')": 14.968718747786193,
    "('V5', 'D2')": 12.555143299053105,
    "('V5', 'D3')": 15.958560622985837,
    "('V5', 'V1')": 8.472323567752387,
    "('V5', 'V2')": 8.722242078579047,
    "('V5', 'V3')": 9.598994888919744,
    "('V5', 'V4')": 4.894553456885508,
    "('V5', 'V6')": 5.807964967112613,
    "('V5', 'V7')": 9.692120932538613,
    "('V5', 'V8')": 2.947898926725691,
    "('V5', 'V9')": 1.6204877687867754,
    "('V5', 'V10')": 13.67386823341514,
    "('V5', 'V11')": 11.095820187456267,
    "('V5', 'V12')": 12.189898267449866,
    "('V5', 'V13')": 10.18721264196964,
    "('V5', 'V14')": 13.317094285062874,
    "('V6', 'D1')": 9.184204426455242,
    "('V6', 'D2')": 12.902961656188362,
    "('V6', 'D3')": 10.876352517026902,
    "('V6', 'V1')": 4.851478108927586,
    "('V6', 'V2')": 3.301028034568753,
    "('V6', 'V3')": 9.091291268430103,
    "('V6', 'V4')": 6.227320503193228,
    "('V6', 'V5')": 5.807964967112613,
    "('V6', 'V7')": 3.910395558457227,
    "('V6', 'V8')": 5.858452449976015,
    "('V6', 'V9')": 4.229086205843837,
    "('V6', 'V10')": 8.300587043983583,
    "('V6', 'V11')": 5.772394317168187,
    "('V6', 'V12')": 7.695931080778631,
    "('V6', 'V13')": 7.913412877648559,
    "('V6', 'V14')": 10.895558808389508,
    "('V7', 'D1')": 5.277992485009689,
    "('V7', 'D2')": 13.988606860902678,
    "('V7', 'D3')": 7.605571517427033,
    "('V7', 'V1')": 4.86750993464736,
    "('V7', 'V2')": 2.7308679229566364,
    "('V7', 'V3')": 10.185687144550279,
    "('V7', 'V4')": 9.000258461581325,
    "('V7', 'V5')": 9.692120932538613,
    "('V7', 'V6')": 3.910395558457227,
    "('V7', 'V8')": 9.616556482770664,
    "('V7', 'V9')": 8.088776567999364,
    "('V7', 'V10')": 4.831548645183874,
    "('V7', 'V11')": 2.7550059821582056,
    "('V7', 'V12')": 5.517782948493343,
    "('V7', 'V13')": 7.984895900816481,
    "('V7', 'V14')": 10.244604133771473,
    "('V8', 'D1')": 14.763254474731431,
    "('V8', 'D2')": 15.303645850324452,
    "('V8', 'D3')": 16.711115999162544,
    "('V8', 'V1')": 9.873248147876179,
    "('V8', 'V2')": 7.878521312668989,
    "('V8', 'V3')": 12.096641413307118,
    "('V8', 'V4')": 7.5377722901653685,
    "('V8', 'V5')": 2.947898926725691,
    "('V8', 'V6')": 5.858452449976015,
    "('V8', 'V7')": 9.616556482770664,
    "('V8', 'V9')": 3.2985043728666326,
    "('V8', 'V10')": 14.1589973634644,
    "('V8', 'V11')": 11.623771178404942,
    "('V8', 'V12')": 13.304520385857817,
    "('V8', 'V13')": 12.192623114682625,
    "('V8', 'V14')": 15.366807002161375,
    "('V9', 'D1')": 13.361916975018309,
    "('V9', 'D2')": 12.07259392772374,
    "('V9', 'D3')": 14.379694268504313,
    "('V9', 'V1')": 7.003034567471914,
    "('V9', 'V2')": 7.265968248388925,
    "('V9', 'V3')": 8.799185602003899,
    "('V9', 'V4')": 4.304939633691347,
    "('V9', 'V5')": 1.6204877687867754,
    "('V9', 'V6')": 4.229086205843837,
    "('V9', 'V7')": 8.088776567999364,
    "('V9', 'V8')": 3.2985043728666326,
    "('V9', 'V10')": 12.063573298291688,
    "('V9', 'V11')": 9.484099485689802,
    "('V9', 'V12')": 10.666028388186701,
    "('V9', 'V13')": 8.999491716435235,
    "('V9', 'V14')": 12.166856166266982,
    "('V10', 'D1')": 3.5057895011476083,
    "('V10', 'D2')": 13.751634646678848,
    "('V10', 'D3')": 2.8033758541516676,
    "('V10', 'V1')": 6.048437871274659,
    "('V10', 'V2')": 7.461530728007412,
    "('V10', 'V3')": 10.520344148530622,
    "('V10', 'V4')": 11.456385633875481,
    "('V10', 'V5')": 13.67386823341514,
    "('V10', 'V6')": 8.300587043983583,
    "('V10', 'V7')": 4.831548645183874,
    "('V10', 'V8')": 14.1589973634644,
    "('V10', 'V9')": 12.063573298291688,
    "('V10', 'V11')": 2.5805328073183764,
    "('V10', 'V12')": 3.1804432069603763,
    "('V10', 'V13')": 7.667332161929099,
    "('V10', 'V14')": 8.39928042601856,
    "('V11', 'D1')": 4.789055957681819,
    "('V11', 'D2')": 12.524217755318025,
    "('V11', 'D3')": 5.114691315728318,
    "('V11', 'V1')": 3.887420253945675,
    "('V11', 'V2')": 5.481208696269259,
    "('V11', 'V3')": 8.949003312614554,
    "('V11', 'V4')": 9.122469523791459,
    "('V11', 'V5')": 11.095820187456267,
    "('V11', 'V6')": 5.772394317168187,
    "('V11', 'V7')": 2.7550059821582056,
    "('V11', 'V8')": 11.623771178404942,
    "('V11', 'V9')": 9.484099485689802,
    "('V11', 'V10')": 2.5805328073183764,
    "('V11', 'V12')": 2.857939734295167,
    "('V11', 'V13')": 6.310609051300501,
    "('V11', 'V14')": 7.980802949403272,
    "('V12', 'D1')": 6.595726510730924,
    "('V12', 'D2')": 10.572852521348247,
    "('V12', 'D3')": 4.059778970739162,
    "('V12', 'V1')": 3.7839533329857344,
    "('V12', 'V2')": 8.182032053111232,
    "('V12', 'V3')": 7.433988425859231,
    "('V12', 'V4')": 9.079357981068586,
    "('V12', 'V5')": 12.189898267449866,
    "('V12', 'V6')": 7.695931080778631,
    "('V12', 'V7')": 5.517782948493343,
    "('V12', 'V8')": 13.304520385857817,
    "('V12', 'V9')": 10.666028388186701,
    "('V12', 'V10')": 3.1804432069603763,
    "('V12', 'V11')": 2.857939734295167,
    "('V12', 'V13')": 4.549444341070667,
    "('V12', 'V14')": 5.357560175567826,
    "('V13', 'D1')": 10.89530909880632,
    "('V13', 'D2')": 6.216064289543508,
    "('V13', 'D3')": 8.342311830125045,
    "('V13', 'V1')": 3.2573073957511935,
    "('V13', 'V2')": 9.992596804101758,
    "('V13', 'V3')": 2.8906557240488544,
    "('V13', 'V4')": 5.824848545340069,
    "('V13', 'V5')": 10.18721264196964,
    "('V13', 'V6')": 7.913412877648559,
    "('V13', 'V7')": 7.984895900816481,
    "('V13', 'V8')": 12.192623114682625,
    "('V13', 'V9')": 8.999491716435235,
    "('V13', 'V10')": 7.667332161929099,
    "('V13', 'V11')": 6.310609051300501,
    "('V13', 'V12')": 4.549444341070667,
    "('V13', 'V14')": 3.1741929283607346,
    "('V14', 'D1')": 11.8939250473187,
    "('V14', 'D2')": 6.050222927347539,
    "('V14', 'D3')": 7.978215149093268,
    "('V14', 'V1')": 6.0610784034784615,
    "('V14', 'V2')": 12.583933508733596,
    "('V14', 'V3')": 4.6111021356048045,
    "('V14', 'V4')": 8.763168973048211,
    "('V14', 'V5')": 13.317094285062874,
    "('V14', 'V6')": 10.895558808389508,
    "('V14', 'V7')": 10.244604133771473,
    "('V14', 'V8')": 15.366807002161375,
    "('V14', 'V9')": 12.166856166266982,
    "('V14', 'V10')": 8.39928042601856,
    "('V14', 'V11')": 7.980802949403272,
    "('V14', 'V12')": 5.357560175567826,
    "('V14', 'V13')": 3.1741929283607346
  },
  "truck_arcs": [
    {
      "p": "F1",
      "j": "D1",
      "cost": 19.937920952359534
    },
    {
      "p": "F1",
      "j": "D2",
      "cost": 15.907896547813582
    },
    {
      "p": "F1",
      "j": "D3",
      "cost": 20.741082547282257
    },
    {
      "p": "F2",
      "j": "D1",
      "cost": 11.552256809252729
    },
    {
      "p": "F2",
      "j": "D2",
      "cost": 11.773661051162607
    },
    {
      "p": "F2",
      "j": "D3",
      "cost": 8.225051402006255
    },
    {
      "p": "F3",
      "j": "D1",
      "cost": 7.214081313918124
    },
    {
      "p": "F3",
      "j": "D2",
      "cost": 15.765716206145562
    },
    {
      "p": "F3",
      "j": "D3",
      "cost": 6.77854327369508
    },
    {
      "p": "F4",
      "j": "D1",
      "cost": 11.79072354989081
    },
    {
      "p": "F4",
      "j": "D2",
      "cost": 21.602855678390853
    },
    {
      "p": "F4",
      "j": "D3",
      "cost": 15.318041858817198
    },
    {
      "p": "F5",
      "j": "D1",
      "cost": 19.48415094455554
    },
    {
      "p": "F5",
      "j": "D2",
      "cost": 18.25442801583313
    },
    {
      "p": "F5",
      "j": "D3",
      "cost": 21.063298651085564
    },
    {
      "p": "F6",
      "j": "D1",
      "cost": 19.719809380241497
    },
    {
      "p": "F6",
      "j": "D2",
      "cost": 8.619394376343763
    },
    {
      "p": "F6",
      "j": "D3",
      "cost": 17.86374318855949
    }
  ],
  "uav_arcs": [
    {
      "u": "D1",
      "v": "D2",
      "cost": 11.386141799188733
    },
    {
      "u": "D1",
      "v": "D3",
      "cost": 3.5308110586031067
    },
    {
      "u": "D1",
      "v": "V1",
      "cost": 5.782152820287437
    },
    {
      "u": "D1",
      "v": "V2",
      "cost": 4.705522721876808
    },
    {
      "u": "D1",
      "v": "V3",
      "cost": 9.10340903491626
    },
    {
      "u": "D1",
      "v": "V4",
      "cost": 9.181860519151735
    },
    {
      "u": "D1",
      "v": "V5",
      "cost": 9.979145831857462
    },
    {
      "u": "D1",
      "v": "V6",
      "cost": 6.122802950970162
    },
    {
      "u": "D1",
      "v": "V7",
      "cost": 3.5186616566731255
    },
    {
      "u": "D1",
      "v": "V8",
      "cost": 9.842169649820955
    },
    {
      "u": "D1",
      "v": "V9",
      "cost": 8.907944650012206
    },
    {
      "u": "D1",
      "v": "V10",
      "cost": 2.337193000765072
    },
    {
      "u": "D1",
      "v": "V11",
      "cost": 3.192703971787879
    },
    {
      "u": "D1",
      "v": "V12",
      "cost": 4.3971510071539495
    },
    {
      "u": "D1",
      "v": "V13",
      "cost": 7.263539399204214
    },
    {
      "u": "D1",
      "v": "V14",
      "cost": 7.929283364879132
    },
    {
      "u": "D2",
      "v": "D1",
      "cost": 11.386141799188733
    },
    {
      "u": "D2",
      "v": "D3",
      "cost": 9.254270852037198
    },
    {
      "u": "D2",
      "v": "V1",
      "cost": 6.080733444891203
    },
    {
      "u": "D2",
      "v": "V2",
      "cost": 10.412920578547292
    },
    {
      "u": "D2",
      "v": "V3",
      "cost": 2.5736181155237188
    },
    {
      "u": "D2",
      "v": "V4",
      "cost": 5.181481516010971
    },
    {
      "u": "D2",
      "v": "V5",
      "cost": 8.37009553270207
    },
    {
      "u": "D2",
      "v": "V6",
      "cost": 8.601974437458908
    },
    {
      "u": "D2",
      "v": "V7",
      "cost": 9.325737907268453
    },
    {
      "u": "D2",
      "v": "V8",
      "cost": 10.202430566882969
    },
    {
      "u": "D2",
      "v": "V9",
      "cost": 8.048395951815827
    },
    {
      "u": "D2",
      "v": "V10",
      "cost": 9.167756431119233
    },
    {
      "u": "D2",
      "v": "V11",
      "cost": 8.34947850354535
    },
    {
      "u": "D2",
      "v": "V12",
      "cost": 7.048568347565498
    },
    {
      "u": "D2",
      "v": "V13",
      "cost": 4.144042859695672
    },
    {
      "u": "D2",
      "v": "V14",
      "cost": 4.033481951565026
    },
    {
      "u": "D3",
      "v": "D1",
      "cost": 3.5308110586031067
    },
    {
      "u": "D3",
      "v": "D2",
      "cost": 9.254270852037198
    },
    {
      "u": "D3",
      "v": "V1",
      "cost": 5.177037974283519
    },
    {
      "u": "D3",
      "v": "V2",
      "cost": 6.840872424080546
    },
    {
      "u": "D3",
      "v": "V3",
      "cost": 7.472042968392551
    },
    {
      "u": "D3",
      "v": "V4",
      "cost": 8.753792578112517
    },
    {
      "u": "D3",
      "v": "V5",
      "cost": 10.639040415323892
    },
    {
      "u": "D3",
      "v": "V6",
      "cost": 7.250901678017935
    },
    {
      "u": "D3",
      "v": "V7",
      "cost": 5.070381011618022
    },
    {
      "u": "D3",
      "v": "V8",
      "cost": 11.140743999441696
    },
    {
      "u": "D3",
      "v": "V9",
      "cost": 9.58646284566954
    },
    {
      "u": "D3",
      "v": "V10",
      "cost": 1.8689172361011117
    },
    {
      "u": "D3",
      "v": "V11",
      "cost": 3.409794210485545
    },
    {
      "u": "D3",
      "v": "V12",
      "cost": 2.706519313826108
    },
    {
      "u": "D3",
      "v": "V13",
      "cost": 5.561541220083362
    },
    {
      "u": "D3",
      "v": "V14",
      "cost": 5.318810099395511
    },
    {
      "u": "V1",
      "v": "D1",
      "cost": 5.782152820287437
    },
    {
      "u": "V1",
      "v": "D2",
      "cost": 6.080733444891203
    },
    {
      "u": "V1",
      "v": "D3",
      "cost": 5.177037974283519
    },
    {
      "u": "V1",
      "v": "V2",
      "cost": 4.490842260702384
    },
    {
      "u": "V1",
      "v": "V3",
      "cost": 3.5553737425332215
    },
    {
      "u": "V1",
      "v": "V4",
      "cost": 3.619847128376566
    },
    {
      "u": "V1",
      "v": "V5",
      "cost": 5.648215711834925
    },
    {
      "u": "V1",
      "v": "V6",
      "cost": 3.2343187392850576
    },
    {
      "u": "V1",
      "v": "V7",
      "cost": 3.2450066230982397
    },
    {
      "u": "V1",
      "v": "V8",
      "cost": 6.582165431917452
    },
    {
      "u": "V1",
      "v": "V9",
      "cost": 4.668689711647943
    },
    {
      "u": "V1",
      "v": "V10",
      "cost": 4.032291914183106
    },
    {
      "u": "V1",
      "v": "V11",
      "cost": 2.59161350263045
    },
    {
      "u": "V1",
      "v": "V12",
      "cost": 2.522635555323823
    },
    {
      "u": "V1",
      "v": "V13",
      "cost": 2.171538263834129
    },
    {
      "u": "V1",
      "v": "V14",
      "cost": 4.040718935652308
    },
    {
      "u": "V2",
      "v": "D1",
      "cost": 4.705522721876808
    },
    {
      "u": "V2",
      "v": "D2",
      "cost": 10.412920578547292
    },
    {
      "u": "V2",
      "v": "D3",
      "cost": 6.840872424080546
    },
    {
      "u": "V2",
      "v": "V1",
      "cost": 4.490842260702384
    },
    {
      "u": "V2",
      "v": "V3",
      "cost": 7.839304583151484
    },
    {
      "u": "V2",
      "v": "V4",
      "cost": 6.315621430772431
    },
    {
      "u": "V2",
      "v": "V5",
      "cost": 5.814828052386032
    },
    {
      "u": "V2",
      "v": "V6",
      "cost": 2.2006853563791684
    },
    {
      "u": "V2",
      "v": "V7",
      "cost": 1.8205786153044243
    },
    {
      "u": "V2",
      "v": "V8",
      "cost": 5.252347541779326
    },
    {
      "u": "V2",
      "v": "V9",
      "cost": 4.843978832259284
    },
    {
      "u": "V2",
      "v": "V10",
      "cost": 4.974353818671608
    },
    {
      "u": "V2",
      "v": "V11",
      "cost": 3.654139130846173
    },
    {
      "u": "V2",
      "v": "V12",
      "cost": 5.4546880354074885
    },
    {
      "u": "V2",
      "v": "V13",
      "cost": 6.661731202734505
    },
    {
      "u": "V2",
      "v": "V14",
      "cost": 8.389289005822397
    },
    {
      "u": "V3",
      "v": "D1",
      "cost": 9.10340903491626
    },
    {
      "u": "V3",
      "v": "D2",
      "cost": 2.5736181155237188
    },
    {
      "u": "V3",
      "v": "D3",
      "cost": 7.472042968392551
    },
    {
      "u": "V3",
      "v": "V1",
      "cost": 3.5553737425332215
    },
    {
      "u": "V3",
      "v": "V2",
      "cost": 7.839304583151484
    },
    {
      "u": "V3",
      "v": "V4",
      "cost": 3.1478613659943457
    },
    {
      "u": "V3",
      "v": "V5",
      "cost": 6.399329925946497
    },
    {
      "u": "V3",
      "v": "V6",
      "cost": 6.060860845620069
    },
    {
      "u": "V3",
      "v": "V7",
      "cost": 6.790458096366852
    },
    {
      "u": "V3",
      "v": "V8",
      "cost": 8.064427608871412
    },
    {
      "u": "V3",
      "v": "V9",
      "cost": 5.866123734669266
    },
    {
      "u": "V3",
      "v": "V10",
      "cost": 7.013562765687081
    },
    {
      "u": "V3",
      "v": "V11",
      "cost": 5.966002208409703
    },
    {
      "u": "V3",
      "v": "V12",
      "cost": 4.955992283906154
    },
    {
      "u": "V3",
      "v": "V13",
      "cost": 1.9271038160325697
    },
    {
      "u": "V3",
      "v": "V14",
      "cost": 3.0740680904032027
    },
    {
      "u": "V4",
      "v": "D1",
      "cost": 9.181860519151735
    },
    {
      "u": "V4",
      "v": "D2",
      "cost": 5.181481516010971
    },
    {
      "u": "V4",
      "v": "D3",
      "cost": 8.753792578112517
    },
    {
      "u": "V4",
      "v": "V1",
      "cost": 3.619847128376566
    },
    {
      "u": "V4",
      "v": "V2",
      "cost": 6.315621430772431
    },
    {
      "u": "V4",
      "v": "V3",
      "cost": 3.1478613659943457
    },
    {
      "u": "V4",
      "v": "V5",
      "cost": 3.263035637923672
    },
    {
      "u": "V4",
      "v": "V6",
      "cost": 4.151547002128819
    },
    {
      "u": "V4",
      "v": "V7",
      "cost": 6.0001723077208835
    },
    {
      "u": "V4",
      "v": "V8",
      "cost": 5.025181526776913
    },
    {
      "u": "V4",
      "v": "V9",
      "cost": 2.8699597557942313
    },
    {
      "u": "V4",
      "v": "V10",
      "cost": 7.637590422583654
    },
    {
      "u": "V4",
      "v": "V11",
      "cost": 6.081646349194306
    },
    {
      "u": "V4",
      "v": "V12",
      "cost": 6.052905320712392
    },
    {
      "u": "V4",
      "v": "V13",
      "cost": 3.8832323635600465
    },
    {
      "u": "V4",
      "v": "V14",
      "cost": 5.842112648698807
    },
    {
      "u": "V5",
      "v": "D1",
      "cost": 9.979145831857462
    },
    {
      "u": "V5",
      "v": "D2",
      "cost": 8.37009553270207
    },
    {
      "u": "V5",
      "v": "D3",
      "cost": 10.639040415323892
    },
    {
      "u": "V5",
      "v": "V1",
      "cost": 5.648215711834925
    },
    {
      "u": "V5",
      "v": "V2",
      "cost": 5.814828052386032
    },
    {
      "u": "V5",
      "v": "V3",
      "cost": 6.399329925946497
    },
    {
      "u": "V5",
      "v": "V4",
      "cost": 3.263035637923672
    },
    {
      "u": "V5",
      "v": "V6",
      "cost": 3.8719766447417423
    },
    {
      "u": "V5",
      "v": "V7",
      "cost": 6.461413955025742
    },
    {
      "u": "V5",
      "v": "V8",
      "cost": 1.9652659511504607
    },
    {
      "u": "V5",
      "v": "V9",
      "cost": 1.0803251791911836
    },
    {
      "u": "V5",
      "v": "V10",
      "cost": 9.115912155610093
    },
    {
      "u": "V5",
      "v": "V11",
      "cost": 7.397213458304178
    },
    {
      "u": "V5",
      "v": "V12",
      "cost": 8.126598844966578
    },
    {
      "u": "V5",
      "v": "V13",
      "cost": 6.791475094646427
    },
    {
      "u": "V5",
      "v": "V14",
      "cost": 8.878062856708583
    },
    {
      "u": "V6",
      "v": "D1",
      "cost": 6.122802950970162
    },
    {
      "u": "V6",
      "v": "D2",
      "cost": 8.601974437458908
    },
    {
      "u": "V6",
      "v": "D3",
      "cost": 7.250901678017935
    },
    {
      "u": "V6",
      "v": "V1",
      "cost": 3.2343187392850576
    },
    {
      "u": "V6",
      "v": "V2",
      "cost": 2.2006853563791684
    },
    {
      "u": "V6",
      "v": "V3",
      "cost": 6.060860845620069
    },
    {
      "u": "V6",
      "v": "V4",
      "cost": 4.151547002128819
    },
    {
      "u": "V6",
      "v": "V5",
      "cost": 3.8719766447417423
    },
    {
      "u": "V6",
      "v": "V7",
      "cost": 2.606930372304818
    },
    {
      "u": "V6",
      "v": "V8",
      "cost": 3.9056349666506764
    },
    {
      "u": "V6",
      "v": "V9",
      "cost": 2.8193908038958915
    },
    {
      "u": "V6",
      "v": "V10",
      "cost": 5.533724695989055
    },
    {
      "u": "V6",
      "v": "V11",
      "cost": 3.8482628781121244
    },
    {
      "u": "V6",
      "v": "V12",
      "cost": 5.1306207205190875
    },
    {
      "u": "V6",
      "v": "V13",
      "cost": 5.2756085850990395
    },
    {
      "u": "V6",
      "v": "V14",
      "cost": 7.263705872259672
    },
    {
      "u": "V7",
      "v": "D1",
      "cost": 3.5186616566731255
    },
    {
      "u": "V7",
      "v": "D2",
      "cost": 9.325737907268453
    },
    {
      "u": "V7",
      "v": "D3",
      "cost": 5.070381011618022
    },
    {
      "u": "V7",
      "v": "V1",
      "cost": 3.2450066230982397
    },
    {
      "u": "V7",
      "v": "V2",
      "cost": 1.8205786153044243
    },
    {
      "u": "V7",
      "v": "V3",
      "cost": 6.790458096366852
    },
    {
      "u": "V7",
      "v": "V4",
      "cost": 6.0001723077208835
    },
    {
      "u": "V7",
      "v": "V5",
      "cost": 6.461413955025742
    },
    {
      "u": "V7",
      "v": "V6",
      "cost": 2.606930372304818
    },
    {
      "u": "V7",
      "v": "V8",
      "cost": 6.411037655180442
    },
    {
      "u": "V7",
      "v": "V9",
      "cost": 5.3925177119995755
    },
    {
      "u": "V7",
      "v": "V10",
      "cost": 3.2210324301225826
    },
    {
      "u": "V7",
      "v": "V11",
      "cost": 1.8366706547721372
    },
    {
      "u": "V7",
      "v": "V12",
      "cost": 3.6785219656622283
    },
    {
      "u": "V7",
      "v": "V13",
      "cost": 5.323263933877654
    },
    {
      "u": "V7",
      "v": "V14",
      "cost": 6.829736089180982
    },
    {
      "u": "V8",
      "v": "D1",
      "cost": 9.842169649820955
    },
    {
      "u": "V8",
      "v": "D2",
      "cost": 10.202430566882969
    },
    {
      "u": "V8",
      "v": "D3",
      "cost": 11.140743999441696
    },
    {
      "u": "V8",
      "v": "V1",
      "cost": 6.582165431917452
    },
    {
      "u": "V8",
      "v": "V2",
      "cost": 5.252347541779326
    },
    {
      "u": "V8",
      "v": "V3",
      "cost": 8.064427608871412
    },
    {
      "u": "V8",
      "v": "V4",
      "cost": 5.025181526776913
    },
    {
      "u": "V8",
      "v": "V5",
      "cost": 1.9652659511504607
    },
    {
      "u": "V8",
      "v": "V6",
      "cost": 3.9056349666506764
    },
    {
      "u": "V8",
      "v": "V7",
      "cost": 6.411037655180442
    },
    {
      "u": "V8",
      "v": "V9",
      "cost": 2.1990029152444217
    },
    {
      "u": "V8",
      "v": "V10",
      "cost": 9.439331575642933
    },
    {
      "u": "V8",
      "v": "V11",
      "cost": 7.749180785603295
    },
    {
      "u": "V8",
      "v": "V12",
      "cost": 8.869680257238544
    },
    {
      "u": "V8",
      "v": "V13",
      "cost": 8.128415409788417
    },
    {
      "u": "V8",
      "v": "V14",
      "cost": 10.244538001440915
    },
    {
      "u": "V9",
      "v": "D1",
      "cost": 8.907944650012206
    },
    {
      "u": "V9",
      "v": "D2",
      "cost": 8.048395951815827
    },
    {
      "u": "V9",
      "v": "D3",
      "cost": 9.58646284566954
    },
    {
      "u": "V9",
      "v": "V1",
      "cost": 4.668689711647943
    },
    {
      "u": "V9",
      "v": "V2",
      "cost": 4.843978832259284
    },
    {
      "u": "V9",
      "v": "V3",
      "cost": 5.866123734669266
    },
    {
      "u": "V9",
      "v": "V4",
      "cost": 2.8699597557942313
    },
    {
      "u": "V9",
      "v": "V5",
      "cost": 1.0803251791911836
    },
    {
      "u": "V9",
      "v": "V6",
      "cost": 2.8193908038958915
    },
    {
      "u": "V9",
      "v": "V7",
      "cost": 5.3925177119995755
    },
    {
      "u": "V9",
      "v": "V8",
      "cost": 2.1990029152444217
    },
    {
      "u": "V9",
      "v": "V10",
      "cost": 8.042382198861125
    },
    {
      "u": "V9",
      "v": "V11",
      "cost": 6.322732990459868
    },
    {
      "u": "V9",
      "v": "V12",
      "cost": 7.110685592124468
    },
    {
      "u": "V9",
      "v": "V13",
      "cost": 5.999661144290157
    },
    {
      "u": "V9",
      "v": "V14",
      "cost": 8.111237444177988
    },
    {
      "u": "V10",
      "v": "D1",
      "cost": 2.337193000765072
    },
    {
      "u": "V10",
      "v": "D2",
      "cost": 9.167756431119233
    },
    {
      "u": "V10",
      "v": "D3",
      "cost": 1.8689172361011117
    },
    {
      "u": "V10",
      "v": "V1",
      "cost": 4.032291914183106
    },
    {
      "u": "V10",
      "v": "V2",
      "cost": 4.974353818671608
    },
    {
      "u": "V10",
      "v": "V3",
      "cost": 7.013562765687081
    },
    {
      "u": "V10",
      "v": "V4",
      "cost": 7.637590422583654
    },
    {
      "u": "V10",
      "v": "V5",
      "cost": 9.115912155610093
    },
    {
      "u": "V10",
      "v": "V6",
      "cost": 5.533724695989055
    },
    {
      "u": "V10",
      "v": "V7",
      "cost": 3.2210324301225826
    },
    {
      "u": "V10",
      "v": "V8",
      "cost": 9.439331575642933
    },
    {
      "u": "V10",
      "v": "V9",
      "cost": 8.042382198861125
    },
    {
      "u": "V10",
      "v": "V11",
      "cost": 1.7203552048789177
    },
    {
      "u": "V10",
      "v": "V12",
      "cost": 2.1202954713069175
    },
    {
      "u": "V10",
      "v": "V13",
      "cost": 5.111554774619399
    },
    {
      "u": "V10",
      "v": "V14",
      "cost": 5.599520284012373
    },
    {
      "u": "V11",
      "v": "D1",
      "cost": 3.192703971787879
    },
    {
      "u": "V11",
      "v": "D2",
      "cost": 8.34947850354535
    },
    {
      "u": "V11",
      "v": "D3",
      "cost": 3.409794210485545
    },
    {
      "u": "V11",
      "v": "V1",
      "cost": 2.59161350263045
    },
    {
      "u": "V11",
      "v": "V2",
      "cost": 3.654139130846173
    },
    {
      "u": "V11",
      "v": "V3",
      "cost": 5.966002208409703
    },
    {
      "u": "V11",
      "v": "V4",
      "cost": 6.081646349194306
    },
    {
      "u": "V11",
      "v": "V5",
      "cost": 7.397213458304178
    },
    {
      "u": "V11",
      "v": "V6",
      "cost": 3.8482628781121244
    },
    {
      "u": "V11",
      "v": "V7",
      "cost": 1.8366706547721372
    },
    {
      "u": "V11",
      "v": "V8",
      "cost": 7.749180785603295
    },
    {
      "u": "V11",
      "v": "V9",
      "cost": 6.322732990459868
    },
    {
      "u": "V11",
      "v": "V10",
      "cost": 1.7203552048789177
    },
    {
      "u": "V11",
      "v": "V12",
      "cost": 1.9052931561967779
    },
    {
      "u": "V11",
      "v": "V13",
      "cost": 4.207072700867001
    },
    {
      "u": "V11",
      "v": "V14",
      "cost": 5.320535299602182
    },
    {
      "u": "V12",
      "v": "D1",
      "cost": 4.3971510071539495
    },
    {
      "u": "V12",
      "v": "D2",
      "cost": 7.048568347565498
    },
    {
      "u": "V12",
      "v": "D3",
      "cost": 2.706519313826108
    },
    {
      "u": "V12",
      "v": "V1",
      "cost": 2.522635555323823
    },
    {
      "u": "V12",
      "v": "V2",
      "cost": 5.4546880354074885
    },
    {
      "u": "V12",
      "v": "V3",
      "cost": 4.955992283906154
    },
    {
      "u": "V12",
      "v": "V4",
      "cost": 6.052905320712392
    },
    {
      "u": "V12",
      "v": "V5",
      "cost": 8.126598844966578
    },
    {
      "u": "V12",
      "v": "V6",
      "cost": 5.1306207205190875
    },
    {
      "u": "V12",
      "v": "V7",
      "cost": 3.6785219656622283
    },
    {
      "u": "V12",
      "v": "V8",
      "cost": 8.869680257238544
    },
    {
      "u": "V12",
      "v": "V9",
      "cost": 7.110685592124468
    },
    {
      "u": "V12",
      "v": "V10",
      "cost": 2.1202954713069175
    },
    {
      "u": "V12",
      "v": "V11",
      "cost": 1.9052931561967779
    },
    {
      "u": "V12",
      "v": "V13",
      "cost": 3.0329628940471114
    },
    {
      "u": "V12",
      "v": "V14",
      "cost": 3.571706783711884
    },
    {
      "u": "V13",
      "v": "D1",
      "cost": 7.263539399204214
    },
    {
      "u": "V13",
      "v": "D2",
      "cost": 4.144042859695672
    },
    {
      "u": "V13",
      "v": "D3",
      "cost": 5.561541220083362
    },
    {
      "u": "V13",
      "v": "V1",
      "cost": 2.171538263834129
    },
    {
      "u": "V13",
      "v": "V2",
      "cost": 6.661731202734505
    },
    {
      "u": "V13",
      "v": "V3",
      "cost": 1.9271038160325697
    },
    {
      "u": "V13",
      "v": "V4",
      "cost": 3.8832323635600465
    },
    {
      "u": "V13",
      "v": "V5",
      "cost": 6.791475094646427
    },
    {
      "u": "V13",
      "v": "V6",
      "cost": 5.2756085850990395
    },
    {
      "u": "V13",
      "v": "V7",
      "cost": 5.323263933877654
    },
    {
      "u": "V13",
      "v": "V8",
      "cost": 8.128415409788417
    },
    {
      "u": "V13",
      "v": "V9",
      "cost": 5.999661144290157
    },
    {
      "u": "V13",
      "v": "V10",
      "cost": 5.111554774619399
    },
    {
      "u": "V13",
      "v": "V11",
      "cost": 4.207072700867001
    },
    {
      "u": "V13",
      "v": "V12",
      "cost": 3.0329628940471114
    },
    {
      "u": "V13",
      "v": "V14",
      "cost": 2.1161286189071564
    },
    {
      "u": "V14",
      "v": "D1",
      "cost": 7.929283364879132
    },
    {
      "u": "V14",
      "v": "D2",
      "cost": 4.033481951565026
    },
    {
      "u": "V14",
      "v": "D3",
      "cost": 5.318810099395511
    },
    {
      "u": "V14",
      "v": "V1",
      "cost": 4.040718935652308
    },
    {
      "u": "V14",
      "v": "V2",
      "cost": 8.389289005822397
    },
    {
      "u": "V14",
      "v": "V3",
      "cost": 3.0740680904032027
    },
    {
      "u": "V14",
      "v": "V4",
      "cost": 5.842112648698807
    },
    {
      "u": "V14",
      "v": "V5",
      "cost": 8.878062856708583
    },
    {
      "u": "V14",
      "v": "V6",
      "cost": 7.263705872259672
    },
    {
      "u": "V14",
      "v": "V7",
      "cost": 6.829736089180982
    },
    {
      "u": "V14",
      "v": "V8",
      "cost": 10.244538001440915
    },
    {
      "u": "V14",
      "v": "V9",
      "cost": 8.111237444177988
    },
    {
      "u": "V14",
      "v": "V10",
      "cost": 5.599520284012373
    },
    {
      "u": "V14",
      "v": "V11",
      "cost": 5.320535299602182
    },
    {
      "u": "V14",
      "v": "V12",
      "cost": 3.571706783711884
    },
    {
      "u": "V14",
      "v": "V13",
      "cost": 2.1161286189071564
    }
  ],
  "number_of_uav": null
}