{
  "n_center": 3,
  "n_community": 14,
  "n_warehouse": 6,
  "set_F": [
    "F1",
    "F2",
    "F3",
    "F4",
    "F5",
    "F6"
  ],
  "set_D": [
    "D1",
    "D2",
    "D3"
  ],
  "set_V": [
    "V1",
    "V2",
    "V3",
    "V4",
    "V5",
    "V6",
    "V7",
    "V8",
    "V9",
    "V10",
    "V11",
    "V12",
    "V13",
    "V14"
  ],
  "set_A": [
    "('F1', 'D1')",
    "('F1', 'D2')",
    "('F1', 'D3')",
    "('F2', 'D1')",
    "('F2', 'D2')",
    "('F2', 'D3')",
    "('F3', 'D1')",
    "('F3', 'D2')",
    "('F3', 'D3')",
    "('F4', 'D1')",
    "('F4', 'D2')",
    "('F4', 'D3')",
    "('F5', 'D1')",
    "('F5', 'D2')",
    "('F5', 'D3')",
    "('F6', 'D1')",
    "('F6', 'D2')",
    "('F6', 'D3')",
    "('D1', 'D2')",
    "('D1', 'D3')",
    "('D1', 'V1')",
    "('D1', 'V2')",
    "('D1', 'V3')",
    "('D1', 'V4')",
    "('D1', 'V5')",
    "('D1', 'V6')",
    "('D1', 'V7')",
    "('D1', 'V8')",
    "('D1', 'V9')",
    "('D1', 'V10')",
    "('D1', 'V11')",
    "('D1', 'V12')",
    "('D1', 'V13')",
    "('D1', 'V14')",
    "('D2', 'D1')",
    "('D2', 'D3')",
    "('D2', 'V1')",
    "('D2', 'V2')",
    "('D2', 'V3')",
    "('D2', 'V4')",
    "('D2', 'V5')",
    "('D2', 'V6')",
    "('D2', 'V7')",
    "('D2', 'V8')",
    "('D2', 'V9')",
    "('D2', 'V10')",
    "('D2', 'V11')",
    "('D2', 'V12')",
    "('D2', 'V13')",
    "('D2', 'V14')",
    "('D3', 'D1')",
    "('D3', 'D2')",
    "('D3', 'V1')",
    "('D3', 'V2')",
    "('D3', 'V3')",
    "('D3', 'V4')",
    "('D3', 'V5')",
    "('D3', 'V6')",
    "('D3', 'V7')",
    "('D3', 'V8')",
    "('D3', 'V9')",
    "('D3', 'V10')",
    "('D3', 'V11')",
    "('D3', 'V12')",
    "('D3', 'V13')",
    "('D3', 'V14')",
    "('V1', 'D1')",
    "('V1', 'D2')",
    "('V1', 'D3')",
    "('V1', 'V2')",
    "('V1', 'V3')",
    "('V1', 'V4')",
    "('V1', 'V5')",
    "('V1', 'V6')",
    "('V1', 'V7')",
    "('V1', 'V8')",
    "('V1', 'V9')",
    "('V1', 'V10')",
    "('V1', 'V11')",
    "('V1', 'V12')",
    "('V1', 'V13')",
    "('V1', 'V14')",
    "('V2', 'D1')",
    "('V2', 'D2')",
    "('V2', 'D3')",
    "('V2', 'V1')",
    "('V2', 'V3')",
    "('V2', 'V4')",
    "('V2', 'V5')",
    "('V2', 'V6')",
    "('V2', 'V7')",
    "('V2', 'V8')",
    "('V2', 'V9')",
    "('V2', 'V10')",
    "('V2', 'V11')",
    "('V2', 'V12')",
    "('V2', 'V13')",
    "('V2', 'V14')",
    "('V3', 'D1')",
    "('V3', 'D2')",
    "('V3', 'D3')",
    "('V3', 'V1')",
    "('V3', 'V2')",
    "('V3', 'V4')",
    "('V3', 'V5')",
    "('V3', 'V6')",
    "('V3', 'V7')",
    "('V3', 'V8')",
    "('V3', 'V9')",
    "('V3', 'V10')",
    "('V3', 'V11')",
    "('V3', 'V12')",
    "('V3', 'V13')",
    "('V3', 'V14')",
    "('V4', 'D1')",
    "('V4', 'D2')",
    "('V4', 'D3')",
    "('V4', 'V1')",
    "('V4', 'V2')",
    "('V4', 'V3')",
    "('V4', 'V5')",
    "('V4', 'V6')",
    "('V4', 'V7')",
    "('V4', 'V8')",
    "('V4', 'V9')",
    "('V4', 'V10')",
    "('V4', 'V11')",
    "('V4', 'V12')",
    "('V4', 'V13')",
    "('V4', 'V14')",
    "('V5', 'D1')",
    "('V5', 'D2')",
    "('V5', 'D3')",
    "('V5', 'V1')",
    "('V5', 'V2')",
    "('V5', 'V3')",
    "('V5', 'V4')",
    "('V5', 'V6')",
    "('V5', 'V7')",
    "('V5', 'V8')",
    "('V5', 'V9')",
    "('V5', 'V10')",
    "('V5', 'V11')",
    "('V5', 'V12')",
    "('V5', 'V13')",
    "('V5', 'V14')",
    "('V6', 'D1')",
    "('V6', 'D2')",
    "('V6', 'D3')",
    "('V6', 'V1')",
    "('V6', 'V2')",
    "('V6', 'V3')",
    "('V6', 'V4')",
    "('V6', 'V5')",
    "('V6', 'V7')",
    "('V6', 'V8')",
    "('V6', 'V9')",
    "('V6', 'V10')",
    "('V6', 'V11')",
    "('V6', 'V12')",
    "('V6', 'V13')",
    "('V6', 'V14')",
    "('V7', 'D1')",
    "('V7', 'D2')",
    "('V7', 'D3')",
    "('V7', 'V1')",
    "('V7', 'V2')",
    "('V7', 'V3')",
    "('V7', 'V4')",
    "('V7', 'V5')",
    "('V7', 'V6')",
    "('V7', 'V8')",
    "('V7', 'V9')",
    "('V7', 'V10')",
    "('V7', 'V11')",
    "('V7', 'V12')",
    "('V7', 'V13')",
    "('V7', 'V14')",
    "('V8', 'D1')",
    "('V8', 'D2')",
    "('V8', 'D3')",
    "('V8', 'V1')",
    "('V8', 'V2')",
    "('V8', 'V3')",
    "('V8', 'V4')",
    "('V8', 'V5')",
    "('V8', 'V6')",
    "('V8', 'V7')",
    "('V8', 'V9')",
    "('V8', 'V10')",
    "('V8', 'V11')",
    "('V8', 'V12')",
    "('V8', 'V13')",
    "('V8', 'V14')",
    "('V9', 'D1')",
    "('V9', 'D2')",
    "('V9', 'D3')",
    "('V9', 'V1')",
    "('V9', 'V2')",
    "('V9', 'V3')",
    "('V9', 'V4')",
    "('V9', 'V5')",
    "('V9', 'V6')",
    "('V9', 'V7')",
    "('V9', 'V8')",
    "('V9', 'V10')",
    "('V9', 'V11')",
    "('V9', 'V12')",
    "('V9', 'V13')",
    "('V9', 'V14')",
    "('V10', 'D1')",
    "('V10', 'D2')",
    "('V10', 'D3')",
    "('V10', 'V1')",
    "('V10', 'V2')",
    "('V10', 'V3')",
    "('V10', 'V4')",
    "('V10', 'V5')",
    "('V10', 'V6')",
    "('V10', 'V7')",
    "('V10', 'V8')",
    "('V10', 'V9')",
    "('V10', 'V11')",
    "('V10', 'V12')",
    "('V10', 'V13')",
    "('V10', 'V14')",
    "('V11', 'D1')",
    "('V11', 'D2')",
    "('V11', 'D3')",
    "('V11', 'V1')",
    "('V11', 'V2')",
    "('V11', 'V3')",
    "('V11', 'V4')",
    "('V11', 'V5')",
    "('V11', 'V6')",
    "('V11', 'V7')",
    "('V11', 'V8')",
    "('V11', 'V9')",
    "('V11', 'V10')",
    "('V11', 'V12')",
    "('V11', 'V13')",
    "('V11', 'V14')",
    "('V12', 'D1')",
    "('V12', 'D2')",
    "('V12', 'D3')",
    "('V12', 'V1')",
    "('V12', 'V2')",
    "('V12', 'V3')",
    "('V12', 'V4')",
    "('V12', 'V5')",
    "('V12', 'V6')",
    "('V12', 'V7')",
    "('V12', 'V8')",
    "('V12', 'V9')",
    "('V12', 'V10')",
    "('V12', 'V11')",
    "('V12', 'V13')",
    "('V12', 'V14')",
    "('V13', 'D1')",
    "('V13', 'D2')",
    "('V13', 'D3')",
    "('V13', 'V1')",
    "('V13', 'V2')",
    "('V13', 'V3')",
    "('V13', 'V4')",
    "('V13', 'V5')",
    "('V13', 'V6')",
    "('V13', 'V7')",
    "('V13', 'V8')",
    "('V13', 'V9')",
    "('V13', 'V10')",
    "('V13', 'V11')",
    "('V13', 'V12')",
    "('V13', 'V14')",
    "('V14', 'D1')",
    "('V14', 'D2')",
    "('V14', 'D3')",
    "('V14', 'V1')",
    "('V14', 'V2')",
    "('V14', 'V3')",
    "('V14', 'V4')",
    "('V14', 'V5')",
    "('V14', 'V6')",
    "('V14', 'V7')",
    "('V14', 'V8')",
    "('V14', 'V9')",
    "('V14', 'V10')",
    "('V14', 'V11')",
    "('V14', 'V12')",
    "('V14', 'V13')"
  ],
  "set_L": [
    "L1",
    "L2",
    "L3",
    "L4",
    "L5"
  ],
  "set_T": [
    "T1",
    "T2",
    "T3",
    "T4",
    "T5",
    "T6",
    "T7",
    "T8"
  ],
  "set_U": [
    "U1",
    "U2",
    "U3",
    "U4",
    "U5",
    "U6",
    "U7",
    "U8",
    "U9",
    "U10",
    "U11",
    "U12",
    "U13",
    "U14"
  ],
  "par_d": {
    "V1": 9,
    "V2": 31,
    "V3": 16,
    "V4": 38,
    "V5": 38,
    "V6": 36,
    "V7": 33,
    "V8": 21,
    "V9": 19,
    "V10": 19,
    "V11": 37,
    "V12": 37,
    "V13": 28,
    "V14": 22
  },
  "par_r": 262,
  "par_n": 250,
  "par_h": 50,
  "par_m": 180,
  "par_v": 29,
  "par_l": {
    "L1": 132,
    "L2": 168,
    "L3": 192,
    "L4": 216,
    "L5": 240
  },
  "par_f": {
    "D1": 107.0,
    "D2": 94.0,
    "D3": 96.0
  },
  "par_o_items": [
    {
      "j": "D1",
      "l": "L1",
      "value": 49.0
    },
    {
      "j": "D1",
      "l": "L2",
      "value": 60.0
    },
    {
      "j": "D1",
      "l": "L3",
      "value": 68.0
    },
    {
      "j": "D1",
      "l": "L4",
      "value": 76.0
    },
    {
      "j": "D1",
      "l": "L5",
      "value": 83.0
    },
    {
      "j": "D2",
      "l": "L1",
      "value": 49.0
    },
    {
      "j": "D2",
      "l": "L2",
      "value": 60.0
    },
    {
      "j": "D2",
      "l": "L3",
      "value": 68.0
    },
    {
      "j": "D2",
      "l": "L4",
      "value": 76.0
    },
    {
      "j": "D2",
      "l": "L5",
      "value": 83.0
    },
    {
      "j": "D3",
      "l": "L1",
      "value": 49.0
    },
    {
      "j": "D3",
      "l": "L2",
      "value": 60.0
    },
    {
      "j": "D3",
      "l": "L3",
      "value": 68.0
    },
    {
      "j": "D3",
      "l": "L4",
      "value": 76.0
    },
    {
      "j": "D3",
      "l": "L5",
      "value": 83.0
    }
  ],
  "par_s_items": [
    {
      "j": "D1",
      "l": "L1",
      "value": 132.0
    },
    {
      "j": "D1",
      "l": "L2",
      "value": 168.0
    },
    {
      "j": "D1",
      "l": "L3",
      "value": 192.0
    },
    {
      "j": "D1",
      "l": "L4",
      "value": 216.0
    },
    {
      "j": "D1",
      "l": "L5",
      "value": 240.0
    },
    {
      "j": "D2",
      "l": "L1",
      "value": 132.0
    },
    {
      "j": "D2",
      "l": "L2",
      "value": 168.0
    },
    {
      "j": "D2",
      "l": "L3",
      "value": 192.0
    },
    {
      "j": "D2",
      "l": "L4",
      "value": 216.0
    },
    {
      "j": "D2",
      "l": "L5",
      "value": 240.0
    },
    {
      "j": "D3",
      "l": "L1",
      "value": 132.0
    },
    {
      "j": "D3",
      "l": "L2",
      "value": 168.0
    },
    {
      "j": "D3",
      "l": "L3",
      "value": 192.0
    },
    {
      "j": "D3",
      "l": "L4",
      "value": 216.0
    },
    {
      "j": "D3",
      "l": "L5",
      "value": 240.0
    }
  ],
  "par_t": 384.0,
  "par_c": {
    "('F1', 'D1')": 13.810329181200864,
    "('F1', 'D2')": 13.890004800169903,
    "('F1', 'D3')": 15.419705143908711,
    "('F2', 'D1')": 17.166769131690756,
    "('F2', 'D2')": 18.237522730533925,
    "('F2', 'D3')": 15.806242370421584,
    "('F3', 'D1')": 19.803213438831754,
    "('F3', 'D2')": 8.3387395560115,
    "('F3', 'D3')": 20.076825547354478,
    "('F4', 'D1')": 7.285693422185019,
    "('F4', 'D2')": 18.982197365430437,
    "('F4', 'D3')": 7.428864680629026,
    "('F5', 'D1')": 18.036686056577533,
    "('F5', 'D2')": 15.37534891321167,
    "('F5', 'D3')": 17.024753554801503,
    "('F6', 'D1')": 18.502120475073756,
    "('F6', 'D2')": 6.721036649496579,
    "('F6', 'D3')": 19.14510546468336,
    "('D1', 'D2')": 11.86485912257874,
    "('D1', 'D3')": 1.6237607217778032,
    "('D1', 'V1')": 11.41739113350236,
    "('D1', 'V2')": 8.486872039952708,
    "('D1', 'V3')": 4.608986196749823,
    "('D1', 'V4')": 10.702244886555537,
    "('D1', 'V5')": 8.57446671455862,
    "('D1', 'V6')": 2.8419668186034954,
    "('D1', 'V7')": 4.876489601813753,
    "('D1', 'V8')": 7.4536454205735145,
    "('D1', 'V9')": 5.555376322848415,
    "('D1', 'V10')": 7.761447866577345,
    "('D1', 'V11')": 6.882319796213293,
    "('D1', 'V12')": 1.3670946992285622,
    "('D1', 'V13')": 3.1549086045640515,
    "('D1', 'V14')": 5.202493452319652,
    "('D2', 'D1')": 11.86485912257874,
    "('D2', 'D3')": 12.435527416191135,
    "('D2', 'V1')": 1.9386430063433464,
    "('D2', 'V2')": 3.381002999601323,
    "('D2', 'V3')": 8.475251131448275,
    "('D2', 'V4')": 6.472296801035202,
    "('D2', 'V5')": 10.821880416404133,
    "('D2', 'V6')": 9.692489173118782,
    "('D2', 'V7')": 7.254941062628978,
    "('D2', 'V8')": 7.915132165683221,
    "('D2', 'V9')": 8.253125361966557,
    "('D2', 'V10')": 4.614005066937097,
    "('D2', 'V11')": 6.319303964264508,
    "('D2', 'V12')": 10.594690298923117,
    "('D2', 'V13')": 10.400966714952729,
    "('D2', 'V14')": 11.364105089346479,
    "('D3', 'D1')": 1.6237607217778032,
    "('D3', 'D2')": 12.435527416191135,
    "('D3', 'V1')": 11.744337305267235,
    "('D3', 'V2')": 9.073094981910602,
    "('D3', 'V3')": 4.401964338759718,
    "('D3', 'V4')": 10.376319285572173,
    "('D3', 'V5')": 7.525471502422444,
    "('D3', 'V6')": 2.7888271345352025,
    "('D3', 'V7')": 5.893209950236457,
    "('D3', 'V8')": 6.954450534601237,
    "('D3', 'V9')": 5.190712600952032,
    "('D3', 'V10')": 8.048423570734332,
    "('D3', 'V11')": 6.850823547576253,
    "('D3', 'V12')": 2.057729930947339,
    "('D3', 'V13')": 2.4946370609603408,
    "('D3', 'V14')": 3.9873676937624825,
    "('V1', 'D1')": 11.41739113350236,
    "('V1', 'D2')": 1.9386430063433464,
    "('V1', 'D3')": 11.744337305267235,
    "('V1', 'V2')": 3.2721559141373464,
    "('V1', 'V3')": 7.505705720212864,
    "('V1', 'V4')": 4.563136250738968,
    "('V1', 'V5')": 9.154312158028958,
    "('V1', 'V6')": 8.955691103091795,
    "('V1', 'V7')": 7.240258314112922,
    "('V1', 'V8')": 6.3999892470508835,
    "('V1', 'V9')": 7.086725647760939,
    "('V1', 'V10')": 3.6965482675208094,
    "('V1', 'V11')": 5.129726353430806,
    "('V1', 'V12')": 10.079587436910485,
    "('V1', 'V13')": 9.504174667053512,
    "('V1', 'V14')": 10.121786636214358,
    "('V2', 'D1')": 8.486872039952708,
    "('V2', 'D2')": 3.381002999601323,
    "('V2', 'D3')": 9.073094981910602,
    "('V2', 'V1')": 3.2721559141373464,
    "('V2', 'V3')": 5.304318394265603,
    "('V2', 'V4')": 5.702611595183864,
    "('V2', 'V5')": 8.615194897404889,
    "('V2', 'V6')": 6.358800221265985,
    "('V2', 'V7')": 4.007247813982245,
    "('V2', 'V8')": 5.5491024856317335,
    "('V2', 'V9')": 5.293071203855848,
    "('V2', 'V10')": 1.8202985781133305,
    "('V2', 'V11')": 3.562828199812939,
    "('V2', 'V12')": 7.213905587837709,
    "('V2', 'V13')": 7.135973087280571,
    "('V2', 'V14')": 8.379870983521409,
    "('V3', 'D1')": 4.608986196749823,
    "('V3', 'D2')": 8.475251131448275,
    "('V3', 'D3')": 4.401964338759718,
    "('V3', 'V1')": 7.505705720212864,
    "('V3', 'V2')": 5.304318394265603,
    "('V3', 'V4')": 6.096535165804323,
    "('V3', 'V5')": 4.934706865739869,
    "('V3', 'V6')": 1.7682474639431642,
    "('V3', 'V7')": 3.9537558178918366,
    "('V3', 'V8')": 2.9201678276811553,
    "('V3', 'V9')": 1.0041563489599918,
    "('V3', 'V10')": 3.8817312540978257,
    "('V3', 'V11')": 2.461438319734402,
    "('V3', 'V12')": 3.2991300995189223,
    "('V3', 'V13')": 2.0076220673392253,
    "('V3', 'V14')": 3.1860779929687806,
    "('V4', 'D1')": 10.702244886555537,
    "('V4', 'D2')": 6.472296801035202,
    "('V4', 'D3')": 10.376319285572173,
    "('V4', 'V1')": 4.563136250738968,
    "('V4', 'V2')": 5.702611595183864,
    "('V4', 'V3')": 6.096535165804323,
    "('V4', 'V5')": 5.195808120743472,
    "('V4', 'V6')": 7.864488862801866,
    "('V4', 'V7')": 8.237254237697591,
    "('V4', 'V8')": 3.4840363495012427,
    "('V4', 'V9')": 5.198484402518361,
    "('V4', 'V10')": 4.343361902020432,
    "('V4', 'V11')": 4.002356915311513,
    "('V4', 'V12')": 9.371470369681413,
    "('V4', 'V13')": 7.881828638277937,
    "('V4', 'V14')": 7.41320373791846,
    "('V5', 'D1')": 8.57446671455862,
    "('V5', 'D2')": 10.821880416404133,
    "('V5', 'D3')": 7.525471502422444,
    "('V5', 'V1')": 9.154312158028958,
    "('V5', 'V2')": 8.615194897404889,
    "('V5', 'V3')": 4.934706865739869,
    "('V5', 'V4')": 5.195808120743472,
    "('V5', 'V6')": 6.146933055396059,
    "('V5', 'V7')": 8.794068178455648,
    "('V5', 'V8')": 3.066297704800158,
    "('V5', 'V9')": 4.102420451992478,
    "('V5', 'V10')": 6.795009357633784,
    "('V5', 'V11')": 5.115957873116618,
    "('V5', 'V12')": 7.596193369267606,
    "('V5', 'V13')": 5.447776785351021,
    "('V5', 'V14')": 3.577373063279868,
    "('V6', 'D1')": 2.8419668186034954,
    "('V6', 'D2')": 9.692489173118782,
    "('V6', 'D3')": 2.7888271345352025,
    "('V6', 'V1')": 8.955691103091795,
    "('V6', 'V2')": 6.358800221265985,
    "('V6', 'V3')": 1.7682474639431642,
    "('V6', 'V4')": 7.864488862801866,
    "('V6', 'V5')": 6.146933055396059,
    "('V6', 'V7')": 3.757525106612459,
    "('V6', 'V8')": 4.632092717691193,
    "('V6', 'V9')": 2.7201428384149042,
    "('V6', 'V10')": 5.260212443378613,
    "('V6', 'V11')": 4.122976362580992,
    "('V6', 'V12')": 1.5625566223540093,
    "('V6', 'V13')": 1.0796879816480127,
    "('V6', 'V14')": 3.360357830694827,
    "('V7', 'D1')": 4.876489601813753,
    "('V7', 'D2')": 7.254941062628978,
    "('V7', 'D3')": 5.893209950236457,
    "('V7', 'V1')": 7.240258314112922,
    "('V7', 'V2')": 4.007247813982245,
    "('V7', 'V3')": 3.9537558178918366,
    "('V7', 'V4')": 8.237254237697591,
    "('V7', 'V5')": 8.794068178455648,
    "('V7', 'V6')": 3.757525106612459,
    "('V7', 'V8')": 6.187827214001965,
    "('V7', 'V9')": 4.691764526488051,
    "('V7', 'V10')": 4.0961638969113086,
    "('V7', 'V11')": 4.403969248341936,
    "('V7', 'V12')": 3.8405117663643513,
    "('V7', 'V13')": 4.8220390685697785,
    "('V7', 'V14')": 6.906825337227508,
    "('V8', 'D1')": 7.4536454205735145,
    "('V8', 'D2')": 7.915132165683221,
    "('V8', 'D3')": 6.954450534601237,
    "('V8', 'V1')": 6.3999892470508835,
    "('V8', 'V2')": 5.5491024856317335,
    "('V8', 'V3')": 2.9201678276811553,
    "('V8', 'V4')": 3.4840363495012427,
    "('V8', 'V5')": 3.066297704800158,
    "('V8', 'V6')": 4.632092717691193,
    "('V8', 'V7')": 6.187827214001965,
    "('V8', 'V9')": 1.9214790454877133,
    "('V8', 'V10')": 3.7291098227911355,
    "('V8', 'V11')": 2.081565965168474,
    "('V8', 'V12')": 6.191203983067405,
    "('V8', 'V13')": 4.4687182119096605,
    "('V8', 'V14')": 4.0032093240403395,
    "('V9', 'D1')": 5.555376322848415,
    "('V9', 'D2')": 8.253125361966557,
    "('V9', 'D3')": 5.190712600952032,
    "('V9', 'V1')": 7.086725647760939,
    "('V9', 'V2')": 5.293071203855848,
    "('V9', 'V3')": 1.0041563489599918,
    "('V9', 'V4')": 5.198484402518361,
    "('V9', 'V5')": 4.102420451992478,
    "('V9', 'V6')": 2.7201428384149042,
    "('V9', 'V7')": 4.691764526488051,
    "('V9', 'V8')": 1.9214790454877133,
    "('V9', 'V10')": 3.6540383299320105,
    "('V9', 'V11')": 1.9613044129816715,
    "('V9', 'V12')": 4.274232342094938,
    "('V9', 'V13')": 2.7044975142940806,
    "('V9', 'V14')": 3.1169254755236633,
    "('V10', 'D1')": 7.761447866577345,
    "('V10', 'D2')": 4.614005066937097,
    "('V10', 'D3')": 8.048423570734332,
    "('V10', 'V1')": 3.6965482675208094,
    "('V10', 'V2')": 1.8202985781133305,
    "('V10', 'V3')": 3.8817312540978257,
    "('V10', 'V4')": 4.343361902020432,
    "('V10', 'V5')": 6.795009357633784,
    "('V10', 'V6')": 5.260212443378613,
    "('V10', 'V7')": 4.0961638969113086,
    "('V10', 'V8')": 3.7291098227911355,
    "('V10', 'V9')": 3.6540383299320105,
    "('V10', 'V11')": 1.7866853388892885,
    "('V10', 'V12')": 6.409795443880044,
    "('V10', 'V13')": 5.850453370266245,
    "('V10', 'V14')": 6.770942925640758,
    "('V11', 'D1')": 6.882319796213293,
    "('V11', 'D2')": 6.319303964264508,
    "('V11', 'D3')": 6.850823547576253,
    "('V11', 'V1')": 5.129726353430806,
    "('V11', 'V2')": 3.562828199812939,
    "('V11', 'V3')": 2.461438319734402,
    "('V11', 'V4')": 4.002356915311513,
    "('V11', 'V5')": 5.115957873116618,
    "('V11', 'V6')": 4.122976362580992,
    "('V11', 'V7')": 4.403969248341936,
    "('V11', 'V8')": 2.081565965168474,
    "('V11', 'V9')": 1.9613044129816715,
    "('V11', 'V10')": 1.7866853388892885,
    "('V11', 'V12')": 5.520226497161782,
    "('V11', 'V13')": 4.462392544678828,
    "('V11', 'V14')": 5.049404801709126,
    "('V12', 'D1')": 1.3670946992285622,
    "('V12', 'D2')": 10.594690298923117,
    "('V12', 'D3')": 2.057729930947339,
    "('V12', 'V1')": 10.079587436910485,
    "('V12', 'V2')": 7.213905587837709,
    "('V12', 'V3')": 3.2991300995189223,
    "('V12', 'V4')": 9.371470369681413,
    "('V12', 'V5')": 7.596193369267606,
    "('V12', 'V6')": 1.5625566223540093,
    "('V12', 'V7')": 3.8405117663643513,
    "('V12', 'V8')": 6.191203983067405,
    "('V12', 'V9')": 4.274232342094938,
    "('V12', 'V10')": 6.409795443880044,
    "('V12', 'V11')": 5.520226497161782,
    "('V12', 'V13')": 2.179240901931549,
    "('V12', 'V14')": 4.476346325060574,
    "('V13', 'D1')": 3.1549086045640515,
    "('V13', 'D2')": 10.400966714952729,
    "('V13', 'D3')": 2.4946370609603408,
    "('V13', 'V1')": 9.504174667053512,
    "('V13', 'V2')": 7.135973087280571,
    "('V13', 'V3')": 2.0076220673392253,
    "('V13', 'V4')": 7.881828638277937,
    "('V13', 'V5')": 5.447776785351021,
    "('V13', 'V6')": 1.0796879816480127,
    "('V13', 'V7')": 4.8220390685697785,
    "('V13', 'V8')": 4.4687182119096605,
    "('V13', 'V9')": 2.7044975142940806,
    "('V13', 'V10')": 5.850453370266245,
    "('V13', 'V11')": 4.462392544678828,
    "('V13', 'V12')": 2.179240901931549,
    "('V13', 'V14')": 2.3500443859418705,
    "('V14', 'D1')": 5.202493452319652,
    "('V14', 'D2')": 11.364105089346479,
    "('V14', 'D3')": 3.9873676937624825,
    "('V14', 'V1')": 10.121786636214358,
    "('V14', 'V2')": 8.379870983521409,
    "('V14', 'V3')": 3.1860779929687806,
    "('V14', 'V4')": 7.41320373791846,
    "('V14', 'V5')": 3.577373063279868,
    "('V14', 'V6')": 3.360357830694827,
    "('V14', 'V7')": 6.906825337227508,
    "('V14', 'V8')": 4.0032093240403395,
    "('V14', 'V9')": 3.1169254755236633,
    "('V14', 'V10')": 6.770942925640758,
    "('V14', 'V11')": 5.049404801709126,
    "('V14', 'V12')": 4.476346325060574,
    "('V14', 'V13')": 2.3500443859418705
  },
  "par_a": [
    132,
    168,
    192,
    216,
    240
  ],
  "_distance": {
    "('F1', 'F1')": 0.0,
    "('F1', 'F2')": 29.164319117199415,
    "('F1', 'F3')": 20.906609890079693,
    "('F1', 'F4')": 16.628351158612947,
    "('F1', 'F5')": 27.998924233281773,
    "('F1', 'F6')": 16.866434138368994,
    "('F1', 'D1')": 13.810329181200864,
    "('F1', 'D2')": 13.890004800169903,
    "('F1', 'D3')": 15.419705143908711,
    "('F1', 'V1')": 15.351032446337166,
    "('F1', 'V2')": 12.909985053034308,
    "('F1', 'V3')": 15.25915973348804,
    "('F1', 'V4')": 18.585400758181542,
    "('F1', 'V5')": 20.123948723764123,
    "('F1', 'V6')": 14.597285992827649,
    "('F1', 'V7')": 11.331902251069101,
    "('F1', 'V8')": 17.39683867253391,
    "('F1', 'V9')": 16.02273044687012,
    "('F1', 'V10')": 14.316521203122996,
    "('F1', 'V11')": 15.411443300895096,
    "('F1', 'V12')": 13.769152377385984,
    "('F1', 'V13')": 15.64329216512664,
    "('F1', 'V14')": 17.955542064934424,
    "('F2', 'F1')": 29.164319117199415,
    "('F2', 'F2')": 0.0,
    "('F2', 'F3')": 20.20820784701722,
    "('F2', 'F4')": 21.77024134830645,
    "('F2', 'F5')": 5.522856978213715,
    "('F2', 'F6')": 22.822882978847908,
    "('F2', 'D1')": 17.166769131690756,
    "('F2', 'D2')": 18.237522730533925,
    "('F2', 'D3')": 15.806242370421584,
    "('F2', 'V1')": 16.31255264482991,
    "('F2', 'V2')": 17.00416997482647,
    "('F2', 'V3')": 14.013330026469795,
    "('F2', 'V4')": 11.771012885109426,
    "('F2', 'V5')": 9.080406592697503,
    "('F2', 'V6')": 15.096239859939141,
    "('F2', 'V7')": 17.853437506504946,
    "('F2', 'V8')": 11.801535341297376,
    "('F2', 'V9')": 13.170989575803162,
    "('F2', 'V10')": 15.26207349811823,
    "('F2', 'V11')": 13.851818639018104,
    "('F2', 'V12')": 16.41931437138672,
    "('F2', 'V13')": 14.24322837440084,
    "('F2', 'V14')": 11.979337459669644,
    "('F3', 'F1')": 20.906609890079693,
    "('F3', 'F2')": 20.20820784701722,
    "('F3', 'F3')": 0.0,
    "('F3', 'F4')": 27.05863843291155,
    "('F3', 'F5')": 15.472191141146324,
    "('F3', 'F6')": 4.730283414986014,
    "('F3', 'D1')": 19.803213438831754,
    "('F3', 'D2')": 8.3387395560115,
    "('F3', 'D3')": 20.076825547354478,
    "('F3', 'V1')": 8.386094302081505,
    "('F3', 'V2')": 11.487431021417144,
    "('F3', 'V3')": 15.742614561759702,
    "('F3', 'V4')": 10.830521356381523,
    "('F3', 'V5')": 16.006725619857637,
    "('F3', 'V6')": 17.292327661491605,
    "('F3', 'V7')": 15.488018822607353,
    "('F3', 'V8')": 13.986153813727558,
    "('F3', 'V9')": 15.166755325846962,
    "('F3', 'V10')": 12.060055001841903,
    "('F3', 'V11')": 13.28881032102647,
    "('F3', 'V12')": 18.462574414730007,
    "('F3', 'V13')": 17.748986934387652,
    "('F3', 'V14')": 17.974026011043104,
    "('F4', 'F1')": 16.628351158612947,
    "('F4', 'F2')": 21.77024134830645,
    "('F4', 'F3')": 27.05863843291155,
    "('F4', 'F4')": 0.0,
    "('F4', 'F5')": 23.96004035531619,
    "('F4', 'F6')": 25.478324151206554,
    "('F4', 'D1')": 7.285693422185019,
    "('F4', 'D2')": 18.982197365430437,
    "('F4', 'D3')": 7.428864680629026,
    "('F4', 'V1')": 18.675632218226216,
    "('F4', 'V2')": 15.641122185546697,
    "('F4', 'V3')": 11.743293692607255,
    "('F4', 'V4')": 17.793983891537003,
    "('F4', 'V5')": 14.618410721640517,
    "('F4', 'V6')": 10.005681891036629,
    "('F4', 'V7')": 11.754207265588906,
    "('F4', 'V8')": 14.383266337913716,
    "('F4', 'V9')": 12.596931241098444,
    "('F4', 'V10')": 15.041849070118241,
    "('F4', 'V11')": 14.122650607922637,
    "('F4', 'V12')": 8.648772533720242,
    "('F4', 'V13')": 9.919855636463424,
    "('F4', 'V14')": 11.066272176473891,
    "('F5', 'F1')": 27.998924233281773,
    "('F5', 'F2')": 5.522856978213715,
    "('F5', 'F3')": 15.472191141146324,
    "('F5', 'F4')": 23.96004035531619,
    "('F5', 'F5')": 0.0,
    "('F5', 'F6')": 18.723239662561646,
    "('F5', 'D1')": 18.036686056577533,
    "('F5', 'D2')": 15.37534891321167,
    "('F5', 'D3')": 17.024753554801503,
    "('F5', 'V1')": 13.468890259124711,
    "('F5', 'V2')": 15.14563339855889,
    "('F5', 'V3')": 13.914917384322113,
    "('F5', 'V4')": 9.443505476706486,
    "('F5', 'V5')": 9.50050038248049,
    "('F5', 'V6')": 15.439479128162485,
    "('F5', 'V7')": 17.19026288644128,
    "('F5', 'V8')": 11.102238382491102,
    "('F5', 'V9')": 12.924191976185835,
    "('F5', 'V10')": 13.686219006215477,
    "('F5', 'V11')": 12.797562653935465,
    "('F5', 'V12')": 16.966267659388738,
    "('F5', 'V13')": 14.884537220020489,
    "('F5', 'V14')": 13.055338790477682,
    "('F6', 'F1')": 16.866434138368994,
    "('F6', 'F2')": 22.822882978847908,
    "('F6', 'F3')": 4.730283414986014,
    "('F6', 'F4')": 25.478324151206554,
    "('F6', 'F5')": 18.723239662561646,
    "('F6', 'F6')": 0.0,
    "('F6', 'D1')": 18.502120475073756,
    "('F6', 'D2')": 6.721036649496579,
    "('F6', 'D3')": 19.14510546468336,
    "('F6', 'V1')": 7.853299632840327,
    "('F6', 'V2')": 10.072547494781837,
    "('F6', 'V3')": 15.171509856804766,
    "('F6', 'V4')": 11.841412524502676,
    "('F6', 'V5')": 16.86945839627839,
    "('F6', 'V6')": 16.412118144789794,
    "('F6', 'V7')": 13.738715653186507,
    "('F6', 'V8')": 14.242128357256325,
    "('F6', 'V9')": 14.874453852499197,
    "('F6', 'V10')": 11.291393318426886,
    "('F6', 'V11')": 12.915171254134759,
    "('F6', 'V12')": 17.267863996909565,
    "('F6', 'V13')": 17.11593303715371,
    "('F6', 'V14')": 17.951231229059687,
    "('D1', 'F1')": 13.810329181200864,
    "('D1', 'F2')": 17.166769131690756,
    "('D1', 'F3')": 19.803213438831754,
    "('D1', 'F4')": 7.285693422185019,
    "('D1', 'F5')": 18.036686056577533,
    "('D1', 'F6')": 18.502120475073756,
    "('D1', 'D1')": 0.0,
    "('D1', 'D2')": 11.86485912257874,
    "('D1', 'D3')": 1.6237607217778032,
    "('D1', 'V1')": 11.41739113350236,
    "('D1', 'V2')": 8.486872039952708,
    "('D1', 'V3')": 4.608986196749823,
    "('D1', 'V4')": 10.702244886555537,
    "('D1', 'V5')": 8.57446671455862,
    "('D1', 'V6')": 2.8419668186034954,
    "('D1', 'V7')": 4.876489601813753,
    "('D1', 'V8')": 7.4536454205735145,
    "('D1', 'V9')": 5.555376322848415,
    "('D1', 'V10')": 7.761447866577345,
    "('D1', 'V11')": 6.882319796213293,
    "('D1', 'V12')": 1.3670946992285622,
    "('D1', 'V13')": 3.1549086045640515,
    "('D1', 'V14')": 5.202493452319652,
    "('D2', 'F1')": 13.890004800169903,
    "('D2', 'F2')": 18.237522730533925,
    "('D2', 'F3')": 8.3387395560115,
    "('D2', 'F4')": 18.982197365430437,
    "('D2', 'F5')": 15.37534891321167,
    "('D2', 'F6')": 6.721036649496579,
    "('D2', 'D1')": 11.86485912257874,
    "('D2', 'D2')": 0.0,
    "('D2', 'D3')": 12.435527416191135,
    "('D2', 'V1')": 1.9386430063433464,
    "('D2', 'V2')": 3.381002999601323,
    "('D2', 'V3')": 8.475251131448275,
    "('D2', 'V4')": 6.472296801035202,
    "('D2', 'V5')": 10.821880416404133,
    "('D2', 'V6')": 9.692489173118782,
    "('D2', 'V7')": 7.254941062628978,
    "('D2', 'V8')": 7.915132165683221,
    "('D2', 'V9')": 8.253125361966557,
    "('D2', 'V10')": 4.614005066937097,
    "('D2', 'V11')": 6.319303964264508,
    "('D2', 'V12')": 10.594690298923117,
    "('D2', 'V13')": 10.400966714952729,
    "('D2', 'V14')": 11.364105089346479,
    "('D3', 'F1')": 15.419705143908711,
    "('D3', 'F2')": 15.806242370421584,
    "('D3', 'F3')": 20.076825547354478,
    "('D3', 'F4')": 7.428864680629026,
    "('D3', 'F5')": 17.024753554801503,
    "('D3', 'F6')": 19.14510546468336,
    "('D3', 'D1')": 1.6237607217778032,
    "('D3', 'D2')": 12.435527416191135,
    "('D3', 'D3')": 0.0,
    "('D3', 'V1')": 11.744337305267235,
    "('D3', 'V2')": 9.073094981910602,
    "('D3', 'V3')": 4.401964338759718,
    "('D3', 'V4')": 10.376319285572173,
    "('D3', 'V5')": 7.525471502422444,
    "('D3', 'V6')": 2.7888271345352025,
    "('D3', 'V7')": 5.893209950236457,
    "('D3', 'V8')": 6.954450534601237,
    "('D3', 'V9')": 5.190712600952032,
    "('D3', 'V10')": 8.048423570734332,
    "('D3', 'V11')": 6.850823547576253,
    "('D3', 'V12')": 2.057729930947339,
    "('D3', 'V13')": 2.4946370609603408,
    "('D3', 'V14')": 3.9873676937624825,
    "('V1', 'F1')": 15.351032446337166,
    "('V1', 'F2')": 16.31255264482991,
    "('V1', 'F3')": 8.386094302081505,
    "('V1', 'F4')": 18.675632218226216,
    "('V1', 'F5')": 13.468890259124711,
    "('V1', 'F6')": 7.853299632840327,
    "('V1', 'D1')": 11.41739113350236,
    "('V1', 'D2')": 1.9386430063433464,
    "('V1', 'D3')": 11.744337305267235,
    "('V1', 'V1')": 0.0,
    "('V1', 'V2')": 3.2721559141373464,
    "('V1', 'V3')": 7.505705720212864,
    "('V1', 'V4')": 4.563136250738968,
    "('V1', 'V5')": 9.154312158028958,
    "('V1', 'V6')": 8.955691103091795,
    "('V1', 'V7')": 7.240258314112922,
    "('V1', 'V8')": 6.3999892470508835,
    "('V1', 'V9')": 7.086725647760939,
    "('V1', 'V10')": 3.6965482675208094,
    "('V1', 'V11')": 5.129726353430806,
    "('V1', 'V12')": 10.079587436910485,
    "('V1', 'V13')": 9.504174667053512,
    "('V1', 'V14')": 10.121786636214358,
    "('V2', 'F1')": 12.909985053034308,
    "('V2', 'F2')": 17.00416997482647,
    "('V2', 'F3')": 11.487431021417144,
    "('V2', 'F4')": 15.641122185546697,
    "('V2', 'F5')": 15.14563339855889,
    "('V2', 'F6')": 10.072547494781837,
    "('V2', 'D1')": 8.486872039952708,
    "('V2', 'D2')": 3.381002999601323,
    "('V2', 'D3')": 9.073094981910602,
    "('V2', 'V1')": 3.2721559141373464,
    "('V2', 'V2')": 0.0,
    "('V2', 'V3')": 5.304318394265603,
    "('V2', 'V4')": 5.702611595183864,
    "('V2', 'V5')": 8.615194897404889,
    "('V2', 'V6')": 6.358800221265985,
    "('V2', 'V7')": 4.007247813982245,
    "('V2', 'V8')": 5.5491024856317335,
    "('V2', 'V9')": 5.293071203855848,
    "('V2', 'V10')": 1.8202985781133305,
    "('V2', 'V11')": 3.562828199812939,
    "('V2', 'V12')": 7.213905587837709,
    "('V2', 'V13')": 7.135973087280571,
    "('V2', 'V14')": 8.379870983521409,
    "('V3', 'F1')": 15.25915973348804,
    "('V3', 'F2')": 14.013330026469795,
    "('V3', 'F3')": 15.742614561759702,
    "('V3', 'F4')": 11.743293692607255,
    "('V3', 'F5')": 13.914917384322113,
    "('V3', 'F6')": 15.171509856804766,
    "('V3', 'D1')": 4.608986196749823,
    "('V3', 'D2')": 8.475251131448275,
    "('V3', 'D3')": 4.401964338759718,
    "('V3', 'V1')": 7.505705720212864,
    "('V3', 'V2')": 5.304318394265603,
    "('V3', 'V3')": 0.0,
    "('V3', 'V4')": 6.096535165804323,
    "('V3', 'V5')": 4.934706865739869,
    "('V3', 'V6')": 1.7682474639431642,
    "('V3', 'V7')": 3.9537558178918366,
    "('V3', 'V8')": 2.9201678276811553,
    "('V3', 'V9')": 1.0041563489599918,
    "('V3', 'V10')": 3.8817312540978257,
    "('V3', 'V11')": 2.461438319734402,
    "('V3', 'V12')": 3.2991300995189223,
    "('V3', 'V13')": 2.0076220673392253,
    "('V3', 'V14')": 3.1860779929687806,
    "('V4', 'F1')": 18.585400758181542,
    "('V4', 'F2')": 11.771012885109426,
    "('V4', 'F3')": 10.830521356381523,
    "('V4', 'F4')": 17.793983891537003,
    "('V4', 'F5')": 9.443505476706486,
    "('V4', 'F6')": 11.841412524502676,
    "('V4', 'D1')": 10.702244886555537,
    "('V4', 'D2')": 6.472296801035202,
    "('V4', 'D3')": 10.376319285572173,
    "('V4', 'V1')": 4.563136250738968,
    "('V4', 'V2')": 5.702611595183864,
    "('V4', 'V3')": 6.096535165804323,
    "('V4', 'V4')": 0.0,
    "('V4', 'V5')": 5.195808120743472,
    "('V4', 'V6')": 7.864488862801866,
    "('V4', 'V7')": 8.237254237697591,
    "('V4', 'V8')": 3.4840363495012427,
    "('V4', 'V9')": 5.198484402518361,
    "('V4', 'V10')": 4.343361902020432,
    "('V4', 'V11')": 4.002356915311513,
    "('V4', 'V12')": 9.371470369681413,
    "('V4', 'V13')": 7.881828638277937,
    "('V4', 'V14')": 7.41320373791846,
    "('V5', 'F1')": 20.123948723764123,
    "('V5', 'F2')": 9.080406592697503,
    "('V5', 'F3')": 16.006725619857637,
    "('V5', 'F4')": 14.618410721640517,
    "('V5', 'F5')": 9.50050038248049,
    "('V5', 'F6')": 16.86945839627839,
    "('V5', 'D1')": 8.57446671455862,
    "('V5', 'D2')": 10.821880416404133,
    "('V5', 'D3')": 7.525471502422444,
    "('V5', 'V1')": 9.154312158028958,
    "('V5', 'V2')": 8.615194897404889,
    "('V5', 'V3')": 4.934706865739869,
    "('V5', 'V4')": 5.195808120743472,
    "('V5', 'V5')": 0.0,
    "('V5', 'V6')": 6.146933055396059,
    "('V5', 'V7')": 8.794068178455648,
    "('V5', 'V8')": 3.066297704800158,
    "('V5', 'V9')": 4.102420451992478,
    "('V5', 'V10')": 6.795009357633784,
    "('V5', 'V11')": 5.115957873116618,
    "('V5', 'V12')": 7.596193369267606,
    "('V5', 'V13')": 5.447776785351021,
    "('V5', 'V14')": 3.577373063279868,
    "('V6', 'F1')": 14.597285992827649,
    "('V6', 'F2')": 15.096239859939141,
    "('V6', 'F3')": 17.292327661491605,
    "('V6', 'F4')": 10.005681891036629,
    "('V6', 'F5')": 15.439479128162485,
    "('V6', 'F6')": 16.412118144789794,
    "('V6', 'D1')": 2.8419668186034954,
    "('V6', 'D2')": 9.692489173118782,
    "('V6', 'D3')": 2.7888271345352025,
    "('V6', 'V1')": 8.955691103091795,
    "('V6', 'V2')": 6.358800221265985,
    "('V6', 'V3')": 1.7682474639431642,
    "('V6', 'V4')": 7.864488862801866,
    "('V6', 'V5')": 6.146933055396059,
    "('V6', 'V6')": 0.0,
    "('V6', 'V7')": 3.757525106612459,
    "('V6', 'V8')": 4.632092717691193,
    "('V6', 'V9')": 2.7201428384149042,
    "('V6', 'V10')": 5.260212443378613,
    "('V6', 'V11')": 4.122976362580992,
    "('V6', 'V12')": 1.5625566223540093,
    "('V6', 'V13')": 1.0796879816480127,
    "('V6', 'V14')": 3.360357830694827,
    "('V7', 'F1')": 11.331902251069101,
    "('V7', 'F2')": 17.853437506504946,
    "('V7', 'F3')": 15.488018822607353,
    "('V7', 'F4')": 11.754207265588906,
    "('V7', 'F5')": 17.19026288644128,
    "('V7', 'F6')": 13.738715653186507,
    "('V7', 'D1')": 4.876489601813753,
    "('V7', 'D2')": 7.254941062628978,
    "('V7', 'D3')": 5.893209950236457,
    "('V7', 'V1')": 7.240258314112922,
    "('V7', 'V2')": 4.007247813982245,
    "('V7', 'V3')": 3.9537558178918366,
    "('V7', 'V4')": 8.237254237697591,
    "('V7', 'V5')": 8.794068178455648,
    "('V7', 'V6')": 3.757525106612459,
    "('V7', 'V7')": 0.0,
    "('V7', 'V8')": 6.187827214001965,
    "('V7', 'V9')": 4.691764526488051,
    "('V7', 'V10')": 4.0961638969113086,
    "('V7', 'V11')": 4.403969248341936,
    "('V7', 'V12')": 3.8405117663643513,
    "('V7', 'V13')": 4.8220390685697785,
    "('V7', 'V14')": 6.906825337227508,
    "('V8', 'F1')": 17.39683867253391,
    "('V8', 'F2')": 11.801535341297376,
    "('V8', 'F3')": 13.986153813727558,
    "('V8', 'F4')": 14.383266337913716,
    "('V8', 'F5')": 11.102238382491102,
    "('V8', 'F6')": 14.242128357256325,
    "('V8', 'D1')": 7.4536454205735145,
    "('V8', 'D2')": 7.915132165683221,
    "('V8', 'D3')": 6.954450534601237,
    "('V8', 'V1')": 6.3999892470508835,
    "('V8', 'V2')": 5.5491024856317335,
    "('V8', 'V3')": 2.9201678276811553,
    "('V8', 'V4')": 3.4840363495012427,
    "('V8', 'V5')": 3.066297704800158,
    "('V8', 'V6')": 4.632092717691193,
    "('V8', 'V7')": 6.187827214001965,
    "('V8', 'V8')": 0.0,
    "('V8', 'V9')": 1.9214790454877133,
    "('V8', 'V10')": 3.7291098227911355,
    "('V8', 'V11')": 2.081565965168474,
    "('V8', 'V12')": 6.191203983067405,
    "('V8', 'V13')": 4.4687182119096605,
    "('V8', 'V14')": 4.0032093240403395,
    "('V9', 'F1')": 16.02273044687012,
    "('V9', 'F2')": 13.170989575803162,
    "('V9', 'F3')": 15.166755325846962,
    "('V9', 'F4')": 12.596931241098444,
    "('V9', 'F5')": 12.924191976185835,
    "('V9', 'F6')": 14.874453852499197,
    "('V9', 'D1')": 5.555376322848415,
    "('V9', 'D2')": 8.253125361966557,
    "('V9', 'D3')": 5.190712600952032,
    "('V9', 'V1')": 7.086725647760939,
    "('V9', 'V2')": 5.293071203855848,
    "('V9', 'V3')": 1.0041563489599918,
    "('V9', 'V4')": 5.198484402518361,
    "('V9', 'V5')": 4.102420451992478,
    "('V9', 'V6')": 2.7201428384149042,
    "('V9', 'V7')": 4.691764526488051,
    "('V9', 'V8')": 1.9214790454877133,
    "('V9', 'V9')": 0.0,
    "('V9', 'V10')": 3.6540383299320105,
    "('V9', 'V11')": 1.9613044129816715,
    "('V9', 'V12')": 4.274232342094938,
    "('V9', 'V13')": 2.7044975142940806,
    "('V9', 'V14')": 3.1169254755236633,
    "('V10', 'F1')": 14.316521203122996,
    "('V10', 'F2')": 15.26207349811823,
    "('V10', 'F3')": 12.060055001841903,
    "('V10', 'F4')": 15.041849070118241,
    "('V10', 'F5')": 13.686219006215477,
    "('V10', 'F6')": 11.291393318426886,
    "('V10', 'D1')": 7.761447866577345,
    "('V10', 'D2')": 4.614005066937097,
    "('V10', 'D3')": 8.048423570734332,
    "('V10', 'V1')": 3.6965482675208094,
    "('V10', 'V2')": 1.8202985781133305,
    "('V10', 'V3')": 3.8817312540978257,
    "('V10', 'V4')": 4.343361902020432,
    "('V10', 'V5')": 6.795009357633784,
    "('V10', 'V6')": 5.260212443378613,
    "('V10', 'V7')": 4.0961638969113086,
    "('V10', 'V8')": 3.7291098227911355,
    "('V10', 'V9')": 3.6540383299320105,
    "('V10', 'V10')": 0.0,
    "('V10', 'V11')": 1.7866853388892885,
    "('V10', 'V12')": 6.409795443880044,
    "('V10', 'V13')": 5.850453370266245,
    "('V10', 'V14')": 6.770942925640758,
    "('V11', 'F1')": 15.411443300895096,
    "('V11', 'F2')": 13.851818639018104,
    "('V11', 'F3')": 13.28881032102647,
    "('V11', 'F4')": 14.122650607922637,
    "('V11', 'F5')": 12.797562653935465,
    "('V11', 'F6')": 12.915171254134759,
    "('V11', 'D1')": 6.882319796213293,
    "('V11', 'D2')": 6.319303964264508,
    "('V11', 'D3')": 6.850823547576253,
    "('V11', 'V1')": 5.129726353430806,
    "('V11', 'V2')": 3.562828199812939,
    "('V11', 'V3')": 2.461438319734402,
    "('V11', 'V4')": 4.002356915311513,
    "('V11', 'V5')": 5.115957873116618,
    "('V11', 'V6')": 4.122976362580992,
    "('V11', 'V7')": 4.403969248341936,
    "('V11', 'V8')": 2.081565965168474,
    "('V11', 'V9')": 1.9613044129816715,
    "('V11', 'V10')": 1.7866853388892885,
    "('V11', 'V11')": 0.0,
    "('V11', 'V12')": 5.520226497161782,
    "('V11', 'V13')": 4.462392544678828,
    "('V11', 'V14')": 5.049404801709126,
    "('V12', 'F1')": 13.769152377385984,
    "('V12', 'F2')": 16.41931437138672,
    "('V12', 'F3')": 18.462574414730007,
    "('V12', 'F4')": 8.648772533720242,
    "('V12', 'F5')": 16.966267659388738,
    "('V12', 'F6')": 17.267863996909565,
    "('V12', 'D1')": 1.3670946992285622,
    "('V12', 'D2')": 10.594690298923117,
    "('V12', 'D3')": 2.057729930947339,
    "('V12', 'V1')": 10.079587436910485,
    "('V12', 'V2')": 7.213905587837709,
    "('V12', 'V3')": 3.2991300995189223,
    "('V12', 'V4')": 9.371470369681413,
    "('V12', 'V5')": 7.596193369267606,
    "('V12', 'V6')": 1.5625566223540093,
    "('V12', 'V7')": 3.8405117663643513,
    "('V12', 'V8')": 6.191203983067405,
    "('V12', 'V9')": 4.274232342094938,
    "('V12', 'V10')": 6.409795443880044,
    "('V12', 'V11')": 5.520226497161782,
    "('V12', 'V12')": 0.0,
    "('V12', 'V13')": 2.179240901931549,
    "('V12', 'V14')": 4.476346325060574,
    "('V13', 'F1')": 15.64329216512664,
    "('V13', 'F2')": 14.24322837440084,
    "('V13', 'F3')": 17.748986934387652,
    "('V13', 'F4')": 9.919855636463424,
    "('V13', 'F5')": 14.884537220020489,
    "('V13', 'F6')": 17.11593303715371,
    "('V13', 'D1')": 3.1549086045640515,
    "('V13', 'D2')": 10.400966714952729,
    "('V13', 'D3')": 2.4946370609603408,
    "('V13', 'V1')": 9.504174667053512,
    "('V13', 'V2')": 7.135973087280571,
    "('V13', 'V3')": 2.0076220673392253,
    "('V13', 'V4')": 7.881828638277937,
    "('V13', 'V5')": 5.447776785351021,
    "('V13', 'V6')": 1.0796879816480127,
    "('V13', 'V7')": 4.8220390685697785,
    "('V13', 'V8')": 4.4687182119096605,
    "('V13', 'V9')": 2.7044975142940806,
    "('V13', 'V10')": 5.850453370266245,
    "('V13', 'V11')": 4.462392544678828,
    "('V13', 'V12')": 2.179240901931549,
    "('V13', 'V13')": 0.0,
    "('V13', 'V14')": 2.3500443859418705,
    "('V14', 'F1')": 17.955542064934424,
    "('V14', 'F2')": 11.979337459669644,
    "('V14', 'F3')": 17.974026011043104,
    "('V14', 'F4')": 11.066272176473891,
    "('V14', 'F5')": 13.055338790477682,
    "('V14', 'F6')": 17.951231229059687,
    "('V14', 'D1')": 5.202493452319652,
    "('V14', 'D2')": 11.364105089346479,
    "('V14', 'D3')": 3.9873676937624825,
    "('V14', 'V1')": 10.121786636214358,
    "('V14', 'V2')": 8.379870983521409,
    "('V14', 'V3')": 3.1860779929687806,
    "('V14', 'V4')": 7.41320373791846,
    "('V14', 'V5')": 3.577373063279868,
    "('V14', 'V6')": 3.360357830694827,
    "('V14', 'V7')": 6.906825337227508,
    "('V14', 'V8')": 4.0032093240403395,
    "('V14', 'V9')": 3.1169254755236633,
    "('V14', 'V10')": 6.770942925640758,
    "('V14', 'V11')": 5.049404801709126,
    "('V14', 'V12')": 4.476346325060574,
    "('V14', 'V13')": 2.3500443859418705,
    "('V14', 'V14')": 0.0
  },
  "tij": {
    "('F1', 'D1')": 13.810329181200864,
    "('F1', 'D2')": 13.890004800169903,
    "('F1', 'D3')": 15.419705143908711,
    "('F2', 'D1')": 17.166769131690753,
    "('F2', 'D2')": 18.23752273053393,
    "('F2', 'D3')": 15.806242370421584,
    "('F3', 'D1')": 19.803213438831754,
    "('F3', 'D2')": 8.3387395560115,
    "('F3', 'D3')": 20.076825547354478,
    "('F4', 'D1')": 7.285693422185019,
    "('F4', 'D2')": 18.982197365430434,
    "('F4', 'D3')": 7.428864680629025,
    "('F5', 'D1')": 18.036686056577533,
    "('F5', 'D2')": 15.37534891321167,
    "('F5', 'D3')": 17.024753554801503,
    "('F6', 'D1')": 18.502120475073756,
    "('F6', 'D2')": 6.721036649496579,
    "('F6', 'D3')": 19.14510546468336,
    "('D1', 'D2')": 17.79728868386811,
    "('D1', 'D3')": 2.435641082666705,
    "('D1', 'V1')": 17.12608670025354,
    "('D1', 'V2')": 12.730308059929062,
    "('D1', 'V3')": 6.913479295124735,
    "('D1', 'V4')": 16.053367329833304,
    "('D1', 'V5')": 12.86170007183793,
    "('D1', 'V6')": 4.262950227905243,
    "('D1', 'V7')": 7.314734402720629,
    "('D1', 'V8')": 11.180468130860273,
    "('D1', 'V9')": 8.333064484272622,
    "('D1', 'V10')": 11.642171799866018,
    "('D1', 'V11')": 10.32347969431994,
    "('D1', 'V12')": 2.0506420488428434,
    "('D1', 'V13')": 4.7323629068460775,
    "('D1', 'V14')": 7.803740178479478,
    "('D2', 'D1')": 17.79728868386811,
    "('D2', 'D3')": 18.653291124286703,
    "('D2', 'V1')": 2.9079645095150193,
    "('D2', 'V2')": 5.071504499401985,
    "('D2', 'V3')": 12.712876697172412,
    "('D2', 'V4')": 9.708445201552802,
    "('D2', 'V5')": 16.232820624606198,
    "('D2', 'V6')": 14.538733759678172,
    "('D2', 'V7')": 10.882411593943468,
    "('D2', 'V8')": 11.87269824852483,
    "('D2', 'V9')": 12.379688042949835,
    "('D2', 'V10')": 6.921007600405646,
    "('D2', 'V11')": 9.478955946396763,
    "('D2', 'V12')": 15.892035448384675,
    "('D2', 'V13')": 15.601450072429094,
    "('D2', 'V14')": 17.046157634019718,
    "('D3', 'D1')": 2.435641082666705,
    "('D3', 'D2')": 18.653291124286703,
    "('D3', 'V1')": 17.616505957900852,
    "('D3', 'V2')": 13.609642472865904,
    "('D3', 'V3')": 6.602946508139577,
    "('D3', 'V4')": 15.564478928358259,
    "('D3', 'V5')": 11.288207253633665,
    "('D3', 'V6')": 4.183240701802804,
    "('D3', 'V7')": 8.839814925354686,
    "('D3', 'V8')": 10.431675801901855,
    "('D3', 'V9')": 7.786068901428048,
    "('D3', 'V10')": 12.072635356101499,
    "('D3', 'V11')": 10.276235321364378,
    "('D3', 'V12')": 3.0865948964210084,
    "('D3', 'V13')": 3.7419555914405107,
    "('D3', 'V14')": 5.981051540643724,
    "('V1', 'D1')": 17.12608670025354,
    "('V1', 'D2')": 2.9079645095150193,
    "('V1', 'D3')": 17.616505957900852,
    "('V1', 'V2')": 4.90823387120602,
    "('V1', 'V3')": 11.258558580319297,
    "('V1', 'V4')": 6.844704376108453,
    "('V1', 'V5')": 13.731468237043435,
    "('V1', 'V6')": 13.433536654637692,
    "('V1', 'V7')": 10.860387471169384,
    "('V1', 'V8')": 9.599983870576326,
    "('V1', 'V9')": 10.630088471641407,
    "('V1', 'V10')": 5.544822401281214,
    "('V1', 'V11')": 7.694589530146208,
    "('V1', 'V12')": 15.119381155365726,
    "('V1', 'V13')": 14.256262000580268,
    "('V1', 'V14')": 15.182679954321538,
    "('V2', 'D1')": 12.730308059929062,
    "('V2', 'D2')": 5.071504499401985,
    "('V2', 'D3')": 13.609642472865904,
    "('V2', 'V1')": 4.90823387120602,
    "('V2', 'V3')": 7.956477591398404,
    "('V2', 'V4')": 8.553917392775796,
    "('V2', 'V5')": 12.922792346107334,
    "('V2', 'V6')": 9.538200331898977,
    "('V2', 'V7')": 6.010871720973367,
    "('V2', 'V8')": 8.3236537284476,
    "('V2', 'V9')": 7.9396068057837725,
    "('V2', 'V10')": 2.7304478671699957,
    "('V2', 'V11')": 5.344242299719409,
    "('V2', 'V12')": 10.820858381756562,
    "('V2', 'V13')": 10.703959630920856,
    "('V2', 'V14')": 12.569806475282112,
    "('V3', 'D1')": 6.913479295124735,
    "('V3', 'D2')": 12.712876697172412,
    "('V3', 'D3')": 6.602946508139577,
    "('V3', 'V1')": 11.258558580319297,
    "('V3', 'V2')": 7.956477591398404,
    "('V3', 'V4')": 9.144802748706486,
    "('V3', 'V5')": 7.402060298609804,
    "('V3', 'V6')": 2.6523711959147462,
    "('V3', 'V7')": 5.930633726837755,
    "('V3', 'V8')": 4.380251741521733,
    "('V3', 'V9')": 1.5062345234399879,
    "('V3', 'V10')": 5.822596881146739,
    "('V3', 'V11')": 3.6921574796016032,
    "('V3', 'V12')": 4.948695149278384,
    "('V3', 'V13')": 3.011433101008838,
    "('V3', 'V14')": 4.77911698945317,
    "('V4', 'D1')": 16.053367329833304,
    "('V4', 'D2')": 9.708445201552802,
    "('V4', 'D3')": 15.564478928358259,
    "('V4', 'V1')": 6.844704376108453,
    "('V4', 'V2')": 8.553917392775796,
    "('V4', 'V3')": 9.144802748706486,
    "('V4', 'V5')": 7.793712181115208,
    "('V4', 'V6')": 11.796733294202799,
    "('V4', 'V7')": 12.355881356546387,
    "('V4', 'V8')": 5.226054524251864,
    "('V4', 'V9')": 7.797726603777543,
    "('V4', 'V10')": 6.515042853030648,
    "('V4', 'V11')": 6.003535372967269,
    "('V4', 'V12')": 14.057205554522119,
    "('V4', 'V13')": 11.822742957416905,
    "('V4', 'V14')": 11.119805606877689,
    "('V5', 'D1')": 12.86170007183793,
    "('V5', 'D2')": 16.232820624606198,
    "('V5', 'D3')": 11.288207253633665,
    "('V5', 'V1')": 13.731468237043435,
    "('V5', 'V2')": 12.922792346107334,
    "('V5', 'V3')": 7.402060298609804,
    "('V5', 'V4')": 7.793712181115208,
    "('V5', 'V6')": 9.220399583094089,
    "('V5', 'V7')": 13.19110226768347,
    "('V5', 'V8')": 4.5994465572002365,
    "('V5', 'V9')": 6.153630677988716,
    "('V5', 'V10')": 10.192514036450676,
    "('V5', 'V11')": 7.673936809674927,
    "('V5', 'V12')": 11.39429005390141,
    "('V5', 'V13')": 8.171665178026531,
    "('V5', 'V14')": 5.366059594919802,
    "('V6', 'D1')": 4.262950227905243,
    "('V6', 'D2')": 14.538733759678172,
    "('V6', 'D3')": 4.183240701802804,
    "('V6', 'V1')": 13.433536654637692,
    "('V6', 'V2')": 9.538200331898977,
    "('V6', 'V3')": 2.6523711959147462,
    "('V6', 'V4')": 11.796733294202799,
    "('V6', 'V5')": 9.220399583094089,
    "('V6', 'V7')": 5.636287659918688,
    "('V6', 'V8')": 6.948139076536789,
    "('V6', 'V9')": 4.080214257622357,
    "('V6', 'V10')": 7.8903186650679205,
    "('V6', 'V11')": 6.1844645438714885,
    "('V6', 'V12')": 2.343834933531014,
    "('V6', 'V13')": 1.619531972472019,
    "('V6', 'V14')": 5.040536746042241,
    "('V7', 'D1')": 7.314734402720629,
    "('V7', 'D2')": 10.882411593943468,
    "('V7', 'D3')": 8.839814925354686,
    "('V7', 'V1')": 10.860387471169384,
    "('V7', 'V2')": 6.010871720973367,
    "('V7', 'V3')": 5.930633726837755,
    "('V7', 'V4')": 12.355881356546387,
    "('V7', 'V5')": 13.19110226768347,
    "('V7', 'V6')": 5.636287659918688,
    "('V7', 'V8')": 9.281740821002947,
    "('V7', 'V9')": 7.037646789732077,
    "('V7', 'V10')": 6.144245845366963,
    "('V7', 'V11')": 6.605953872512904,
    "('V7', 'V12')": 5.760767649546527,
    "('V7', 'V13')": 7.233058602854667,
    "('V7', 'V14')": 10.360238005841262,
    "('V8', 'D1')": 11.180468130860273,
    "('V8', 'D2')": 11.87269824852483,
    "('V8', 'D3')": 10.431675801901855,
    "('V8', 'V1')": 9.599983870576326,
    "('V8', 'V2')": 8.3236537284476,
    "('V8', 'V3')": 4.380251741521733,
    "('V8', 'V4')": 5.226054524251864,
    "('V8', 'V5')": 4.5994465572002365,
    "('V8', 'V6')": 6.948139076536789,
    "('V8', 'V7')": 9.281740821002947,
    "('V8', 'V9')": 2.8822185682315697,
    "('V8', 'V10')": 5.593664734186703,
    "('V8', 'V11')": 3.122348947752711,
    "('V8', 'V12')": 9.286805974601107,
    "('V8', 'V13')": 6.703077317864491,
    "('V8', 'V14')": 6.004813986060509,
    "('V9', 'D1')": 8.333064484272622,
    "('V9', 'D2')": 12.379688042949835,
    "('V9', 'D3')": 7.786068901428048,
    "('V9', 'V1')": 10.630088471641407,
    "('V9', 'V2')": 7.9396068057837725,
    "('V9', 'V3')": 1.5062345234399879,
    "('V9', 'V4')": 7.797726603777543,
    "('V9', 'V5')": 6.153630677988716,
    "('V9', 'V6')": 4.080214257622357,
    "('V9', 'V7')": 7.037646789732077,
    "('V9', 'V8')": 2.8822185682315697,
    "('V9', 'V10')": 5.481057494898016,
    "('V9', 'V11')": 2.9419566194725073,
    "('V9', 'V12')": 6.411348513142407,
    "('V9', 'V13')": 4.056746271441121,
    "('V9', 'V14')": 4.675388213285495,
    "('V10', 'D1')": 11.642171799866018,
    "('V10', 'D2')": 6.921007600405646,
    "('V10', 'D3')": 12.072635356101499,
    "('V10', 'V1')": 5.544822401281214,
    "('V10', 'V2')": 2.7304478671699957,
    "('V10', 'V3')": 5.822596881146739,
    "('V10', 'V4')": 6.515042853030648,
    "('V10', 'V5')": 10.192514036450676,
    "('V10', 'V6')": 7.8903186650679205,
    "('V10', 'V7')": 6.144245845366963,
    "('V10', 'V8')": 5.593664734186703,
    "('V10', 'V9')": 5.481057494898016,
    "('V10', 'V11')": 2.6800280083339327,
    "('V10', 'V12')": 9.614693165820066,
    "('V10', 'V13')": 8.775680055399366,
    "('V10', 'V14')": 10.156414388461137,
    "('V11', 'D1')": 10.32347969431994,
    "('V11', 'D2')": 9.478955946396763,
    "('V11', 'D3')": 10.276235321364378,
    "('V11', 'V1')": 7.694589530146208,
    "('V11', 'V2')": 5.344242299719409,
    "('V11', 'V3')": 3.6921574796016032,
    "('V11', 'V4')": 6.003535372967269,
    "('V11', 'V5')": 7.673936809674927,
    "('V11', 'V6')": 6.1844645438714885,
    "('V11', 'V7')": 6.605953872512904,
    "('V11', 'V8')": 3.122348947752711,
    "('V11', 'V9')": 2.9419566194725073,
    "('V11', 'V10')": 2.6800280083339327,
    "('V11', 'V12')": 8.280339745742673,
    "('V11', 'V13')": 6.693588817018241,
    "('V11', 'V14')": 7.574107202563688,
    "('V12', 'D1')": 2.0506420488428434,
    "('V12', 'D2')": 15.892035448384675,
    "('V12', 'D3')": 3.0865948964210084,
    "('V12', 'V1')": 15.119381155365726,
    "('V12', 'V2')": 10.820858381756562,
    "('V12', 'V3')": 4.948695149278384,
    "('V12', 'V4')": 14.057205554522119,
    "('V12', 'V5')": 11.39429005390141,
    "('V12', 'V6')": 2.343834933531014,
    "('V12', 'V7')": 5.760767649546527,
    "('V12', 'V8')": 9.286805974601107,
    "('V12', 'V9')": 6.411348513142407,
    "('V12', 'V10')": 9.614693165820066,
    "('V12', 'V11')": 8.280339745742673,
    "('V12', 'V13')": 3.2688613528973236,
    "('V12', 'V14')": 6.714519487590861,
    "('V13', 'D1')": 4.7323629068460775,
    "('V13', 'D2')": 15.601450072429094,
    "('V13', 'D3')": 3.7419555914405107,
    "('V13', 'V1')": 14.256262000580268,
    "('V13', 'V2')": 10.703959630920856,
    "('V13', 'V3')": 3.011433101008838,
    "('V13', 'V4')": 11.822742957416905,
    "('V13', 'V5')": 8.171665178026531,
    "('V13', 'V6')": 1.619531972472019,
    "('V13', 'V7')": 7.233058602854667,
    "('V13', 'V8')": 6.703077317864491,
    "('V13', 'V9')": 4.056746271441121,
    "('V13', 'V10')": 8.775680055399366,
    "('V13', 'V11')": 6.693588817018241,
    "('V13', 'V12')": 3.2688613528973236,
    "('V13', 'V14')": 3.5250665789128055,
    "('V14', 'D1')": 7.803740178479478,
    "('V14', 'D2')": 17.046157634019718,
    "('V14', 'D3')": 5.981051540643724,
    "('V14', 'V1')": 15.182679954321538,
    "('V14', 'V2')": 12.569806475282112,
    "('V14', 'V3')": 4.77911698945317,
    "('V14', 'V4')": 11.119805606877689,
    "('V14', 'V5')": 5.366059594919802,
    "('V14', 'V6')": 5.040536746042241,
    "('V14', 'V7')": 10.360238005841262,
    "('V14', 'V8')": 6.004813986060509,
    "('V14', 'V9')": 4.675388213285495,
    "('V14', 'V10')": 10.156414388461137,
    "('V14', 'V11')": 7.574107202563688,
    "('V14', 'V12')": 6.714519487590861,
    "('V14', 'V13')": 3.5250665789128055
  },
  "waktu": {
    "('F1', 'D1')": 13.810329181200864,
    "('F1', 'D2')": 13.890004800169903,
    "('F1', 'D3')": 15.419705143908711,
    "('F2', 'D1')": 17.166769131690753,
    "('F2', 'D2')": 18.23752273053393,
    "('F2', 'D3')": 15.806242370421584,
    "('F3', 'D1')": 19.803213438831754,
    "('F3', 'D2')": 8.3387395560115,
    "('F3', 'D3')": 20.076825547354478,
    "('F4', 'D1')": 7.285693422185019,
    "('F4', 'D2')": 18.982197365430434,
    "('F4', 'D3')": 7.428864680629025,
    "('F5', 'D1')": 18.036686056577533,
    "('F5', 'D2')": 15.37534891321167,
    "('F5', 'D3')": 17.024753554801503,
    "('F6', 'D1')": 18.502120475073756,
    "('F6', 'D2')": 6.721036649496579,
    "('F6', 'D3')": 19.14510546468336,
    "('D1', 'D2')": 17.79728868386811,
    "('D1', 'D3')": 2.435641082666705,
    "('D1', 'V1')": 17.12608670025354,
    "('D1', 'V2')": 12.730308059929062,
    "('D1', 'V3')": 6.913479295124735,
    "('D1', 'V4')": 16.053367329833304,
    "('D1', 'V5')": 12.86170007183793,
    "('D1', 'V6')": 4.262950227905243,
    "('D1', 'V7')": 7.314734402720629,
    "('D1', 'V8')": 11.180468130860273,
    "('D1', 'V9')": 8.333064484272622,
    "('D1', 'V10')": 11.642171799866018,
    "('D1', 'V11')": 10.32347969431994,
    "('D1', 'V12')": 2.0506420488428434,
    "('D1', 'V13')": 4.7323629068460775,
    "('D1', 'V14')": 7.803740178479478,
    "('D2', 'D1')": 17.79728868386811,
    "('D2', 'D3')": 18.653291124286703,
    "('D2', 'V1')": 2.9079645095150193,
    "('D2', 'V2')": 5.071504499401985,
    "('D2', 'V3')": 12.712876697172412,
    "('D2', 'V4')": 9.708445201552802,
    "('D2', 'V5')": 16.232820624606198,
    "('D2', 'V6')": 14.538733759678172,
    "('D2', 'V7')": 10.882411593943468,
    "('D2', 'V8')": 11.87269824852483,
    "('D2', 'V9')": 12.379688042949835,
    "('D2', 'V10')": 6.921007600405646,
    "('D2', 'V11')": 9.478955946396763,
    "('D2', 'V12')": 15.892035448384675,
    "('D2', 'V13')": 15.601450072429094,
    "('D2', 'V14')": 17.046157634019718,
    "('D3', 'D1')": 2.435641082666705,
    "('D3', 'D2')": 18.653291124286703,
    "('D3', 'V1')": 17.616505957900852,
    "('D3', 'V2')": 13.609642472865904,
    "('D3', 'V3')": 6.602946508139577,
    "('D3', 'V4')": 15.564478928358259,
    "('D3', 'V5')": 11.288207253633665,
    "('D3', 'V6')": 4.183240701802804,
    "('D3', 'V7')": 8.839814925354686,
    "('D3', 'V8')": 10.431675801901855,
    "('D3', 'V9')": 7.786068901428048,
    "('D3', 'V10')": 12.072635356101499,
    "('D3', 'V11')": 10.276235321364378,
    "('D3', 'V12')": 3.0865948964210084,
    "('D3', 'V13')": 3.7419555914405107,
    "('D3', 'V14')": 5.981051540643724,
    "('V1', 'D1')": 17.12608670025354,
    "('V1', 'D2')": 2.9079645095150193,
    "('V1', 'D3')": 17.616505957900852,
    "('V1', 'V2')": 4.90823387120602,
    "('V1', 'V3')": 11.258558580319297,
    "('V1', 'V4')": 6.844704376108453,
    "('V1', 'V5')": 13.731468237043435,
    "('V1', 'V6')": 13.433536654637692,
    "('V1', 'V7')": 10.860387471169384,
    "('V1', 'V8')": 9.599983870576326,
    "('V1', 'V9')": 10.630088471641407,
    "('V1', 'V10')": 5.544822401281214,
    "('V1', 'V11')": 7.694589530146208,
    "('V1', 'V12')": 15.119381155365726,
    "('V1', 'V13')": 14.256262000580268,
    "('V1', 'V14')": 15.182679954321538,
    "('V2', 'D1')": 12.730308059929062,
    "('V2', 'D2')": 5.071504499401985,
    "('V2', 'D3')": 13.609642472865904,
    "('V2', 'V1')": 4.90823387120602,
    "('V2', 'V3')": 7.956477591398404,
    "('V2', 'V4')": 8.553917392775796,
    "('V2', 'V5')": 12.922792346107334,
    "('V2', 'V6')": 9.538200331898977,
    "('V2', 'V7')": 6.010871720973367,
    "('V2', 'V8')": 8.3236537284476,
    "('V2', 'V9')": 7.9396068057837725,
    "('V2', 'V10')": 2.7304478671699957,
    "('V2', 'V11')": 5.344242299719409,
    "('V2', 'V12')": 10.820858381756562,
    "('V2', 'V13')": 10.703959630920856,
    "('V2', 'V14')": 12.569806475282112,
    "('V3', 'D1')": 6.913479295124735,
    "('V3', 'D2')": 12.712876697172412,
    "('V3', 'D3')": 6.602946508139577,
    "('V3', 'V1')": 11.258558580319297,
    "('V3', 'V2')": 7.956477591398404,
    "('V3', 'V4')": 9.144802748706486,
    "('V3', 'V5')": 7.402060298609804,
    "('V3', 'V6')": 2.6523711959147462,
    "('V3', 'V7')": 5.930633726837755,
    "('V3', 'V8')": 4.380251741521733,
    "('V3', 'V9')": 1.5062345234399879,
    "('V3', 'V10')": 5.822596881146739,
    "('V3', 'V11')": 3.6921574796016032,
    "('V3', 'V12')": 4.948695149278384,
    "('V3', 'V13')": 3.011433101008838,
    "('V3', 'V14')": 4.77911698945317,
    "('V4', 'D1')": 16.053367329833304,
    "('V4', 'D2')": 9.708445201552802,
    "('V4', 'D3')": 15.564478928358259,
    "('V4', 'V1')": 6.844704376108453,
    "('V4', 'V2')": 8.553917392775796,
    "('V4', 'V3')": 9.144802748706486,
    "('V4', 'V5')": 7.793712181115208,
    "('V4', 'V6')": 11.796733294202799,
    "('V4', 'V7')": 12.355881356546387,
    "('V4', 'V8')": 5.226054524251864,
    "('V4', 'V9')": 7.797726603777543,
    "('V4', 'V10')": 6.515042853030648,
    "('V4', 'V11')": 6.003535372967269,
    "('V4', 'V12')": 14.057205554522119,
    "('V4', 'V13')": 11.822742957416905,
    "('V4', 'V14')": 11.119805606877689,
    "('V5', 'D1')": 12.86170007183793,
    "('V5', 'D2')": 16.232820624606198,
    "('V5', 'D3')": 11.288207253633665,
    "('V5', 'V1')": 13.731468237043435,
    "('V5', 'V2')": 12.922792346107334,
    "('V5', 'V3')": 7.402060298609804,
    "('V5', 'V4')": 7.793712181115208,
    "('V5', 'V6')": 9.220399583094089,
    "('V5', 'V7')": 13.19110226768347,
    "('V5', 'V8')": 4.5994465572002365,
    "('V5', 'V9')": 6.153630677988716,
    "('V5', 'V10')": 10.192514036450676,
    "('V5', 'V11')": 7.673936809674927,
    "('V5', 'V12')": 11.39429005390141,
    "('V5', 'V13')": 8.171665178026531,
    "('V5', 'V14')": 5.366059594919802,
    "('V6', 'D1')": 4.262950227905243,
    "('V6', 'D2')": 14.538733759678172,
    "('V6', 'D3')": 4.183240701802804,
    "('V6', 'V1')": 13.433536654637692,
    "('V6', 'V2')": 9.538200331898977,
    "('V6', 'V3')": 2.6523711959147462,
    "('V6', 'V4')": 11.796733294202799,
    "('V6', 'V5')": 9.220399583094089,
    "('V6', 'V7')": 5.636287659918688,
    "('V6', 'V8')": 6.948139076536789,
    "('V6', 'V9')": 4.080214257622357,
    "('V6', 'V10')": 7.8903186650679205,
    "('V6', 'V11')": 6.1844645438714885,
    "('V6', 'V12')": 2.343834933531014,
    "('V6', 'V13')": 1.619531972472019,
    "('V6', 'V14')": 5.040536746042241,
    "('V7', 'D1')": 7.314734402720629,
    "('V7', 'D2')": 10.882411593943468,
    "('V7', 'D3')": 8.839814925354686,
    "('V7', 'V1')": 10.860387471169384,
    "('V7', 'V2')": 6.010871720973367,
    "('V7', 'V3')": 5.930633726837755,
    "('V7', 'V4')": 12.355881356546387,
    "('V7', 'V5')": 13.19110226768347,
    "('V7', 'V6')": 5.636287659918688,
    "('V7', 'V8')": 9.281740821002947,
    "('V7', 'V9')": 7.037646789732077,
    "('V7', 'V10')": 6.144245845366963,
    "('V7', 'V11')": 6.605953872512904,
    "('V7', 'V12')": 5.760767649546527,
    "('V7', 'V13')": 7.233058602854667,
    "('V7', 'V14')": 10.360238005841262,
    "('V8', 'D1')": 11.180468130860273,
    "('V8', 'D2')": 11.87269824852483,
    "('V8', 'D3')": 10.431675801901855,
    "('V8', 'V1')": 9.599983870576326,
    "('V8', 'V2')": 8.3236537284476,
    "('V8', 'V3')": 4.380251741521733,
    "('V8', 'V4')": 5.226054524251864,
    "('V8', 'V5')": 4.5994465572002365,
    "('V8', 'V6')": 6.948139076536789,
    "('V8', 'V7')": 9.281740821002947,
    "('V8', 'V9')": 2.8822185682315697,
    "('V8', 'V10')": 5.593664734186703,
    "('V8', 'V11')": 3.122348947752711,
    "('V8', 'V12')": 9.286805974601107,
    "('V8', 'V13')": 6.703077317864491,
    "('V8', 'V14')": 6.004813986060509,
    "('V9', 'D1')": 8.333064484272622,
    "('V9', 'D2')": 12.379688042949835,
    "('V9', 'D3')": 7.786068901428048,
    "('V9', 'V1')": 10.630088471641407,
    "('V9', 'V2')": 7.9396068057837725,
    "('V9', 'V3')": 1.5062345234399879,
    "('V9', 'V4')": 7.797726603777543,
    "('V9', 'V5')": 6.153630677988716,
    "('V9', 'V6')": 4.080214257622357,
    "('V9', 'V7')": 7.037646789732077,
    "('V9', 'V8')": 2.8822185682315697,
    "('V9', 'V10')": 5.481057494898016,
    "('V9', 'V11')": 2.9419566194725073,
    "('V9', 'V12')": 6.411348513142407,
    "('V9', 'V13')": 4.056746271441121,
    "('V9', 'V14')": 4.675388213285495,
    "('V10', 'D1')": 11.642171799866018,
    "('V10', 'D2')": 6.921007600405646,
    "('V10', 'D3')": 12.072635356101499,
    "('V10', 'V1')": 5.544822401281214,
    "('V10', 'V2')": 2.7304478671699957,
    "('V10', 'V3')": 5.822596881146739,
    "('V10', 'V4')": 6.515042853030648,
    "('V10', 'V5')": 10.192514036450676,
    "('V10', 'V6')": 7.8903186650679205,
    "('V10', 'V7')": 6.144245845366963,
    "('V10', 'V8')": 5.593664734186703,
    "('V10', 'V9')": 5.481057494898016,
    "('V10', 'V11')": 2.6800280083339327,
    "('V10', 'V12')": 9.614693165820066,
    "('V10', 'V13')": 8.775680055399366,
    "('V10', 'V14')": 10.156414388461137,
    "('V11', 'D1')": 10.32347969431994,
    "('V11', 'D2')": 9.478955946396763,
    "('V11', 'D3')": 10.276235321364378,
    "('V11', 'V1')": 7.694589530146208,
    "('V11', 'V2')": 5.344242299719409,
    "('V11', 'V3')": 3.6921574796016032,
    "('V11', 'V4')": 6.003535372967269,
    "('V11', 'V5')": 7.673936809674927,
    "('V11', 'V6')": 6.1844645438714885,
    "('V11', 'V7')": 6.605953872512904,
    "('V11', 'V8')": 3.122348947752711,
    "('V11', 'V9')": 2.9419566194725073,
    "('V11', 'V10')": 2.6800280083339327,
    "('V11', 'V12')": 8.280339745742673,
    "('V11', 'V13')": 6.693588817018241,
    "('V11', 'V14')": 7.574107202563688,
    "('V12', 'D1')": 2.0506420488428434,
    "('V12', 'D2')": 15.892035448384675,
    "('V12', 'D3')": 3.0865948964210084,
    "('V12', 'V1')": 15.119381155365726,
    "('V12', 'V2')": 10.820858381756562,
    "('V12', 'V3')": 4.948695149278384,
    "('V12', 'V4')": 14.057205554522119,
    "('V12', 'V5')": 11.39429005390141,
    "('V12', 'V6')": 2.343834933531014,
    "('V12', 'V7')": 5.760767649546527,
    "('V12', 'V8')": 9.286805974601107,
    "('V12', 'V9')": 6.411348513142407,
    "('V12', 'V10')": 9.614693165820066,
    "('V12', 'V11')": 8.280339745742673,
    "('V12', 'V13')": 3.2688613528973236,
    "('V12', 'V14')": 6.714519487590861,
    "('V13', 'D1')": 4.7323629068460775,
    "('V13', 'D2')": 15.601450072429094,
    "('V13', 'D3')": 3.7419555914405107,
    "('V13', 'V1')": 14.256262000580268,
    "('V13', 'V2')": 10.703959630920856,
    "('V13', 'V3')": 3.011433101008838,
    "('V13', 'V4')": 11.822742957416905,
    "('V13', 'V5')": 8.171665178026531,
    "('V13', 'V6')": 1.619531972472019,
    "('V13', 'V7')": 7.233058602854667,
    "('V13', 'V8')": 6.703077317864491,
    "('V13', 'V9')": 4.056746271441121,
    "('V13', 'V10')": 8.775680055399366,
    "('V13', 'V11')": 6.693588817018241,
    "('V13', 'V12')": 3.2688613528973236,
    "('V13', 'V14')": 3.5250665789128055,
    "('V14', 'D1')": 7.803740178479478,
    "('V14', 'D2')": 17.046157634019718,
    "('V14', 'D3')": 5.981051540643724,
    "('V14', 'V1')": 15.182679954321538,
    "('V14', 'V2')": 12.569806475282112,
    "('V14', 'V3')": 4.77911698945317,
    "('V14', 'V4')": 11.119805606877689,
    "('V14', 'V5')": 5.366059594919802,
    "('V14', 'V6')": 5.040536746042241,
    "('V14', 'V7')": 10.360238005841262,
    "('V14', 'V8')": 6.004813986060509,
    "('V14', 'V9')": 4.675388213285495,
    "('V14', 'V10')": 10.156414388461137,
    "('V14', 'V11')": 7.574107202563688,
    "('V14', 'V12')": 6.714519487590861,
    "('V14', 'V13')": 3.5250665789128055
  },
  "truck_arcs": [
    {
      "p": "F1",
      "j": "D1",
      "cost": 13.810329181200864
    },
    {
      "p": "F1",
      "j": "D2",
      "cost": 13.890004800169903
    },
    {
      "p": "F1",
      "j": "D3",
      "cost": 15.419705143908711
    },
    {
      "p": "F2",
      "j": "D1",
      "cost": 17.166769131690756
    },
    {
      "p": "F2",
      "j": "D2",
      "cost": 18.237522730533925
    },
    {
      "p": "F2",
      "j": "D3",
      "cost": 15.806242370421584
    },
    {
      "p": "F3",
      "j": "D1",
      "cost": 19.803213438831754
    },
    {
      "p": "F3",
      "j": "D2",
      "cost": 8.3387395560115
    },
    {
      "p": "F3",
      "j": "D3",
      "cost": 20.076825547354478
    },
    {
      "p": "F4",
      "j": "D1",
      "cost": 7.285693422185019
    },
    {
      "p": "F4",
      "j": "D2",
      "cost": 18.982197365430437
    },
    {
      "p": "F4",
      "j": "D3",
      "cost": 7.428864680629026
    },
    {
      "p": "F5",
      "j": "D1",
      "cost": 18.036686056577533
    },
    {
      "p": "F5",
      "j": "D2",
      "cost": 15.37534891321167
    },
    {
      "p": "F5",
      "j": "D3",
      "cost": 17.024753554801503
    },
    {
      "p": "F6",
      "j": "D1",
      "cost": 18.502120475073756
    },
    {
      "p": "F6",
      "j": "D2",
      "cost": 6.721036649496579
    },
    {
      "p": "F6",
      "j": "D3",
      "cost": 19.14510546468336
    }
  ],
  "uav_arcs": [
    {
      "u": "D1",
      "v": "D2",
      "cost": 11.86485912257874
    },
    {
      "u": "D1",
      "v": "D3",
      "cost": 1.6237607217778032
    },
    {
      "u": "D1",
      "v": "V1",
      "cost": 11.41739113350236
    },
    {
      "u": "D1",
      "v": "V2",
      "cost": 8.486872039952708
    },
    {
      "u": "D1",
      "v": "V3",
      "cost": 4.608986196749823
    },
    {
      "u": "D1",
      "v": "V4",
      "cost": 10.702244886555537
    },
    {
      "u": "D1",
      "v": "V5",
      "cost": 8.57446671455862
    },
    {
      "u": "D1",
      "v": "V6",
      "cost": 2.8419668186034954
    },
    {
      "u": "D1",
      "v": "V7",
      "cost": 4.876489601813753
    },
    {
      "u": "D1",
      "v": "V8",
      "cost": 7.4536454205735145
    },
    {
      "u": "D1",
      "v": "V9",
      "cost": 5.555376322848415
    },
    {
      "u": "D1",
      "v": "V10",
      "cost": 7.761447866577345
    },
    {
      "u": "D1",
      "v": "V11",
      "cost": 6.882319796213293
    },
    {
      "u": "D1",
      "v": "V12",
      "cost": 1.3670946992285622
    },
    {
      "u": "D1",
      "v": "V13",
      "cost": 3.1549086045640515
    },
    {
      "u": "D1",
      "v": "V14",
      "cost": 5.202493452319652
    },
    {
      "u": "D2",
      "v": "D1",
      "cost": 11.86485912257874
    },
    {
      "u": "D2",
      "v": "D3",
      "cost": 12.435527416191135
    },
    {
      "u": "D2",
      "v": "V1",
      "cost": 1.9386430063433464
    },
    {
      "u": "D2",
      "v": "V2",
      "cost": 3.381002999601323
    },
    {
      "u": "D2",
      "v": "V3",
      "cost": 8.475251131448275
    },
    {
      "u": "D2",
      "v": "V4",
      "cost": 6.472296801035202
    },
    {
      "u": "D2",
      "v": "V5",
      "cost": 10.821880416404133
    },
    {
      "u": "D2",
      "v": "V6",
      "cost": 9.692489173118782
    },
    {
      "u": "D2",
      "v": "V7",
      "cost": 7.254941062628978
    },
    {
      "u": "D2",
      "v": "V8",
      "cost": 7.915132165683221
    },
    {
      "u": "D2",
      "v": "V9",
      "cost": 8.253125361966557
    },
    {
      "u": "D2",
      "v": "V10",
      "cost": 4.614005066937097
    },
    {
      "u": "D2",
      "v": "V11",
      "cost": 6.319303964264508
    },
    {
      "u": "D2",
      "v": "V12",
      "cost": 10.594690298923117
    },
    {
      "u": "D2",
      "v": "V13",
      "cost": 10.400966714952729
    },
    {
      "u": "D2",
      "v": "V14",
      "cost": 11.364105089346479
    },
    {
      "u": "D3",
      "v": "D1",
      "cost": 1.6237607217778032
    },
    {
      "u": "D3",
      "v": "D2",
      "cost": 12.435527416191135
    },
    {
      "u": "D3",
      "v": "V1",
      "cost": 11.744337305267235
    },
    {
      "u": "D3",
      "v": "V2",
      "cost": 9.073094981910602
    },
    {
      "u": "D3",
      "v": "V3",
      "cost": 4.401964338759718
    },
    {
      "u": "D3",
      "v": "V4",
      "cost": 10.376319285572173
    },
    {
      "u": "D3",
      "v": "V5",
      "cost": 7.525471502422444
    },
    {
      "u": "D3",
      "v": "V6",
      "cost": 2.7888271345352025
    },
    {
      "u": "D3",
      "v": "V7",
      "cost": 5.893209950236457
    },
    {
      "u": "D3",
      "v": "V8",
      "cost": 6.954450534601237
    },
    {
      "u": "D3",
      "v": "V9",
      "cost": 5.190712600952032
    },
    {
      "u": "D3",
      "v": "V10",
      "cost": 8.048423570734332
    },
    {
      "u": "D3",
      "v": "V11",
      "cost": 6.850823547576253
    },
    {
      "u": "D3",
      "v": "V12",
      "cost": 2.057729930947339
    },
    {
      "u": "D3",
      "v": "V13",
      "cost": 2.4946370609603408
    },
    {
      "u": "D3",
      "v": "V14",
      "cost": 3.9873676937624825
    },
    {
      "u": "V1",
      "v": "D1",
      "cost": 11.41739113350236
    },
    {
      "u": "V1",
      "v": "D2",
      "cost": 1.9386430063433464
    },
    {
      "u": "V1",
      "v": "D3",
      "cost": 11.744337305267235
    },
    {
      "u": "V1",
      "v": "V2",
      "cost": 3.2721559141373464
    },
    {
      "u": "V1",
      "v": "V3",
      "cost": 7.505705720212864
    },
    {
      "u": "V1",
      "v": "V4",
      "cost": 4.563136250738968
    },
    {
      "u": "V1",
      "v": "V5",
      "cost": 9.154312158028958
    },
    {
      "u": "V1",
      "v": "V6",
      "cost": 8.955691103091795
    },
    {
      "u": "V1",
      "v": "V7",
      "cost": 7.240258314112922
    },
    {
      "u": "V1",
      "v": "V8",
      "cost": 6.3999892470508835
    },
    {
      "u": "V1",
      "v": "V9",
      "cost": 7.086725647760939
    },
    {
      "u": "V1",
      "v": "V10",
      "cost": 3.6965482675208094
    },
    {
      "u": "V1",
      "v": "V11",
      "cost": 5.129726353430806
    },
    {
      "u": "V1",
      "v": "V12",
      "cost": 10.079587436910485
    },
    {
      "u": "V1",
      "v": "V13",
      "cost": 9.504174667053512
    },
    {
      "u": "V1",
      "v": "V14",
      "cost": 10.121786636214358
    },
    {
      "u": "V2",
      "v": "D1",
      "cost": 8.486872039952708
    },
    {
      "u": "V2",
      "v": "D2",
      "cost": 3.381002999601323
    },
    {
      "u": "V2",
      "v": "D3",
      "cost": 9.073094981910602
    },
    {
      "u": "V2",
      "v": "V1",
      "cost": 3.2721559141373464
    },
    {
      "u": "V2",
      "v": "V3",
      "cost": 5.304318394265603
    },
    {
      "u": "V2",
      "v": "V4",
      "cost": 5.702611595183864
    },
    {
      "u": "V2",
      "v": "V5",
      "cost": 8.615194897404889
    },
    {
      "u": "V2",
      "v": "V6",
      "cost": 6.358800221265985
    },
    {
      "u": "V2",
      "v": "V7",
      "cost": 4.007247813982245
    },
    {
      "u": "V2",
      "v": "V8",
      "cost": 5.5491024856317335
    },
    {
      "u": "V2",
      "v": "V9",
      "cost": 5.293071203855848
    },
    {
      "u": "V2",
      "v": "V10",
      "cost": 1.8202985781133305
    },
    {
      "u": "V2",
      "v": "V11",
      "cost": 3.562828199812939
    },
    {
      "u": "V2",
      "v": "V12",
      "cost": 7.213905587837709
    },
    {
      "u": "V2",
      "v": "V13",
      "cost": 7.135973087280571
    },
    {
      "u": "V2",
      "v": "V14",
      "cost": 8.379870983521409
    },
    {
      "u": "V3",
      "v": "D1",
      "cost": 4.608986196749823
    },
    {
      "u": "V3",
      "v": "D2",
      "cost": 8.475251131448275
    },
    {
      "u": "V3",
      "v": "D3",
      "cost": 4.401964338759718
    },
    {
      "u": "V3",
      "v": "V1",
      "cost": 7.505705720212864
    },
    {
      "u": "V3",
      "v": "V2",
      "cost": 5.304318394265603
    },
    {
      "u": "V3",
      "v": "V4",
      "cost": 6.096535165804323
    },
    {
      "u": "V3",
      "v": "V5",
      "cost": 4.934706865739869
    },
    {
      "u": "V3",
      "v": "V6",
      "cost": 1.7682474639431642
    },
    {
      "u": "V3",
      "v": "V7",
      "cost": 3.9537558178918366
    },
    {
      "u": "V3",
      "v": "V8",
      "cost": 2.9201678276811553
    },
    {
      "u": "V3",
      "v": "V9",
      "cost": 1.0041563489599918
    },
    {
      "u": "V3",
      "v": "V10",
      "cost": 3.8817312540978257
    },
    {
      "u": "V3",
      "v": "V11",
      "cost": 2.461438319734402
    },
    {
      "u": "V3",
      "v": "V12",
      "cost": 3.2991300995189223
    },
    {
      "u": "V3",
      "v": "V13",
      "cost": 2.0076220673392253
    },
    {
      "u": "V3",
      "v": "V14",
      "cost": 3.1860779929687806
    },
    {
      "u": "V4",
      "v": "D1",
      "cost": 10.702244886555537
    },
    {
      "u": "V4",
      "v": "D2",
      "cost": 6.472296801035202
    },
    {
      "u": "V4",
      "v": "D3",
      "cost": 10.376319285572173
    },
    {
      "u": "V4",
      "v": "V1",
      "cost": 4.563136250738968
    },
    {
      "u": "V4",
      "v": "V2",
      "cost": 5.702611595183864
    },
    {
      "u": "V4",
      "v": "V3",
      "cost": 6.096535165804323
    },
    {
      "u": "V4",
      "v": "V5",
      "cost": 5.195808120743472
    },
    {
      "u": "V4",
      "v": "V6",
      "cost": 7.864488862801866
    },
    {
      "u": "V4",
      "v": "V7",
      "cost": 8.237254237697591
    },
    {
      "u": "V4",
      "v": "V8",
      "cost": 3.4840363495012427
    },
    {
      "u": "V4",
      "v": "V9",
      "cost": 5.198484402518361
    },
    {
      "u": "V4",
      "v": "V10",
      "cost": 4.343361902020432
    },
    {
      "u": "V4",
      "v": "V11",
      "cost": 4.002356915311513
    },
    {
      "u": "V4",
      "v": "V12",
      "cost": 9.371470369681413
    },
    {
      "u": "V4",
      "v": "V13",
      "cost": 7.881828638277937
    },
    {
      "u": "V4",
      "v": "V14",
      "cost": 7.41320373791846
    },
    {
      "u": "V5",
      "v": "D1",
      "cost": 8.57446671455862
    },
    {
      "u": "V5",
      "v": "D2",
      "cost": 10.821880416404133
    },
    {
      "u": "V5",
      "v": "D3",
      "cost": 7.525471502422444
    },
    {
      "u": "V5",
      "v": "V1",
      "cost": 9.154312158028958
    },
    {
      "u": "V5",
      "v": "V2",
      "cost": 8.615194897404889
    },
    {
      "u": "V5",
      "v": "V3",
      "cost": 4.934706865739869
    },
    {
      "u": "V5",
      "v": "V4",
      "cost": 5.195808120743472
    },
    {
      "u": "V5",
      "v": "V6",
      "cost": 6.146933055396059
    },
    {
      "u": "V5",
      "v": "V7",
      "cost": 8.794068178455648
    },
    {
      "u": "V5",
      "v": "V8",
      "cost": 3.066297704800158
    },
    {
      "u": "V5",
      "v": "V9",
      "cost": 4.102420451992478
    },
    {
      "u": "V5",
      "v": "V10",
      "cost": 6.795009357633784
    },
    {
      "u": "V5",
      "v": "V11",
      "cost": 5.115957873116618
    },
    {
      "u": "V5",
      "v": "V12",
      "cost": 7.596193369267606
    },
    {
      "u": "V5",
      "v": "V13",
      "cost": 5.447776785351021
    },
    {
      "u": "V5",
      "v": "V14",
      "cost": 3.577373063279868
    },
    {
      "u": "V6",
      "v": "D1",
      "cost": 2.8419668186034954
    },
    {
      "u": "V6",
      "v": "D2",
      "cost": 9.692489173118782
    },
    {
      "u": "V6",
      "v": "D3",
      "cost": 2.7888271345352025
    },
    {
      "u": "V6",
      "v": "V1",
      "cost": 8.955691103091795
    },
    {
      "u": "V6",
      "v": "V2",
      "cost": 6.358800221265985
    },
    {
      "u": "V6",
      "v": "V3",
      "cost": 1.7682474639431642
    },
    {
      "u": "V6",
      "v": "V4",
      "cost": 7.864488862801866
    },
    {
      "u": "V6",
      "v": "V5",
      "cost": 6.146933055396059
    },
    {
      "u": "V6",
      "v": "V7",
      "cost": 3.757525106612459
    },
    {
      "u": "V6",
      "v": "V8",
      "cost": 4.632092717691193
    },
    {
      "u": "V6",
      "v": "V9",
      "cost": 2.7201428384149042
    },
    {
      "u": "V6",
      "v": "V10",
      "cost": 5.260212443378613
    },
    {
      "u": "V6",
      "v": "V11",
      "cost": 4.122976362580992
    },
    {
      "u": "V6",
      "v": "V12",
      "cost": 1.5625566223540093
    },
    {
      "u": "V6",
      "v": "V13",
      "cost": 1.0796879816480127
    },
    {
      "u": "V6",
      "v": "V14",
      "cost": 3.360357830694827
    },
    {
      "u": "V7",
      "v": "D1",
      "cost": 4.876489601813753
    },
    {
      "u": "V7",
      "v": "D2",
      "cost": 7.254941062628978
    },
    {
      "u": "V7",
      "v": "D3",
      "cost": 5.893209950236457
    },
    {
      "u": "V7",
      "v": "V1",
      "cost": 7.240258314112922
    },
    {
      "u": "V7",
      "v": "V2",
      "cost": 4.007247813982245
    },
    {
      "u": "V7",
      "v": "V3",
      "cost": 3.9537558178918366
    },
    {
      "u": "V7",
      "v": "V4",
      "cost": 8.237254237697591
    },
    {
      "u": "V7",
      "v": "V5",
      "cost": 8.794068178455648
    },
    {
      "u": "V7",
      "v": "V6",
      "cost": 3.757525106612459
    },
    {
      "u": "V7",
      "v": "V8",
      "cost": 6.187827214001965
    },
    {
      "u": "V7",
      "v": "V9",
      "cost": 4.691764526488051
    },
    {
      "u": "V7",
      "v": "V10",
      "cost": 4.0961638969113086
    },
    {
      "u": "V7",
      "v": "V11",
      "cost": 4.403969248341936
    },
    {
      "u": "V7",
      "v": "V12",
      "cost": 3.8405117663643513
    },
    {
      "u": "V7",
      "v": "V13",
      "cost": 4.8220390685697785
    },
    {
      "u": "V7",
      "v": "V14",
      "cost": 6.906825337227508
    },
    {
      "u": "V8",
      "v": "D1",
      "cost": 7.4536454205735145
    },
    {
      "u": "V8",
      "v": "D2",
      "cost": 7.915132165683221
    },
    {
      "u": "V8",
      "v": "D3",
      "cost": 6.954450534601237
    },
    {
      "u": "V8",
      "v": "V1",
      "cost": 6.3999892470508835
    },
    {
      "u": "V8",
      "v": "V2",
      "cost": 5.5491024856317335
    },
    {
      "u": "V8",
      "v": "V3",
      "cost": 2.9201678276811553
    },
    {
      "u": "V8",
      "v": "V4",
      "cost": 3.4840363495012427
    },
    {
      "u": "V8",
      "v": "V5",
      "cost": 3.066297704800158
    },
    {
      "u": "V8",
      "v": "V6",
      "cost": 4.632092717691193
    },
    {
      "u": "V8",
      "v": "V7",
      "cost": 6.187827214001965
    },
    {
      "u": "V8",
      "v": "V9",
      "cost": 1.9214790454877133
    },
    {
      "u": "V8",
      "v": "V10",
      "cost": 3.7291098227911355
    },
    {
      "u": "V8",
      "v": "V11",
      "cost": 2.081565965168474
    },
    {
      "u": "V8",
      "v": "V12",
      "cost": 6.191203983067405
    },
    {
      "u": "V8",
      "v": "V13",
      "cost": 4.4687182119096605
    },
    {
      "u": "V8",
      "v": "V14",
      "cost": 4.0032093240403395
    },
    {
      "u": "V9",
      "v": "D1",
      "cost": 5.555376322848415
    },
    {
      "u": "V9",
      "v": "D2",
      "cost": 8.253125361966557
    },
    {
      "u": "V9",
      "v": "D3",
      "cost": 5.190712600952032
    },
    {
      "u": "V9",
      "v": "V1",
      "cost": 7.086725647760939
    },
    {
      "u": "V9",
      "v": "V2",
      "cost": 5.293071203855848
    },
    {
      "u": "V9",
      "v": "V3",
      "cost": 1.0041563489599918
    },
    {
      "u": "V9",
      "v": "V4",
      "cost": 5.198484402518361
    },
    {
      "u": "V9",
      "v": "V5",
      "cost": 4.102420451992478
    },
    {
      "u": "V9",
      "v": "V6",
      "cost": 2.7201428384149042
    },
    {
      "u": "V9",
      "v": "V7",
      "cost": 4.691764526488051
    },
    {
      "u": "V9",
      "v": "V8",
      "cost": 1.9214790454877133
    },
    {
      "u": "V9",
      "v": "V10",
      "cost": 3.6540383299320105
    },
    {
      "u": "V9",
      "v": "V11",
      "cost": 1.9613044129816715
    },
    {
      "u": "V9",
      "v": "V12",
      "cost": 4.274232342094938
    },
    {
      "u": "V9",
      "v": "V13",
      "cost": 2.7044975142940806
    },
    {
      "u": "V9",
      "v": "V14",
      "cost": 3.1169254755236633
    },
    {
      "u": "V10",
      "v": "D1",
      "cost": 7.761447866577345
    },
    {
      "u": "V10",
      "v": "D2",
      "cost": 4.614005066937097
    },
    {
      "u": "V10",
      "v": "D3",
      "cost": 8.048423570734332
    },
    {
      "u": "V10",
      "v": "V1",
      "cost": 3.6965482675208094
    },
    {
      "u": "V10",
      "v": "V2",
      "cost": 1.8202985781133305
    },
    {
      "u": "V10",
      "v": "V3",
      "cost": 3.8817312540978257
    },
    {
      "u": "V10",
      "v": "V4",
      "cost": 4.343361902020432
    },
    {
      "u": "V10",
      "v": "V5",
      "cost": 6.795009357633784
    },
    {
      "u": "V10",
      "v": "V6",
      "cost": 5.260212443378613
    },
    {
      "u": "V10",
      "v": "V7",
      "cost": 4.0961638969113086
    },
    {
      "u": "V10",
      "v": "V8",
      "cost": 3.7291098227911355
    },
    {
      "u": "V10",
      "v": "V9",
      "cost": 3.6540383299320105
    },
    {
      "u": "V10",
      "v": "V11",
      "cost": 1.7866853388892885
    },
    {
      "u": "V10",
      "v": "V12",
      "cost": 6.409795443880044
    },
    {
      "u": "V10",
      "v": "V13",
      "cost": 5.850453370266245
    },
    {
      "u": "V10",
      "v": "V14",
      "cost": 6.770942925640758
    },
    {
      "u": "V11",
      "v": "D1",
      "cost": 6.882319796213293
    },
    {
      "u": "V11",
      "v": "D2",
      "cost": 6.319303964264508
    },
    {
      "u": "V11",
      "v": "D3",
      "cost": 6.850823547576253
    },
    {
      "u": "V11",
      "v": "V1",
      "cost": 5.129726353430806
    },
    {
      "u": "V11",
      "v": "V2",
      "cost": 3.562828199812939
    },
    {
      "u": "V11",
      "v": "V3",
      "cost": 2.461438319734402
    },
    {
      "u": "V11",
      "v": "V4",
      "cost": 4.002356915311513
    },
    {
      "u": "V11",
      "v": "V5",
      "cost": 5.115957873116618
    },
    {
      "u": "V11",
      "v": "V6",
      "cost": 4.122976362580992
    },
    {
      "u": "V11",
      "v": "V7",
      "cost": 4.403969248341936
    },
    {
      "u": "V11",
      "v": "V8",
      "cost": 2.081565965168474
    },
    {
      "u": "V11",
      "v": "V9",
      "cost": 1.9613044129816715
    },
    {
      "u": "V11",
      "v": "V10",
      "cost": 1.7866853388892885
    },
    {
      "u": "V11",
      "v": "V12",
      "cost": 5.520226497161782
    },
    {
      "u": "V11",
      "v": "V13",
      "cost": 4.462392544678828
    },
    {
      "u": "V11",
      "v": "V14",
      "cost": 5.049404801709126
    },
    {
      "u": "V12",
      "v": "D1",
      "cost": 1.3670946992285622
    },
    {
      "u": "V12",
      "v": "D2",
      "cost": 10.594690298923117
    },
    {
      "u": "V12",
      "v": "D3",
      "cost": 2.057729930947339
    },
    {
      "u": "V12",
      "v": "V1",
      "cost": 10.079587436910485
    },
    {
      "u": "V12",
      "v": "V2",
      "cost": 7.213905587837709
    },
    {
      "u": "V12",
      "v": "V3",
      "cost": 3.2991300995189223
    },
    {
      "u": "V12",
      "v": "V4",
      "cost": 9.371470369681413
    },
    {
      "u": "V12",
      "v": "V5",
      "cost": 7.596193369267606
    },
    {
      "u": "V12",
      "v": "V6",
      "cost": 1.5625566223540093
    },
    {
      "u": "V12",
      "v": "V7",
      "cost": 3.8405117663643513
    },
    {
      "u": "V12",
      "v": "V8",
      "cost": 6.191203983067405
    },
    {
      "u": "V12",
      "v": "V9",
      "cost": 4.274232342094938
    },
    {
      "u": "V12",
      "v": "V10",
      "cost": 6.409795443880044
    },
    {
      "u": "V12",
      "v": "V11",
      "cost": 5.520226497161782
    },
    {
      "u": "V12",
      "v": "V13",
      "cost": 2.179240901931549
    },
    {
      "u": "V12",
      "v": "V14",
      "cost": 4.476346325060574
    },
    {
      "u": "V13",
      "v": "D1",
      "cost": 3.1549086045640515
    },
    {
      "u": "V13",
      "v": "D2",
      "cost": 10.400966714952729
    },
    {
      "u": "V13",
      "v": "D3",
      "cost": 2.4946370609603408
    },
    {
      "u": "V13",
      "v": "V1",
      "cost": 9.504174667053512
    },
    {
      "u": "V13",
      "v": "V2",
      "cost": 7.135973087280571
    },
    {
      "u": "V13",
      "v": "V3",
      "cost": 2.0076220673392253
    },
    {
      "u": "V13",
      "v": "V4",
      "cost": 7.881828638277937
    },
    {
      "u": "V13",
      "v": "V5",
      "cost": 5.447776785351021
    },
    {
      "u": "V13",
      "v": "V6",
      "cost": 1.0796879816480127
    },
    {
      "u": "V13",
      "v": "V7",
      "cost": 4.8220390685697785
    },
    {
      "u": "V13",
      "v": "V8",
      "cost": 4.4687182119096605
    },
    {
      "u": "V13",
      "v": "V9",
      "cost": 2.7044975142940806
    },
    {
      "u": "V13",
      "v": "V10",
      "cost": 5.850453370266245
    },
    {
      "u": "V13",
      "v": "V11",
      "cost": 4.462392544678828
    },
    {
      "u": "V13",
      "v": "V12",
      "cost": 2.179240901931549
    },
    {
      "u": "V13",
      "v": "V14",
      "cost": 2.3500443859418705
    },
    {
      "u": "V14",
      "v": "D1",
      "cost": 5.202493452319652
    },
    {
      "u": "V14",
      "v": "D2",
      "cost": 11.364105089346479
    },
    {
      "u": "V14",
      "v": "D3",
      "cost": 3.9873676937624825
    },
    {
      "u": "V14",
      "v": "V1",
      "cost": 10.121786636214358
    },
    {
      "u": "V14",
      "v": "V2",
      "cost": 8.379870983521409
    },
    {
      "u": "V14",
      "v": "V3",
      "cost": 3.1860779929687806
    },
    {
      "u": "V14",
      "v": "V4",
      "cost": 7.41320373791846
    },
    {
      "u": "V14",
      "v": "V5",
      "cost": 3.577373063279868
    },
    {
      "u": "V14",
      "v": "V6",
      "cost": 3.360357830694827
    },
    {
      "u": "V14",
      "v": "V7",
      "cost": 6.906825337227508
    },
    {
      "u": "V14",
      "v": "V8",
      "cost": 4.0032093240403395
    },
    {
      "u": "V14",
      "v": "V9",
      "cost": 3.1169254755236633
    },
    {
      "u": "V14",
      "v": "V10",
      "cost": 6.770942925640758
    },
    {
      "u": "V14",
      "v": "V11",
      "cost": 5.049404801709126
    },
    {
      "u": "V14",
      "v": "V12",
      "cost": 4.476346325060574
    },
    {
      "u": "V14",
      "v": "V13",
      "cost": 2.3500443859418705
    }
  ],
  "number_of_uav": null
}