{
  "n_center": 4,
  "n_community": 14,
  "n_warehouse": 6,
  "set_F": [
    "F1",
    "F2",
    "F3",
    "F4",
    "F5",
    "F6"
  ],
  "set_D": [
    "D1",
    "D2",
    "D3",
    "D4"
  ],
  "set_V": [
    "V1",
    "V2",
    "V3",
    "V4",
    "V5",
    "V6",
    "V7",
    "V8",
    "V9",
    "V10",
    "V11",
    "V12",
    "V13",
    "V14"
  ],
  "set_A": [
    "('F1', 'D1')",
    "('F1', 'D2')",
    "('F1', 'D3')",
    "('F1', 'D4')",
    "('F2', 'D1')",
    "('F2', 'D2')",
    "('F2', 'D3')",
    "('F2', 'D4')",
    "('F3', 'D1')",
    "('F3', 'D2')",
    "('F3', 'D3')",
    "('F3', 'D4')",
    "('F4', 'D1')",
    "('F4', 'D2')",
    "('F4', 'D3')",
    "('F4', 'D4')",
    "('F5', 'D1')",
    "('F5', 'D2')",
    "('F5', 'D3')",
    "('F5', 'D4')",
    "('F6', 'D1')",
    "('F6', 'D2')",
    "('F6', 'D3')",
    "('F6', 'D4')",
    "('D1', 'D2')",
    "('D1', 'D3')",
    "('D1', 'D4')",
    "('D1', 'V1')",
    "('D1', 'V2')",
    "('D1', 'V3')",
    "('D1', 'V4')",
    "('D1', 'V5')",
    "('D1', 'V6')",
    "('D1', 'V7')",
    "('D1', 'V8')",
    "('D1', 'V9')",
    "('D1', 'V10')",
    "('D1', 'V11')",
    "('D1', 'V12')",
    "('D1', 'V13')",
    "('D1', 'V14')",
    "('D2', 'D1')",
    "('D2', 'D3')",
    "('D2', 'D4')",
    "('D2', 'V1')",
    "('D2', 'V2')",
    "('D2', 'V3')",
    "('D2', 'V4')",
    "('D2', 'V5')",
    "('D2', 'V6')",
    "('D2', 'V7')",
    "('D2', 'V8')",
    "('D2', 'V9')",
    "('D2', 'V10')",
    "('D2', 'V11')",
    "('D2', 'V12')",
    "('D2', 'V13')",
    "('D2', 'V14')",
    "('D3', 'D1')",
    "('D3', 'D2')",
    "('D3', 'D4')",
    "('D3', 'V1')",
    "('D3', 'V2')",
    "('D3', 'V3')",
    "('D3', 'V4')",
    "('D3', 'V5')",
    "('D3', 'V6')",
    "('D3', 'V7')",
    "('D3', 'V8')",
    "('D3', 'V9')",
    "('D3', 'V10')",
    "('D3', 'V11')",
    "('D3', 'V12')",
    "('D3', 'V13')",
    "('D3', 'V14')",
    "('D4', 'D1')",
    "('D4', 'D2')",
    "('D4', 'D3')",
    "('D4', 'V1')",
    "('D4', 'V2')",
    "('D4', 'V3')",
    "('D4', 'V4')",
    "('D4', 'V5')",
    "('D4', 'V6')",
    "('D4', 'V7')",
    "('D4', 'V8')",
    "('D4', 'V9')",
    "('D4', 'V10')",
    "('D4', 'V11')",
    "('D4', 'V12')",
    "('D4', 'V13')",
    "('D4', 'V14')",
    "('V1', 'D1')",
    "('V1', 'D2')",
    "('V1', 'D3')",
    "('V1', 'D4')",
    "('V1', 'V2')",
    "('V1', 'V3')",
    "('V1', 'V4')",
    "('V1', 'V5')",
    "('V1', 'V6')",
    "('V1', 'V7')",
    "('V1', 'V8')",
    "('V1', 'V9')",
    "('V1', 'V10')",
    "('V1', 'V11')",
    "('V1', 'V12')",
    "('V1', 'V13')",
    "('V1', 'V14')",
    "('V2', 'D1')",
    "('V2', 'D2')",
    "('V2', 'D3')",
    "('V2', 'D4')",
    "('V2', 'V1')",
    "('V2', 'V3')",
    "('V2', 'V4')",
    "('V2', 'V5')",
    "('V2', 'V6')",
    "('V2', 'V7')",
    "('V2', 'V8')",
    "('V2', 'V9')",
    "('V2', 'V10')",
    "('V2', 'V11')",
    "('V2', 'V12')",
    "('V2', 'V13')",
    "('V2', 'V14')",
    "('V3', 'D1')",
    "('V3', 'D2')",
    "('V3', 'D3')",
    "('V3', 'D4')",
    "('V3', 'V1')",
    "('V3', 'V2')",
    "('V3', 'V4')",
    "('V3', 'V5')",
    "('V3', 'V6')",
    "('V3', 'V7')",
    "('V3', 'V8')",
    "('V3', 'V9')",
    "('V3', 'V10')",
    "('V3', 'V11')",
    "('V3', 'V12')",
    "('V3', 'V13')",
    "('V3', 'V14')",
    "('V4', 'D1')",
    "('V4', 'D2')",
    "('V4', 'D3')",
    "('V4', 'D4')",
    "('V4', 'V1')",
    "('V4', 'V2')",
    "('V4', 'V3')",
    "('V4', 'V5')",
    "('V4', 'V6')",
    "('V4', 'V7')",
    "('V4', 'V8')",
    "('V4', 'V9')",
    "('V4', 'V10')",
    "('V4', 'V11')",
    "('V4', 'V12')",
    "('V4', 'V13')",
    "('V4', 'V14')",
    "('V5', 'D1')",
    "('V5', 'D2')",
    "('V5', 'D3')",
    "('V5', 'D4')",
    "('V5', 'V1')",
    "('V5', 'V2')",
    "('V5', 'V3')",
    "('V5', 'V4')",
    "('V5', 'V6')",
    "('V5', 'V7')",
    "('V5', 'V8')",
    "('V5', 'V9')",
    "('V5', 'V10')",
    "('V5', 'V11')",
    "('V5', 'V12')",
    "('V5', 'V13')",
    "('V5', 'V14')",
    "('V6', 'D1')",
    "('V6', 'D2')",
    "('V6', 'D3')",
    "('V6', 'D4')",
    "('V6', 'V1')",
    "('V6', 'V2')",
    "('V6', 'V3')",
    "('V6', 'V4')",
    "('V6', 'V5')",
    "('V6', 'V7')",
    "('V6', 'V8')",
    "('V6', 'V9')",
    "('V6', 'V10')",
    "('V6', 'V11')",
    "('V6', 'V12')",
    "('V6', 'V13')",
    "('V6', 'V14')",
    "('V7', 'D1')",
    "('V7', 'D2')",
    "('V7', 'D3')",
    "('V7', 'D4')",
    "('V7', 'V1')",
    "('V7', 'V2')",
    "('V7', 'V3')",
    "('V7', 'V4')",
    "('V7', 'V5')",
    "('V7', 'V6')",
    "('V7', 'V8')",
    "('V7', 'V9')",
    "('V7', 'V10')",
    "('V7', 'V11')",
    "('V7', 'V12')",
    "('V7', 'V13')",
    "('V7', 'V14')",
    "('V8', 'D1')",
    "('V8', 'D2')",
    "('V8', 'D3')",
    "('V8', 'D4')",
    "('V8', 'V1')",
    "('V8', 'V2')",
    "('V8', 'V3')",
    "('V8', 'V4')",
    "('V8', 'V5')",
    "('V8', 'V6')",
    "('V8', 'V7')",
    "('V8', 'V9')",
    "('V8', 'V10')",
    "('V8', 'V11')",
    "('V8', 'V12')",
    "('V8', 'V13')",
    "('V8', 'V14')",
    "('V9', 'D1')",
    "('V9', 'D2')",
    "('V9', 'D3')",
    "('V9', 'D4')",
    "('V9', 'V1')",
    "('V9', 'V2')",
    "('V9', 'V3')",
    "('V9', 'V4')",
    "('V9', 'V5')",
    "('V9', 'V6')",
    "('V9', 'V7')",
    "('V9', 'V8')",
    "('V9', 'V10')",
    "('V9', 'V11')",
    "('V9', 'V12')",
    "('V9', 'V13')",
    "('V9', 'V14')",
    "('V10', 'D1')",
    "('V10', 'D2')",
    "('V10', 'D3')",
    "('V10', 'D4')",
    "('V10', 'V1')",
    "('V10', 'V2')",
    "('V10', 'V3')",
    "('V10', 'V4')",
    "('V10', 'V5')",
    "('V10', 'V6')",
    "('V10', 'V7')",
    "('V10', 'V8')",
    "('V10', 'V9')",
    "('V10', 'V11')",
    "('V10', 'V12')",
    "('V10', 'V13')",
    "('V10', 'V14')",
    "('V11', 'D1')",
    "('V11', 'D2')",
    "('V11', 'D3')",
    "('V11', 'D4')",
    "('V11', 'V1')",
    "('V11', 'V2')",
    "('V11', 'V3')",
    "('V11', 'V4')",
    "('V11', 'V5')",
    "('V11', 'V6')",
    "('V11', 'V7')",
    "('V11', 'V8')",
    "('V11', 'V9')",
    "('V11', 'V10')",
    "('V11', 'V12')",
    "('V11', 'V13')",
    "('V11', 'V14')",
    "('V12', 'D1')",
    "('V12', 'D2')",
    "('V12', 'D3')",
    "('V12', 'D4')",
    "('V12', 'V1')",
    "('V12', 'V2')",
    "('V12', 'V3')",
    "('V12', 'V4')",
    "('V12', 'V5')",
    "('V12', 'V6')",
    "('V12', 'V7')",
    "('V12', 'V8')",
    "('V12', 'V9')",
    "('V12', 'V10')",
    "('V12', 'V11')",
    "('V12', 'V13')",
    "('V12', 'V14')",
    "('V13', 'D1')",
    "('V13', 'D2')",
    "('V13', 'D3')",
    "('V13', 'D4')",
    "('V13', 'V1')",
    "('V13', 'V2')",
    "('V13', 'V3')",
    "('V13', 'V4')",
    "('V13', 'V5')",
    "('V13', 'V6')",
    "('V13', 'V7')",
    "('V13', 'V8')",
    "('V13', 'V9')",
    "('V13', 'V10')",
    "('V13', 'V11')",
    "('V13', 'V12')",
    "('V13', 'V14')",
    "('V14', 'D1')",
    "('V14', 'D2')",
    "('V14', 'D3')",
    "('V14', 'D4')",
    "('V14', 'V1')",
    "('V14', 'V2')",
    "('V14', 'V3')",
    "('V14', 'V4')",
    "('V14', 'V5')",
    "('V14', 'V6')",
    "('V14', 'V7')",
    "('V14', 'V8')",
    "('V14', 'V9')",
    "('V14', 'V10')",
    "('V14', 'V11')",
    "('V14', 'V12')",
    "('V14', 'V13')"
  ],
  "set_L": [
    "L1",
    "L2",
    "L3",
    "L4",
    "L5"
  ],
  "set_T": [
    "T1",
    "T2",
    "T3",
    "T4",
    "T5",
    "T6",
    "T7",
    "T8"
  ],
  "set_U": [
    "U1",
    "U2",
    "U3",
    "U4",
    "U5",
    "U6",
    "U7",
    "U8",
    "U9",
    "U10",
    "U11",
    "U12",
    "U13",
    "U14"
  ],
  "par_d": {
    "V1": 37,
    "V2": 5,
    "V3": 27,
    "V4": 10,
    "V5": 28,
    "V6": 32,
    "V7": 36,
    "V8": 21,
    "V9": 13,
    "V10": 18,
    "V11": 24,
    "V12": 38,
    "V13": 29,
    "V14": 10
  },
  "par_r": 170,
  "par_n": 250,
  "par_h": 50,
  "par_m": 180,
  "par_v": 20,
  "par_l": {
    "L1": 72,
    "L2": 84,
    "L3": 96,
    "L4": 156,
    "L5": 264
  },
  "par_f": {
    "D1": 88.0,
    "D2": 61.0,
    "D3": 105.0,
    "D4": 82.0
  },
  "par_o_items": [
    {
      "j": "D1",
      "l": "L1",
      "value": 28.0
    },
    {
      "j": "D1",
      "l": "L2",
      "value": 32.0
    },
    {
      "j": "D1",
      "l": "L3",
      "value": 36.0
    },
    {
      "j": "D1",
      "l": "L4",
      "value": 56.0
    },
    {
      "j": "D1",
      "l": "L5",
      "value": 91.0
    },
    {
      "j": "D2",
      "l": "L1",
      "value": 28.0
    },
    {
      "j": "D2",
      "l": "L2",
      "value": 32.0
    },
    {
      "j": "D2",
      "l": "L3",
      "value": 36.0
    },
    {
      "j": "D2",
      "l": "L4",
      "value": 56.0
    },
    {
      "j": "D2",
      "l": "L5",
      "value": 91.0
    },
    {
      "j": "D3",
      "l": "L1",
      "value": 28.0
    },
    {
      "j": "D3",
      "l": "L2",
      "value": 32.0
    },
    {
      "j": "D3",
      "l": "L3",
      "value": 36.0
    },
    {
      "j": "D3",
      "l": "L4",
      "value": 56.0
    },
    {
      "j": "D3",
      "l": "L5",
      "value": 91.0
    },
    {
      "j": "D4",
      "l": "L1",
      "value": 28.0
    },
    {
      "j": "D4",
      "l": "L2",
      "value": 32.0
    },
    {
      "j": "D4",
      "l": "L3",
      "value": 36.0
    },
    {
      "j": "D4",
      "l": "L4",
      "value": 56.0
    },
    {
      "j": "D4",
      "l": "L5",
      "value": 91.0
    }
  ],
  "par_s_items": [
    {
      "j": "D1",
      "l": "L1",
      "value": 72.0
    },
    {
      "j": "D1",
      "l": "L2",
      "value": 84.0
    },
    {
      "j": "D1",
      "l": "L3",
      "value": 96.0
    },
    {
      "j": "D1",
      "l": "L4",
      "value": 156.0
    },
    {
      "j": "D1",
      "l": "L5",
      "value": 264.0
    },
    {
      "j": "D2",
      "l": "L1",
      "value": 72.0
    },
    {
      "j": "D2",
      "l": "L2",
      "value": 84.0
    },
    {
      "j": "D2",
      "l": "L3",
      "value": 96.0
    },
    {
      "j": "D2",
      "l": "L4",
      "value": 156.0
    },
    {
      "j": "D2",
      "l": "L5",
      "value": 264.0
    },
    {
      "j": "D3",
      "l": "L1",
      "value": 72.0
    },
    {
      "j": "D3",
      "l": "L2",
      "value": 84.0
    },
    {
      "j": "D3",
      "l": "L3",
      "value": 96.0
    },
    {
      "j": "D3",
      "l": "L4",
      "value": 156.0
    },
    {
      "j": "D3",
      "l": "L5",
      "value": 264.0
    },
    {
      "j": "D4",
      "l": "L1",
      "value": 72.0
    },
    {
      "j": "D4",
      "l": "L2",
      "value": 84.0
    },
    {
      "j": "D4",
      "l": "L3",
      "value": 96.0
    },
    {
      "j": "D4",
      "l": "L4",
      "value": 156.0
    },
    {
      "j": "D4",
      "l": "L5",
      "value": 264.0
    }
  ],
  "par_t": 328.0,
  "par_c": {
    "('F1', 'D1')": 13.960478476026912,
    "('F1', 'D2')": 7.400081764342888,
    "('F1', 'D3')": 16.760638719686305,
    "('F1', 'D4')": 19.803280905669254,
    "('F2', 'D1')": 22.853099993208,
    "('F2', 'D2')": 20.098165245647653,
    "('F2', 'D3')": 22.235479556185645,
    "('F2', 'D4')": 15.184745047314411,
    "('F3', 'D1')": 16.953091163386024,
    "('F3', 'D2')": 10.004596477642282,
    "('F3', 'D3')": 19.27822231461468,
    "('F3', 'D4')": 20.270434605788903,
    "('F4', 'D1')": 6.686966973084203,
    "('F4', 'D2')": 10.924369775681098,
    "('F4', 'D3')": 8.764935174970118,
    "('F4', 'D4')": 17.175896512899723,
    "('F5', 'D1')": 20.314954932304815,
    "('F5', 'D2')": 18.930858434089778,
    "('F5', 'D3')": 19.156260896278546,
    "('F5', 'D4')": 11.336672047979855,
    "('F6', 'D1')": 16.180094282477977,
    "('F6', 'D2')": 21.113013067530105,
    "('F6', 'D3')": 12.979054878534088,
    "('F6', 'D4')": 9.600032947442543,
    "('D1', 'D2')": 6.9497541932696745,
    "('D1', 'D3')": 3.224718786855055,
    "('D1', 'D4')": 10.707303500470177,
    "('D1', 'V1')": 6.350116852557933,
    "('D1', 'V2')": 9.192567609036479,
    "('D1', 'V3')": 9.51883922121072,
    "('D1', 'V4')": 8.663479551574003,
    "('D1', 'V5')": 6.988655663806379,
    "('D1', 'V6')": 3.843112974108387,
    "('D1', 'V7')": 10.145407953495482,
    "('D1', 'V8')": 5.365117798105101,
    "('D1', 'V9')": 2.928299668929631,
    "('D1', 'V10')": 11.556686401970246,
    "('D1', 'V11')": 7.078347031945973,
    "('D1', 'V12')": 11.034694518356808,
    "('D1', 'V13')": 3.7326726379267328,
    "('D1', 'V14')": 6.026561425818989,
    "('D2', 'D1')": 6.9497541932696745,
    "('D2', 'D3')": 9.457779595805652,
    "('D2', 'D4')": 12.990130725162798,
    "('D2', 'V1')": 7.192041692413813,
    "('D2', 'V2')": 3.7656275274163837,
    "('D2', 'V3')": 11.19001255139099,
    "('D2', 'V4')": 4.642001821346664,
    "('D2', 'V5')": 1.1913990568832236,
    "('D2', 'V6')": 7.3021497420187265,
    "('D2', 'V7')": 9.788332109512922,
    "('D2', 'V8')": 5.56784022612537,
    "('D2', 'V9')": 6.369024331290364,
    "('D2', 'V10')": 10.950304161314328,
    "('D2', 'V11')": 9.141650338026913,
    "('D2', 'V12')": 9.139836017545642,
    "('D2', 'V13')": 8.242746725888386,
    "('D2', 'V14')": 2.559914262281705,
    "('D3', 'D1')": 3.224718786855055,
    "('D3', 'D2')": 9.457779595805652,
    "('D3', 'D4')": 8.54387023316778,
    "('D3', 'V1')": 5.94995854694734,
    "('D3', 'V2')": 10.799853461506107,
    "('D3', 'V3')": 7.806534174218467,
    "('D3', 'V4')": 9.805858591004709,
    "('D3', 'V5')": 9.172253990011667,
    "('D3', 'V6')": 3.2468103346063497,
    "('D3', 'V7')": 9.337905619140384,
    "('D3', 'V8')": 5.836245188935418,
    "('D3', 'V9')": 3.402538764581769,
    "('D3', 'V10')": 10.66047265511097,
    "('D3', 'V11')": 5.691297571710294,
    "('D3', 'V12')": 10.814747717903316,
    "('D3', 'V13')": 2.259631391616636,
    "('D3', 'V14')": 7.830493778614415,
    "('D4', 'D1')": 10.707303500470177,
    "('D4', 'D2')": 12.990130725162798,
    "('D4', 'D3')": 8.54387023316778,
    "('D4', 'V1')": 5.809118074189935,
    "('D4', 'V2')": 11.540037165875242,
    "('D4', 'V3')": 1.8661279206050123,
    "('D4', 'V4')": 9.839000829110008,
    "('D4', 'V5')": 11.99061669252514,
    "('D4', 'V6')": 7.010371817214995,
    "('D4', 'V7')": 4.6122805052619364,
    "('D4', 'V8')": 7.479050774267706,
    "('D4', 'V9')": 8.172516882084,
    "('D4', 'V10')": 4.874048600628506,
    "('D4', 'V11')": 3.9882061948945267,
    "('D4', 'V12')": 6.829534084394294,
    "('D4', 'V13')": 6.989187343216115,
    "('D4', 'V14')": 10.43506212647176,
    "('V1', 'D1')": 6.350116852557933,
    "('V1', 'D2')": 7.192041692413813,
    "('V1', 'D3')": 5.94995854694734,
    "('V1', 'D4')": 5.809118074189935,
    "('V1', 'V2')": 6.3328942360131775,
    "('V1', 'V3')": 4.0584434917176155,
    "('V1', 'V4')": 4.807445485628925,
    "('V1', 'V5')": 6.235108058187697,
    "('V1', 'V6')": 2.7885075470519007,
    "('V1', 'V7')": 3.8016632434420274,
    "('V1', 'V8')": 1.6854656050917518,
    "('V1', 'V9')": 3.4227976174390116,
    "('V1', 'V10')": 5.215382656255271,
    "('V1', 'V11')": 2.007512952664634,
    "('V1', 'V12')": 4.890907160269325,
    "('V1', 'V13')": 3.692575663889708,
    "('V1', 'V14')": 4.6489663935229855,
    "('V2', 'D1')": 9.192567609036479,
    "('V2', 'D2')": 3.7656275274163837,
    "('V2', 'D3')": 10.799853461506107,
    "('V2', 'D4')": 11.540037165875242,
    "('V2', 'V1')": 6.3328942360131775,
    "('V2', 'V3')": 9.675488657728511,
    "('V2', 'V4')": 1.7116459718464583,
    "('V2', 'V5')": 2.7696795542046426,
    "('V2', 'V6')": 7.841413537305988,
    "('V2', 'V7')": 7.459450902075372,
    "('V2', 'V8')": 5.280145586384019,
    "('V2', 'V9')": 7.397314707793087,
    "('V2', 'V10')": 8.315119773151256,
    "('V2', 'V11')": 8.281629441892651,
    "('V2', 'V12')": 6.145369528702064,
    "('V2', 'V13')": 8.949992779214922,
    "('V2', 'V14')": 3.1668255232737503,
    "('V3', 'D1')": 9.51883922121072,
    "('V3', 'D2')": 11.19001255139099,
    "('V3', 'D3')": 7.806534174218467,
    "('V3', 'D4')": 1.8661279206050123,
    "('V3', 'V1')": 4.0584434917176155,
    "('V3', 'V2')": 9.675488657728511,
    "('V3', 'V4')": 7.976421931328811,
    "('V3', 'V5')": 10.166361056077335,
    "('V3', 'V6')": 5.6962190740820695,
    "('V3', 'V7')": 3.00516874090436,
    "('V3', 'V8')": 5.743644136068554,
    "('V3', 'V9')": 6.787427422603704,
    "('V3', 'V10')": 3.6716816299777575,
    "('V3', 'V11')": 2.4716554900632057,
    "('V3', 'V12')": 5.252306718009128,
    "('V3', 'V13')": 5.924536188251644,
    "('V3', 'V14')": 8.630439621720658,
    "('V4', 'D1')": 8.663479551574003,
    "('V4', 'D2')": 4.642001821346664,
    "('V4', 'D3')": 9.805858591004709,
    "('V4', 'D4')": 9.839000829110008,
    "('V4', 'V1')": 4.807445485628925,
    "('V4', 'V2')": 1.7116459718464583,
    "('V4', 'V3')": 7.976421931328811,
    "('V4', 'V5')": 3.464900808792774,
    "('V4', 'V6')": 6.677323947391441,
    "('V4', 'V7')": 5.766349821018479,
    "('V4', 'V8')": 4.029848854727154,
    "('V4', 'V9')": 6.4509568186926405,
    "('V4', 'V10')": 6.682503033282869,
    "('V4', 'V11')": 6.691374939399028,
    "('V4', 'V12')": 4.617000025244215,
    "('V4', 'V13')": 7.7895093682719425,
    "('V4', 'V14')": 2.979747435969805,
    "('V5', 'D1')": 6.988655663806379,
    "('V5', 'D2')": 1.1913990568832236,
    "('V5', 'D3')": 9.172253990011667,
    "('V5', 'D4')": 11.99061669252514,
    "('V5', 'V1')": 6.235108058187697,
    "('V5', 'V2')": 2.7696795542046426,
    "('V5', 'V3')": 10.166361056077335,
    "('V5', 'V4')": 3.464900808792774,
    "('V5', 'V6')": 6.705307754253036,
    "('V5', 'V7')": 8.640520744769253,
    "('V5', 'V8')": 4.682387005143588,
    "('V5', 'V9')": 5.905159290916819,
    "('V5', 'V10')": 9.779694323423342,
    "('V5', 'V11')": 8.221714682222844,
    "('V5', 'V12')": 7.948912988462949,
    "('V5', 'V13')": 7.720459245415152,
    "('V5', 'V14')": 1.613869499002055,
    "('V6', 'D1')": 3.843112974108387,
    "('V6', 'D2')": 7.3021497420187265,
    "('V6', 'D3')": 3.2468103346063497,
    "('V6', 'D4')": 7.010371817214995,
    "('V6', 'V1')": 2.7885075470519007,
    "('V6', 'V2')": 7.841413537305988,
    "('V6', 'V3')": 5.6962190740820695,
    "('V6', 'V4')": 6.677323947391441,
    "('V6', 'V5')": 6.705307754253036,
    "('V6', 'V7')": 6.450176745526831,
    "('V6', 'V8')": 2.650849609458255,
    "('V6', 'V9')": 1.1930569542126093,
    "('V6', 'V10')": 7.841904168905859,
    "('V6', 'V11')": 3.239580803901349,
    "('V6', 'V12')": 7.677826093792118,
    "('V6', 'V13')": 1.1142505666249862,
    "('V6', 'V14')": 5.1669520959505,
    "('V7', 'D1')": 10.145407953495482,
    "('V7', 'D2')": 9.788332109512922,
    "('V7', 'D3')": 9.337905619140384,
    "('V7', 'D4')": 4.6122805052619364,
    "('V7', 'V1')": 3.8016632434420274,
    "('V7', 'V2')": 7.459450902075372,
    "('V7', 'V3')": 3.00516874090436,
    "('V7', 'V4')": 5.766349821018479,
    "('V7', 'V5')": 8.640520744769253,
    "('V7', 'V6')": 6.450176745526831,
    "('V7', 'V8')": 5.154984413607665,
    "('V7', 'V9')": 7.2172540408084425,
    "('V7', 'V10')": 1.413912667385159,
    "('V7', 'V11')": 3.7366435211206355,
    "('V7', 'V12')": 2.2488112480668803,
    "('V7', 'V13')": 7.135558343061609,
    "('V7', 'V14')": 7.327379784010496,
    "('V8', 'D1')": 5.365117798105101,
    "('V8', 'D2')": 5.56784022612537,
    "('V8', 'D3')": 5.836245188935418,
    "('V8', 'D4')": 7.479050774267706,
    "('V8', 'V1')": 1.6854656050917518,
    "('V8', 'V2')": 5.280145586384019,
    "('V8', 'V3')": 5.743644136068554,
    "('V8', 'V4')": 4.029848854727154,
    "('V8', 'V5')": 4.682387005143588,
    "('V8', 'V6')": 2.650849609458255,
    "('V8', 'V7')": 5.154984413607665,
    "('V8', 'V9')": 2.6353541998108327,
    "('V8', 'V10')": 6.54492245075333,
    "('V8', 'V11')": 3.574857759362974,
    "('V8', 'V12')": 5.6927797668336275,
    "('V8', 'V13')": 3.7607797733314516,
    "('V8', 'V14')": 3.0703496430266934,
    "('V9', 'D1')": 2.928299668929631,
    "('V9', 'D2')": 6.369024331290364,
    "('V9', 'D3')": 3.402538764581769,
    "('V9', 'D4')": 8.172516882084,
    "('V9', 'V1')": 3.4227976174390116,
    "('V9', 'V2')": 7.397314707793087,
    "('V9', 'V3')": 6.787427422603704,
    "('V9', 'V4')": 6.4509568186926405,
    "('V9', 'V5')": 5.905159290916819,
    "('V9', 'V6')": 1.1930569542126093,
    "('V9', 'V7')": 7.2172540408084425,
    "('V9', 'V8')": 2.6353541998108327,
    "('V9', 'V10')": 8.628913019571087,
    "('V9', 'V11')": 4.315830038653907,
    "('V9', 'V12')": 8.175672739297838,
    "('V9', 'V13')": 1.8880556315175092,
    "('V9', 'V14')": 4.4708065898868865,
    "('V10', 'D1')": 11.556686401970246,
    "('V10', 'D2')": 10.950304161314328,
    "('V10', 'D3')": 10.66047265511097,
    "('V10', 'D4')": 4.874048600628506,
    "('V10', 'V1')": 5.215382656255271,
    "('V10', 'V2')": 8.315119773151256,
    "('V10', 'V3')": 3.6716816299777575,
    "('V10', 'V4')": 6.682503033282869,
    "('V10', 'V5')": 9.779694323423342,
    "('V10', 'V6')": 7.841904168905859,
    "('V10', 'V7')": 1.413912667385159,
    "('V10', 'V8')": 6.54492245075333,
    "('V10', 'V9')": 8.628913019571087,
    "('V10', 'V11')": 4.992416769677023,
    "('V10', 'V12')": 2.352654126047965,
    "('V10', 'V13')": 8.487332027791824,
    "('V10', 'V14')": 8.556434850749765,
    "('V11', 'D1')": 7.078347031945973,
    "('V11', 'D2')": 9.141650338026913,
    "('V11', 'D3')": 5.691297571710294,
    "('V11', 'D4')": 3.9882061948945267,
    "('V11', 'V1')": 2.007512952664634,
    "('V11', 'V2')": 8.281629441892651,
    "('V11', 'V3')": 2.4716554900632057,
    "('V11', 'V4')": 6.691374939399028,
    "('V11', 'V5')": 8.221714682222844,
    "('V11', 'V6')": 3.239580803901349,
    "('V11', 'V7')": 3.7366435211206355,
    "('V11', 'V8')": 3.574857759362974,
    "('V11', 'V9')": 4.315830038653907,
    "('V11', 'V10')": 4.992416769677023,
    "('V11', 'V12')": 5.574324999282235,
    "('V11', 'V13')": 3.604415752649531,
    "('V11', 'V14')": 6.6221822713710425,
    "('V12', 'D1')": 11.034694518356808,
    "('V12', 'D2')": 9.139836017545642,
    "('V12', 'D3')": 10.814747717903316,
    "('V12', 'D4')": 6.829534084394294,
    "('V12', 'V1')": 4.890907160269325,
    "('V12', 'V2')": 6.145369528702064,
    "('V12', 'V3')": 5.252306718009128,
    "('V12', 'V4')": 4.617000025244215,
    "('V12', 'V5')": 7.948912988462949,
    "('V12', 'V6')": 7.677826093792118,
    "('V12', 'V7')": 2.2488112480668803,
    "('V12', 'V8')": 5.6927797668336275,
    "('V12', 'V9')": 8.175672739297838,
    "('V12', 'V10')": 2.352654126047965,
    "('V12', 'V11')": 5.574324999282235,
    "('V12', 'V13')": 8.556219696592324,
    "('V12', 'V14')": 6.952513982567163,
    "('V13', 'D1')": 3.7326726379267328,
    "('V13', 'D2')": 8.242746725888386,
    "('V13', 'D3')": 2.259631391616636,
    "('V13', 'D4')": 6.989187343216115,
    "('V13', 'V1')": 3.692575663889708,
    "('V13', 'V2')": 8.949992779214922,
    "('V13', 'V3')": 5.924536188251644,
    "('V13', 'V4')": 7.7895093682719425,
    "('V13', 'V5')": 7.720459245415152,
    "('V13', 'V6')": 1.1142505666249862,
    "('V13', 'V7')": 7.135558343061609,
    "('V13', 'V8')": 3.7607797733314516,
    "('V13', 'V9')": 1.8880556315175092,
    "('V13', 'V10')": 8.487332027791824,
    "('V13', 'V11')": 3.604415752649531,
    "('V13', 'V12')": 8.556219696592324,
    "('V13', 'V14')": 6.2171519399999315,
    "('V14', 'D1')": 6.026561425818989,
    "('V14', 'D2')": 2.559914262281705,
    "('V14', 'D3')": 7.830493778614415,
    "('V14', 'D4')": 10.43506212647176,
    "('V14', 'V1')": 4.6489663935229855,
    "('V14', 'V2')": 3.1668255232737503,
    "('V14', 'V3')": 8.630439621720658,
    "('V14', 'V4')": 2.979747435969805,
    "('V14', 'V5')": 1.613869499002055,
    "('V14', 'V6')": 5.1669520959505,
    "('V14', 'V7')": 7.327379784010496,
    "('V14', 'V8')": 3.0703496430266934,
    "('V14', 'V9')": 4.4708065898868865,
    "('V14', 'V10')": 8.556434850749765,
    "('V14', 'V11')": 6.6221822713710425,
    "('V14', 'V12')": 6.952513982567163,
    "('V14', 'V13')": 6.2171519399999315
  },
  "par_a": [
    72,
    84,
    96,
    156,
    264
  ],
  "_distance": {
    "('F1', 'F1')": 0.0,
    "('F1', 'F2')": 22.84325487313178,
    "('F1', 'F3')": 4.9340440192418225,
    "('F1', 'F4')": 15.754946877135016,
    "('F1', 'F5')": 23.09914780945054,
    "('F1', 'F6')": 28.413898964302422,
    "('F1', 'D1')": 13.960478476026912,
    "('F1', 'D2')": 7.400081764342888,
    "('F1', 'D3')": 16.760638719686305,
    "('F1', 'D4')": 19.803280905669254,
    "('F1', 'V1')": 14.201961420139309,
    "('F1', 'V2')": 8.412694757039986,
    "('F1', 'V3')": 17.941747899986808,
    "('F1', 'V4')": 10.109363592618507,
    "('F1', 'V5')": 8.058849383213119,
    "('F1', 'V6')": 14.69142592013554,
    "('F1', 'V7')": 15.871652995135422,
    "('F1', 'V8')": 12.724130007588705,
    "('F1', 'V9')": 13.767311828988786,
    "('F1', 'V10')": 16.693965268827704,
    "('F1', 'V11')": 16.208277147356185,
    "('F1', 'V12')": 14.4431584637483,
    "('F1', 'V13')": 15.642828278136575,
    "('F1', 'V14')": 9.66952673731004,
    "('F2', 'F1')": 22.84325487313178,
    "('F2', 'F2')": 0.0,
    "('F2', 'F3')": 19.839371631054536,
    "('F2', 'F4')": 29.35889880767543,
    "('F2', 'F5')": 4.635509468903482,
    "('F2', 'F6')": 22.713824874525812,
    "('F2', 'D1')": 22.853099993208,
    "('F2', 'D2')": 20.098165245647653,
    "('F2', 'D3')": 22.235479556185645,
    "('F2', 'D4')": 15.184745047314411,
    "('F2', 'V1')": 16.56706905168978,
    "('F2', 'V2')": 16.408003839161303,
    "('F2', 'V3')": 14.860668067778283,
    "('F2', 'V4')": 15.545560322478,
    "('F2', 'V5')": 18.96565219021893,
    "('F2', 'V6')": 19.317983878934076,
    "('F2', 'V7')": 12.906490904790692,
    "('F2', 'V8')": 17.53338202498456,
    "('F2', 'V9')": 19.95759600086906,
    "('F2', 'V10')": 11.577904927188397,
    "('F2', 'V11')": 16.567786025375877,
    "('F2', 'V12')": 11.8421382232438,
    "('F2', 'V13')": 20.04200124359289,
    "('F2', 'V14')": 18.408967324410064,
    "('F3', 'F1')": 4.9340440192418225,
    "('F3', 'F2')": 19.839371631054536,
    "('F3', 'F3')": 0.0,
    "('F3', 'F4')": 19.987949262411778,
    "('F3', 'F5')": 20.986184423452297,
    "('F3', 'F6')": 29.55852523082327,
    "('F3', 'D1')": 16.953091163386024,
    "('F3', 'D2')": 10.004596477642282,
    "('F3', 'D3')": 19.27822231461468,
    "('F3', 'D4')": 20.270434605788903,
    "('F3', 'V1')": 15.325573330860623,
    "('F3', 'V2')": 8.993469332938522,
    "('F3', 'V3')": 18.437107572579745,
    "('F3', 'V4')": 10.575918056537938,
    "('F3', 'V5')": 10.10860274272919,
    "('F3', 'V6')": 16.629147827146046,
    "('F3', 'V7')": 15.828522311320484,
    "('F3', 'V8')": 14.202074944586945,
    "('F3', 'V9')": 15.964677990465194,
    "('F3', 'V10')": 16.26595038566362,
    "('F3', 'V11')": 17.258701273672905,
    "('F3', 'V12')": 13.914179544275243,
    "('F3', 'V13')": 17.70395951476747,
    "('F3', 'V14')": 11.499236339764527,
    "('F4', 'F1')": 15.754946877135016,
    "('F4', 'F2')": 29.35889880767543,
    "('F4', 'F3')": 19.987949262411778,
    "('F4', 'F4')": 0.0,
    "('F4', 'F5')": 26.98385741066943,
    "('F4', 'F6')": 20.85794847158483,
    "('F4', 'D1')": 6.686966973084203,
    "('F4', 'D2')": 10.924369775681098,
    "('F4', 'D3')": 8.764935174970118,
    "('F4', 'D4')": 17.175896512899723,
    "('F4', 'V1')": 13.003282041219027,
    "('F4', 'V2')": 14.330499698093353,
    "('F4', 'V3')": 16.139713537444347,
    "('F4', 'V4')": 14.382738157226575,
    "('F4', 'V5')": 11.614847051663745,
    "('F4', 'V6')": 10.516965037901606,
    "('F4', 'V7')": 16.80494455739072,
    "('F4', 'V8')": 11.839000832207402,
    "('F4', 'V9')": 9.599337967991687,
    "('F4', 'V10')": 18.218626222462863,
    "('F4', 'V11')": 13.733595775249611,
    "('F4', 'V12')": 17.51921318400558,
    "('F4', 'V13')": 10.231176460607934,
    "('F4', 'V14')": 11.416645376566061,
    "('F5', 'F1')": 23.09914780945054,
    "('F5', 'F2')": 4.635509468903482,
    "('F5', 'F3')": 20.986184423452297,
    "('F5', 'F4')": 26.98385741066943,
    "('F5', 'F5')": 0.0,
    "('F5', 'F6')": 18.1700093149587,
    "('F5', 'D1')": 20.314954932304815,
    "('F5', 'D2')": 18.930858434089778,
    "('F5', 'D3')": 19.156260896278546,
    "('F5', 'D4')": 11.336672047979855,
    "('F5', 'V1')": 13.981091082172913,
    "('F5', 'V2')": 15.552557500069504,
    "('F5', 'V3')": 11.418859411952246,
    "('F5', 'V4')": 14.299169695390573,
    "('F5', 'V5')": 17.743117561194758,
    "('F5', 'V6')": 16.55553351425795,
    "('F5', 'V7')": 10.179874228963365,
    "('F5', 'V8')": 15.259871967486003,
    "('F5', 'V9')": 17.38943977973171,
    "('F5', 'V10')": 8.765963185256492,
    "('F5', 'V11')": 13.49731753994216,
    "('F5', 'V12')": 9.88287921979957,
    "('F5', 'V13')": 17.0958276021366,
    "('F5', 'V14')": 16.833587974941963,
    "('F6', 'F1')": 28.413898964302422,
    "('F6', 'F2')": 22.713824874525812,
    "('F6', 'F3')": 29.55852523082327,
    "('F6', 'F4')": 20.85794847158483,
    "('F6', 'F5')": 18.1700093149587,
    "('F6', 'F6')": 0.0,
    "('F6', 'D1')": 16.180094282477977,
    "('F6', 'D2')": 21.113013067530105,
    "('F6', 'D3')": 12.979054878534088,
    "('F6', 'D4')": 9.600032947442543,
    "('F6', 'V1')": 14.319741635681199,
    "('F6', 'V2')": 20.608974631333716,
    "('F6', 'V3')": 11.281666650798371,
    "('F6', 'V4')": 18.984609848691072,
    "('F6', 'V5')": 20.35592221609889,
    "('F6', 'V6')": 13.88277343897903,
    "('F6', 'V7')": 14.204729721991477,
    "('F6', 'V8')": 15.69818789387176,
    "('F6', 'V9')": 14.967680585031752,
    "('F6', 'V10')": 14.392849714430035,
    "('F6', 'V11')": 12.33410179616531,
    "('F6', 'V12')": 16.429550522553132,
    "('F6', 'V13')": 13.113178532775192,
    "('F6', 'V14')": 18.74437901917666,
    "('D1', 'F1')": 13.960478476026912,
    "('D1', 'F2')": 22.853099993208,
    "('D1', 'F3')": 16.953091163386024,
    "('D1', 'F4')": 6.686966973084203,
    "('D1', 'F5')": 20.314954932304815,
    "('D1', 'F6')": 16.180094282477977,
    "('D1', 'D1')": 0.0,
    "('D1', 'D2')": 6.9497541932696745,
    "('D1', 'D3')": 3.224718786855055,
    "('D1', 'D4')": 10.707303500470177,
    "('D1', 'V1')": 6.350116852557933,
    "('D1', 'V2')": 9.192567609036479,
    "('D1', 'V3')": 9.51883922121072,
    "('D1', 'V4')": 8.663479551574003,
    "('D1', 'V5')": 6.988655663806379,
    "('D1', 'V6')": 3.843112974108387,
    "('D1', 'V7')": 10.145407953495482,
    "('D1', 'V8')": 5.365117798105101,
    "('D1', 'V9')": 2.928299668929631,
    "('D1', 'V10')": 11.556686401970246,
    "('D1', 'V11')": 7.078347031945973,
    "('D1', 'V12')": 11.034694518356808,
    "('D1', 'V13')": 3.7326726379267328,
    "('D1', 'V14')": 6.026561425818989,
    "('D2', 'F1')": 7.400081764342888,
    "('D2', 'F2')": 20.098165245647653,
    "('D2', 'F3')": 10.004596477642282,
    "('D2', 'F4')": 10.924369775681098,
    "('D2', 'F5')": 18.930858434089778,
    "('D2', 'F6')": 21.113013067530105,
    "('D2', 'D1')": 6.9497541932696745,
    "('D2', 'D2')": 0.0,
    "('D2', 'D3')": 9.457779595805652,
    "('D2', 'D4')": 12.990130725162798,
    "('D2', 'V1')": 7.192041692413813,
    "('D2', 'V2')": 3.7656275274163837,
    "('D2', 'V3')": 11.19001255139099,
    "('D2', 'V4')": 4.642001821346664,
    "('D2', 'V5')": 1.1913990568832236,
    "('D2', 'V6')": 7.3021497420187265,
    "('D2', 'V7')": 9.788332109512922,
    "('D2', 'V8')": 5.56784022612537,
    "('D2', 'V9')": 6.369024331290364,
    "('D2', 'V10')": 10.950304161314328,
    "('D2', 'V11')": 9.141650338026913,
    "('D2', 'V12')": 9.139836017545642,
    "('D2', 'V13')": 8.242746725888386,
    "('D2', 'V14')": 2.559914262281705,
    "('D3', 'F1')": 16.760638719686305,
    "('D3', 'F2')": 22.235479556185645,
    "('D3', 'F3')": 19.27822231461468,
    "('D3', 'F4')": 8.764935174970118,
    "('D3', 'F5')": 19.156260896278546,
    "('D3', 'F6')": 12.979054878534088,
    "('D3', 'D1')": 3.224718786855055,
    "('D3', 'D2')": 9.457779595805652,
    "('D3', 'D3')": 0.0,
    "('D3', 'D4')": 8.54387023316778,
    "('D3', 'V1')": 5.94995854694734,
    "('D3', 'V2')": 10.799853461506107,
    "('D3', 'V3')": 7.806534174218467,
    "('D3', 'V4')": 9.805858591004709,
    "('D3', 'V5')": 9.172253990011667,
    "('D3', 'V6')": 3.2468103346063497,
    "('D3', 'V7')": 9.337905619140384,
    "('D3', 'V8')": 5.836245188935418,
    "('D3', 'V9')": 3.402538764581769,
    "('D3', 'V10')": 10.66047265511097,
    "('D3', 'V11')": 5.691297571710294,
    "('D3', 'V12')": 10.814747717903316,
    "('D3', 'V13')": 2.259631391616636,
    "('D3', 'V14')": 7.830493778614415,
    "('D4', 'F1')": 19.803280905669254,
    "('D4', 'F2')": 15.184745047314411,
    "('D4', 'F3')": 20.270434605788903,
    "('D4', 'F4')": 17.175896512899723,
    "('D4', 'F5')": 11.336672047979855,
    "('D4', 'F6')": 9.600032947442543,
    "('D4', 'D1')": 10.707303500470177,
    "('D4', 'D2')": 12.990130725162798,
    "('D4', 'D3')": 8.54387023316778,
    "('D4', 'D4')": 0.0,
    "('D4', 'V1')": 5.809118074189935,
    "('D4', 'V2')": 11.540037165875242,
    "('D4', 'V3')": 1.8661279206050123,
    "('D4', 'V4')": 9.839000829110008,
    "('D4', 'V5')": 11.99061669252514,
    "('D4', 'V6')": 7.010371817214995,
    "('D4', 'V7')": 4.6122805052619364,
    "('D4', 'V8')": 7.479050774267706,
    "('D4', 'V9')": 8.172516882084,
    "('D4', 'V10')": 4.874048600628506,
    "('D4', 'V11')": 3.9882061948945267,
    "('D4', 'V12')": 6.829534084394294,
    "('D4', 'V13')": 6.989187343216115,
    "('D4', 'V14')": 10.43506212647176,
    "('V1', 'F1')": 14.201961420139309,
    "('V1', 'F2')": 16.56706905168978,
    "('V1', 'F3')": 15.325573330860623,
    "('V1', 'F4')": 13.003282041219027,
    "('V1', 'F5')": 13.981091082172913,
    "('V1', 'F6')": 14.319741635681199,
    "('V1', 'D1')": 6.350116852557933,
    "('V1', 'D2')": 7.192041692413813,
    "('V1', 'D3')": 5.94995854694734,
    "('V1', 'D4')": 5.809118074189935,
    "('V1', 'V1')": 0.0,
    "('V1', 'V2')": 6.3328942360131775,
    "('V1', 'V3')": 4.0584434917176155,
    "('V1', 'V4')": 4.807445485628925,
    "('V1', 'V5')": 6.235108058187697,
    "('V1', 'V6')": 2.7885075470519007,
    "('V1', 'V7')": 3.8016632434420274,
    "('V1', 'V8')": 1.6854656050917518,
    "('V1', 'V9')": 3.4227976174390116,
    "('V1', 'V10')": 5.215382656255271,
    "('V1', 'V11')": 2.007512952664634,
    "('V1', 'V12')": 4.890907160269325,
    "('V1', 'V13')": 3.692575663889708,
    "('V1', 'V14')": 4.6489663935229855,
    "('V2', 'F1')": 8.412694757039986,
    "('V2', 'F2')": 16.408003839161303,
    "('V2', 'F3')": 8.993469332938522,
    "('V2', 'F4')": 14.330499698093353,
    "('V2', 'F5')": 15.552557500069504,
    "('V2', 'F6')": 20.608974631333716,
    "('V2', 'D1')": 9.192567609036479,
    "('V2', 'D2')": 3.7656275274163837,
    "('V2', 'D3')": 10.799853461506107,
    "('V2', 'D4')": 11.540037165875242,
    "('V2', 'V1')": 6.3328942360131775,
    "('V2', 'V2')": 0.0,
    "('V2', 'V3')": 9.675488657728511,
    "('V2', 'V4')": 1.7116459718464583,
    "('V2', 'V5')": 2.7696795542046426,
    "('V2', 'V6')": 7.841413537305988,
    "('V2', 'V7')": 7.459450902075372,
    "('V2', 'V8')": 5.280145586384019,
    "('V2', 'V9')": 7.397314707793087,
    "('V2', 'V10')": 8.315119773151256,
    "('V2', 'V11')": 8.281629441892651,
    "('V2', 'V12')": 6.145369528702064,
    "('V2', 'V13')": 8.949992779214922,
    "('V2', 'V14')": 3.1668255232737503,
    "('V3', 'F1')": 17.941747899986808,
    "('V3', 'F2')": 14.860668067778283,
    "('V3', 'F3')": 18.437107572579745,
    "('V3', 'F4')": 16.139713537444347,
    "('V3', 'F5')": 11.418859411952246,
    "('V3', 'F6')": 11.281666650798371,
    "('V3', 'D1')": 9.51883922121072,
    "('V3', 'D2')": 11.19001255139099,
    "('V3', 'D3')": 7.806534174218467,
    "('V3', 'D4')": 1.8661279206050123,
    "('V3', 'V1')": 4.0584434917176155,
    "('V3', 'V2')": 9.675488657728511,
    "('V3', 'V3')": 0.0,
    "('V3', 'V4')": 7.976421931328811,
    "('V3', 'V5')": 10.166361056077335,
    "('V3', 'V6')": 5.6962190740820695,
    "('V3', 'V7')": 3.00516874090436,
    "('V3', 'V8')": 5.743644136068554,
    "('V3', 'V9')": 6.787427422603704,
    "('V3', 'V10')": 3.6716816299777575,
    "('V3', 'V11')": 2.4716554900632057,
    "('V3', 'V12')": 5.252306718009128,
    "('V3', 'V13')": 5.924536188251644,
    "('V3', 'V14')": 8.630439621720658,
    "('V4', 'F1')": 10.109363592618507,
    "('V4', 'F2')": 15.545560322478,
    "('V4', 'F3')": 10.575918056537938,
    "('V4', 'F4')": 14.382738157226575,
    "('V4', 'F5')": 14.299169695390573,
    "('V4', 'F6')": 18.984609848691072,
    "('V4', 'D1')": 8.663479551574003,
    "('V4', 'D2')": 4.642001821346664,
    "('V4', 'D3')": 9.805858591004709,
    "('V4', 'D4')": 9.839000829110008,
    "('V4', 'V1')": 4.807445485628925,
    "('V4', 'V2')": 1.7116459718464583,
    "('V4', 'V3')": 7.976421931328811,
    "('V4', 'V4')": 0.0,
    "('V4', 'V5')": 3.464900808792774,
    "('V4', 'V6')": 6.677323947391441,
    "('V4', 'V7')": 5.766349821018479,
    "('V4', 'V8')": 4.029848854727154,
    "('V4', 'V9')": 6.4509568186926405,
    "('V4', 'V10')": 6.682503033282869,
    "('V4', 'V11')": 6.691374939399028,
    "('V4', 'V12')": 4.617000025244215,
    "('V4', 'V13')": 7.7895093682719425,
    "('V4', 'V14')": 2.979747435969805,
    "('V5', 'F1')": 8.058849383213119,
    "('V5', 'F2')": 18.96565219021893,
    "('V5', 'F3')": 10.10860274272919,
    "('V5', 'F4')": 11.614847051663745,
    "('V5', 'F5')": 17.743117561194758,
    "('V5', 'F6')": 20.35592221609889,
    "('V5', 'D1')": 6.988655663806379,
    "('V5', 'D2')": 1.1913990568832236,
    "('V5', 'D3')": 9.172253990011667,
    "('V5', 'D4')": 11.99061669252514,
    "('V5', 'V1')": 6.235108058187697,
    "('V5', 'V2')": 2.7696795542046426,
    "('V5', 'V3')": 10.166361056077335,
    "('V5', 'V4')": 3.464900808792774,
    "('V5', 'V5')": 0.0,
    "('V5', 'V6')": 6.705307754253036,
    "('V5', 'V7')": 8.640520744769253,
    "('V5', 'V8')": 4.682387005143588,
    "('V5', 'V9')": 5.905159290916819,
    "('V5', 'V10')": 9.779694323423342,
    "('V5', 'V11')": 8.221714682222844,
    "('V5', 'V12')": 7.948912988462949,
    "('V5', 'V13')": 7.720459245415152,
    "('V5', 'V14')": 1.613869499002055,
    "('V6', 'F1')": 14.69142592013554,
    "('V6', 'F2')": 19.317983878934076,
    "('V6', 'F3')": 16.629147827146046,
    "('V6', 'F4')": 10.516965037901606,
    "('V6', 'F5')": 16.55553351425795,
    "('V6', 'F6')": 13.88277343897903,
    "('V6', 'D1')": 3.843112974108387,
    "('V6', 'D2')": 7.3021497420187265,
    "('V6', 'D3')": 3.2468103346063497,
    "('V6', 'D4')": 7.010371817214995,
    "('V6', 'V1')": 2.7885075470519007,
    "('V6', 'V2')": 7.841413537305988,
    "('V6', 'V3')": 5.6962190740820695,
    "('V6', 'V4')": 6.677323947391441,
    "('V6', 'V5')": 6.705307754253036,
    "('V6', 'V6')": 0.0,
    "('V6', 'V7')": 6.450176745526831,
    "('V6', 'V8')": 2.650849609458255,
    "('V6', 'V9')": 1.1930569542126093,
    "('V6', 'V10')": 7.841904168905859,
    "('V6', 'V11')": 3.239580803901349,
    "('V6', 'V12')": 7.677826093792118,
    "('V6', 'V13')": 1.1142505666249862,
    "('V6', 'V14')": 5.1669520959505,
    "('V7', 'F1')": 15.871652995135422,
    "('V7', 'F2')": 12.906490904790692,
    "('V7', 'F3')": 15.828522311320484,
    "('V7', 'F4')": 16.80494455739072,
    "('V7', 'F5')": 10.179874228963365,
    "('V7', 'F6')": 14.204729721991477,
    "('V7', 'D1')": 10.145407953495482,
    "('V7', 'D2')": 9.788332109512922,
    "('V7', 'D3')": 9.337905619140384,
    "('V7', 'D4')": 4.6122805052619364,
    "('V7', 'V1')": 3.8016632434420274,
    "('V7', 'V2')": 7.459450902075372,
    "('V7', 'V3')": 3.00516874090436,
    "('V7', 'V4')": 5.766349821018479,
    "('V7', 'V5')": 8.640520744769253,
    "('V7', 'V6')": 6.450176745526831,
    "('V7', 'V7')": 0.0,
    "('V7', 'V8')": 5.154984413607665,
    "('V7', 'V9')": 7.2172540408084425,
    "('V7', 'V10')": 1.413912667385159,
    "('V7', 'V11')": 3.7366435211206355,
    "('V7', 'V12')": 2.2488112480668803,
    "('V7', 'V13')": 7.135558343061609,
    "('V7', 'V14')": 7.327379784010496,
    "('V8', 'F1')": 12.724130007588705,
    "('V8', 'F2')": 17.53338202498456,
    "('V8', 'F3')": 14.202074944586945,
    "('V8', 'F4')": 11.839000832207402,
    "('V8', 'F5')": 15.259871967486003,
    "('V8', 'F6')": 15.69818789387176,
    "('V8', 'D1')": 5.365117798105101,
    "('V8', 'D2')": 5.56784022612537,
    "('V8', 'D3')": 5.836245188935418,
    "('V8', 'D4')": 7.479050774267706,
    "('V8', 'V1')": 1.6854656050917518,
    "('V8', 'V2')": 5.280145586384019,
    "('V8', 'V3')": 5.743644136068554,
    "('V8', 'V4')": 4.029848854727154,
    "('V8', 'V5')": 4.682387005143588,
    "('V8', 'V6')": 2.650849609458255,
    "('V8', 'V7')": 5.154984413607665,
    "('V8', 'V8')": 0.0,
    "('V8', 'V9')": 2.6353541998108327,
    "('V8', 'V10')": 6.54492245075333,
    "('V8', 'V11')": 3.574857759362974,
    "('V8', 'V12')": 5.6927797668336275,
    "('V8', 'V13')": 3.7607797733314516,
    "('V8', 'V14')": 3.0703496430266934,
    "('V9', 'F1')": 13.767311828988786,
    "('V9', 'F2')": 19.95759600086906,
    "('V9', 'F3')": 15.964677990465194,
    "('V9', 'F4')": 9.599337967991687,
    "('V9', 'F5')": 17.38943977973171,
    "('V9', 'F6')": 14.967680585031752,
    "('V9', 'D1')": 2.928299668929631,
    "('V9', 'D2')": 6.369024331290364,
    "('V9', 'D3')": 3.402538764581769,
    "('V9', 'D4')": 8.172516882084,
    "('V9', 'V1')": 3.4227976174390116,
    "('V9', 'V2')": 7.397314707793087,
    "('V9', 'V3')": 6.787427422603704,
    "('V9', 'V4')": 6.4509568186926405,
    "('V9', 'V5')": 5.905159290916819,
    "('V9', 'V6')": 1.1930569542126093,
    "('V9', 'V7')": 7.2172540408084425,
    "('V9', 'V8')": 2.6353541998108327,
    "('V9', 'V9')": 0.0,
    "('V9', 'V10')": 8.628913019571087,
    "('V9', 'V11')": 4.315830038653907,
    "('V9', 'V12')": 8.175672739297838,
    "('V9', 'V13')": 1.8880556315175092,
    "('V9', 'V14')": 4.4708065898868865,
    "('V10', 'F1')": 16.693965268827704,
    "('V10', 'F2')": 11.577904927188397,
    "('V10', 'F3')": 16.26595038566362,
    "('V10', 'F4')": 18.218626222462863,
    "('V10', 'F5')": 8.765963185256492,
    "('V10', 'F6')": 14.392849714430035,
    "('V10', 'D1')": 11.556686401970246,
    "('V10', 'D2')": 10.950304161314328,
    "('V10', 'D3')": 10.66047265511097,
    "('V10', 'D4')": 4.874048600628506,
    "('V10', 'V1')": 5.215382656255271,
    "('V10', 'V2')": 8.315119773151256,
    "('V10', 'V3')": 3.6716816299777575,
    "('V10', 'V4')": 6.682503033282869,
    "('V10', 'V5')": 9.779694323423342,
    "('V10', 'V6')": 7.841904168905859,
    "('V10', 'V7')": 1.413912667385159,
    "('V10', 'V8')": 6.54492245075333,
    "('V10', 'V9')": 8.628913019571087,
    "('V10', 'V10')": 0.0,
    "('V10', 'V11')": 4.992416769677023,
    "('V10', 'V12')": 2.352654126047965,
    "('V10', 'V13')": 8.487332027791824,
    "('V10', 'V14')": 8.556434850749765,
    "('V11', 'F1')": 16.208277147356185,
    "('V11', 'F2')": 16.567786025375877,
    "('V11', 'F3')": 17.258701273672905,
    "('V11', 'F4')": 13.733595775249611,
    "('V11', 'F5')": 13.49731753994216,
    "('V11', 'F6')": 12.33410179616531,
    "('V11', 'D1')": 7.078347031945973,
    "('V11', 'D2')": 9.141650338026913,
    "('V11', 'D3')": 5.691297571710294,
    "('V11', 'D4')": 3.9882061948945267,
    "('V11', 'V1')": 2.007512952664634,
    "('V11', 'V2')": 8.281629441892651,
    "('V11', 'V3')": 2.4716554900632057,
    "('V11', 'V4')": 6.691374939399028,
    "('V11', 'V5')": 8.221714682222844,
    "('V11', 'V6')": 3.239580803901349,
    "('V11', 'V7')": 3.7366435211206355,
    "('V11', 'V8')": 3.574857759362974,
    "('V11', 'V9')": 4.315830038653907,
    "('V11', 'V10')": 4.992416769677023,
    "('V11', 'V11')": 0.0,
    "('V11', 'V12')": 5.574324999282235,
    "('V11', 'V13')": 3.604415752649531,
    "('V11', 'V14')": 6.6221822713710425,
    "('V12', 'F1')": 14.4431584637483,
    "('V12', 'F2')": 11.8421382232438,
    "('V12', 'F3')": 13.914179544275243,
    "('V12', 'F4')": 17.51921318400558,
    "('V12', 'F5')": 9.88287921979957,
    "('V12', 'F6')": 16.429550522553132,
    "('V12', 'D1')": 11.034694518356808,
    "('V12', 'D2')": 9.139836017545642,
    "('V12', 'D3')": 10.814747717903316,
    "('V12', 'D4')": 6.829534084394294,
    "('V12', 'V1')": 4.890907160269325,
    "('V12', 'V2')": 6.145369528702064,
    "('V12', 'V3')": 5.252306718009128,
    "('V12', 'V4')": 4.617000025244215,
    "('V12', 'V5')": 7.948912988462949,
    "('V12', 'V6')": 7.677826093792118,
    "('V12', 'V7')": 2.2488112480668803,
    "('V12', 'V8')": 5.6927797668336275,
    "('V12', 'V9')": 8.175672739297838,
    "('V12', 'V10')": 2.352654126047965,
    "('V12', 'V11')": 5.574324999282235,
    "('V12', 'V12')": 0.0,
    "('V12', 'V13')": 8.556219696592324,
    "('V12', 'V14')": 6.952513982567163,
    "('V13', 'F1')": 15.642828278136575,
    "('V13', 'F2')": 20.04200124359289,
    "('V13', 'F3')": 17.70395951476747,
    "('V13', 'F4')": 10.231176460607934,
    "('V13', 'F5')": 17.0958276021366,
    "('V13', 'F6')": 13.113178532775192,
    "('V13', 'D1')": 3.7326726379267328,
    "('V13', 'D2')": 8.242746725888386,
    "('V13', 'D3')": 2.259631391616636,
    "('V13', 'D4')": 6.989187343216115,
    "('V13', 'V1')": 3.692575663889708,
    "('V13', 'V2')": 8.949992779214922,
    "('V13', 'V3')": 5.924536188251644,
    "('V13', 'V4')": 7.7895093682719425,
    "('V13', 'V5')": 7.720459245415152,
    "('V13', 'V6')": 1.1142505666249862,
    "('V13', 'V7')": 7.135558343061609,
    "('V13', 'V8')": 3.7607797733314516,
    "('V13', 'V9')": 1.8880556315175092,
    "('V13', 'V10')": 8.487332027791824,
    "('V13', 'V11')": 3.604415752649531,
    "('V13', 'V12')": 8.556219696592324,
    "('V13', 'V13')": 0.0,
    "('V13', 'V14')": 6.2171519399999315,
    "('V14', 'F1')": 9.66952673731004,
    "('V14', 'F2')": 18.408967324410064,
    "('V14', 'F3')": 11.499236339764527,
    "('V14', 'F4')": 11.416645376566061,
    "('V14', 'F5')": 16.833587974941963,
    "('V14', 'F6')": 18.74437901917666,
    "('V14', 'D1')": 6.026561425818989,
    "('V14', 'D2')": 2.559914262281705,
    "('V14', 'D3')": 7.830493778614415,
    "('V14', 'D4')": 10.43506212647176,
    "('V14', 'V1')": 4.6489663935229855,
    "('V14', 'V2')": 3.1668255232737503,
    "('V14', 'V3')": 8.630439621720658,
    "('V14', 'V4')": 2.979747435969805,
    "('V14', 'V5')": 1.613869499002055,
    "('V14', 'V6')": 5.1669520959505,
    "('V14', 'V7')": 7.327379784010496,
    "('V14', 'V8')": 3.0703496430266934,
    "('V14', 'V9')": 4.4708065898868865,
    "('V14', 'V10')": 8.556434850749765,
    "('V14', 'V11')": 6.6221822713710425,
    "('V14', 'V12')": 6.952513982567163,
    "('V14', 'V13')": 6.2171519399999315,
    "('V14', 'V14')": 0.0
  },
  "tij": {
    "('F1', 'D1')": 13.960478476026912,
    "('F1', 'D2')": 7.400081764342888,
    "('F1', 'D3')": 16.760638719686305,
    "('F1', 'D4')": 19.803280905669258,
    "('F2', 'D1')": 22.853099993208,
    "('F2', 'D2')": 20.098165245647653,
    "('F2', 'D3')": 22.235479556185645,
    "('F2', 'D4')": 15.184745047314411,
    "('F3', 'D1')": 16.953091163386024,
    "('F3', 'D2')": 10.004596477642282,
    "('F3', 'D3')": 19.278222314614677,
    "('F3', 'D4')": 20.270434605788903,
    "('F4', 'D1')": 6.686966973084204,
    "('F4', 'D2')": 10.924369775681098,
    "('F4', 'D3')": 8.764935174970118,
    "('F4', 'D4')": 17.175896512899723,
    "('F5', 'D1')": 20.314954932304815,
    "('F5', 'D2')": 18.930858434089778,
    "('F5', 'D3')": 19.156260896278546,
    "('F5', 'D4')": 11.336672047979855,
    "('F6', 'D1')": 16.180094282477977,
    "('F6', 'D2')": 21.113013067530105,
    "('F6', 'D3')": 12.979054878534088,
    "('F6', 'D4')": 9.600032947442543,
    "('D1', 'D2')": 10.424631289904513,
    "('D1', 'D3')": 4.837078180282583,
    "('D1', 'D4')": 16.060955250705266,
    "('D1', 'V1')": 9.5251752788369,
    "('D1', 'V2')": 13.788851413554719,
    "('D1', 'V3')": 14.27825883181608,
    "('D1', 'V4')": 12.995219327361005,
    "('D1', 'V5')": 10.482983495709568,
    "('D1', 'V6')": 5.764669461162581,
    "('D1', 'V7')": 15.218111930243222,
    "('D1', 'V8')": 8.047676697157652,
    "('D1', 'V9')": 4.392449503394446,
    "('D1', 'V10')": 17.33502960295537,
    "('D1', 'V11')": 10.61752054791896,
    "('D1', 'V12')": 16.552041777535212,
    "('D1', 'V13')": 5.599008956890099,
    "('D1', 'V14')": 9.039842138728485,
    "('D2', 'D1')": 10.424631289904513,
    "('D2', 'D3')": 14.18666939370848,
    "('D2', 'D4')": 19.485196087744196,
    "('D2', 'V1')": 10.78806253862072,
    "('D2', 'V2')": 5.648441291124575,
    "('D2', 'V3')": 16.785018827086482,
    "('D2', 'V4')": 6.963002732019996,
    "('D2', 'V5')": 1.7870985853248353,
    "('D2', 'V6')": 10.95322461302809,
    "('D2', 'V7')": 14.682498164269385,
    "('D2', 'V8')": 8.351760339188056,
    "('D2', 'V9')": 9.553536496935546,
    "('D2', 'V10')": 16.425456241971492,
    "('D2', 'V11')": 13.71247550704037,
    "('D2', 'V12')": 13.709754026318464,
    "('D2', 'V13')": 12.36412008883258,
    "('D2', 'V14')": 3.839871393422557,
    "('D3', 'D1')": 4.837078180282583,
    "('D3', 'D2')": 14.18666939370848,
    "('D3', 'D4')": 12.81580534975167,
    "('D3', 'V1')": 8.924937820421011,
    "('D3', 'V2')": 16.199780192259162,
    "('D3', 'V3')": 11.709801261327701,
    "('D3', 'V4')": 14.708787886507062,
    "('D3', 'V5')": 13.758380985017501,
    "('D3', 'V6')": 4.870215501909525,
    "('D3', 'V7')": 14.006858428710578,
    "('D3', 'V8')": 8.754367783403127,
    "('D3', 'V9')": 5.1038081468726535,
    "('D3', 'V10')": 15.990708982666456,
    "('D3', 'V11')": 8.53694635756544,
    "('D3', 'V12')": 16.222121576854974,
    "('D3', 'V13')": 3.389447087424954,
    "('D3', 'V14')": 11.745740667921623,
    "('D4', 'D1')": 16.060955250705266,
    "('D4', 'D2')": 19.485196087744196,
    "('D4', 'D3')": 12.81580534975167,
    "('D4', 'V1')": 8.713677111284902,
    "('D4', 'V2')": 17.310055748812864,
    "('D4', 'V3')": 2.7991918809075185,
    "('D4', 'V4')": 14.758501243665012,
    "('D4', 'V5')": 17.98592503878771,
    "('D4', 'V6')": 10.515557725822493,
    "('D4', 'V7')": 6.918420757892905,
    "('D4', 'V8')": 11.21857616140156,
    "('D4', 'V9')": 12.258775323126,
    "('D4', 'V10')": 7.311072900942759,
    "('D4', 'V11')": 5.982309292341791,
    "('D4', 'V12')": 10.244301126591441,
    "('D4', 'V13')": 10.483781014824173,
    "('D4', 'V14')": 15.65259318970764,
    "('V1', 'D1')": 9.5251752788369,
    "('V1', 'D2')": 10.78806253862072,
    "('V1', 'D3')": 8.924937820421011,
    "('V1', 'D4')": 8.713677111284902,
    "('V1', 'V2')": 9.499341354019766,
    "('V1', 'V3')": 6.087665237576423,
    "('V1', 'V4')": 7.211168228443387,
    "('V1', 'V5')": 9.352662087281546,
    "('V1', 'V6')": 4.1827613205778515,
    "('V1', 'V7')": 5.702494865163041,
    "('V1', 'V8')": 2.5281984076376274,
    "('V1', 'V9')": 5.134196426158518,
    "('V1', 'V10')": 7.823073984382907,
    "('V1', 'V11')": 3.0112694289969513,
    "('V1', 'V12')": 7.336360740403988,
    "('V1', 'V13')": 5.538863495834562,
    "('V1', 'V14')": 6.973449590284479,
    "('V2', 'D1')": 13.788851413554719,
    "('V2', 'D2')": 5.648441291124575,
    "('V2', 'D3')": 16.199780192259162,
    "('V2', 'D4')": 17.310055748812864,
    "('V2', 'V1')": 9.499341354019766,
    "('V2', 'V3')": 14.513232986592765,
    "('V2', 'V4')": 2.5674689577696874,
    "('V2', 'V5')": 4.154519331306964,
    "('V2', 'V6')": 11.762120305958984,
    "('V2', 'V7')": 11.189176353113059,
    "('V2', 'V8')": 7.920218379576028,
    "('V2', 'V9')": 11.095972061689631,
    "('V2', 'V10')": 12.472679659726884,
    "('V2', 'V11')": 12.422444162838977,
    "('V2', 'V12')": 9.218054293053097,
    "('V2', 'V13')": 13.424989168822384,
    "('V2', 'V14')": 4.750238284910625,
    "('V3', 'D1')": 14.27825883181608,
    "('V3', 'D2')": 16.785018827086482,
    "('V3', 'D3')": 11.709801261327701,
    "('V3', 'D4')": 2.7991918809075185,
    "('V3', 'V1')": 6.087665237576423,
    "('V3', 'V2')": 14.513232986592765,
    "('V3', 'V4')": 11.964632896993216,
    "('V3', 'V5')": 15.249541584116002,
    "('V3', 'V6')": 8.544328611123104,
    "('V3', 'V7')": 4.50775311135654,
    "('V3', 'V8')": 8.615466204102832,
    "('V3', 'V9')": 10.181141133905557,
    "('V3', 'V10')": 5.507522444966637,
    "('V3', 'V11')": 3.7074832350948084,
    "('V3', 'V12')": 7.878460077013692,
    "('V3', 'V13')": 8.886804282377465,
    "('V3', 'V14')": 12.945659432580987,
    "('V4', 'D1')": 12.995219327361005,
    "('V4', 'D2')": 6.963002732019996,
    "('V4', 'D3')": 14.708787886507062,
    "('V4', 'D4')": 14.758501243665012,
    "('V4', 'V1')": 7.211168228443387,
    "('V4', 'V2')": 2.5674689577696874,
    "('V4', 'V3')": 11.964632896993216,
    "('V4', 'V5')": 5.197351213189161,
    "('V4', 'V6')": 10.015985921087161,
    "('V4', 'V7')": 8.649524731527718,
    "('V4', 'V8')": 6.044773282090731,
    "('V4', 'V9')": 9.67643522803896,
    "('V4', 'V10')": 10.023754549924304,
    "('V4', 'V11')": 10.037062409098542,
    "('V4', 'V12')": 6.925500037866323,
    "('V4', 'V13')": 11.684264052407915,
    "('V4', 'V14')": 4.469621153954707,
    "('V5', 'D1')": 10.482983495709568,
    "('V5', 'D2')": 1.7870985853248353,
    "('V5', 'D3')": 13.758380985017501,
    "('V5', 'D4')": 17.98592503878771,
    "('V5', 'V1')": 9.352662087281546,
    "('V5', 'V2')": 4.154519331306964,
    "('V5', 'V3')": 15.249541584116002,
    "('V5', 'V4')": 5.197351213189161,
    "('V5', 'V6')": 10.057961631379554,
    "('V5', 'V7')": 12.96078111715388,
    "('V5', 'V8')": 7.023580507715383,
    "('V5', 'V9')": 8.85773893637523,
    "('V5', 'V10')": 14.669541485135014,
    "('V5', 'V11')": 12.332572023334267,
    "('V5', 'V12')": 11.923369482694422,
    "('V5', 'V13')": 11.580688868122728,
    "('V5', 'V14')": 2.4208042485030825,
    "('V6', 'D1')": 5.764669461162581,
    "('V6', 'D2')": 10.95322461302809,
    "('V6', 'D3')": 4.870215501909525,
    "('V6', 'D4')": 10.515557725822493,
    "('V6', 'V1')": 4.1827613205778515,
    "('V6', 'V2')": 11.762120305958984,
    "('V6', 'V3')": 8.544328611123104,
    "('V6', 'V4')": 10.015985921087161,
    "('V6', 'V5')": 10.057961631379554,
    "('V6', 'V7')": 9.675265118290246,
    "('V6', 'V8')": 3.9762744141873823,
    "('V6', 'V9')": 1.7895854313189141,
    "('V6', 'V10')": 11.762856253358787,
    "('V6', 'V11')": 4.859371205852024,
    "('V6', 'V12')": 11.516739140688177,
    "('V6', 'V13')": 1.6713758499374793,
    "('V6', 'V14')": 7.75042814392575,
    "('V7', 'D1')": 15.218111930243222,
    "('V7', 'D2')": 14.682498164269385,
    "('V7', 'D3')": 14.006858428710578,
    "('V7', 'D4')": 6.918420757892905,
    "('V7', 'V1')": 5.702494865163041,
    "('V7', 'V2')": 11.189176353113059,
    "('V7', 'V3')": 4.50775311135654,
    "('V7', 'V4')": 8.649524731527718,
    "('V7', 'V5')": 12.96078111715388,
    "('V7', 'V6')": 9.675265118290246,
    "('V7', 'V8')": 7.732476620411498,
    "('V7', 'V9')": 10.825881061212664,
    "('V7', 'V10')": 2.1208690010777387,
    "('V7', 'V11')": 5.604965281680953,
    "('V7', 'V12')": 3.3732168721003206,
    "('V7', 'V13')": 10.703337514592414,
    "('V7', 'V14')": 10.991069676015744,
    "('V8', 'D1')": 8.047676697157652,
    "('V8', 'D2')": 8.351760339188056,
    "('V8', 'D3')": 8.754367783403127,
    "('V8', 'D4')": 11.21857616140156,
    "('V8', 'V1')": 2.5281984076376274,
    "('V8', 'V2')": 7.920218379576028,
    "('V8', 'V3')": 8.615466204102832,
    "('V8', 'V4')": 6.044773282090731,
    "('V8', 'V5')": 7.023580507715383,
    "('V8', 'V6')": 3.9762744141873823,
    "('V8', 'V7')": 7.732476620411498,
    "('V8', 'V9')": 3.953031299716249,
    "('V8', 'V10')": 9.817383676129996,
    "('V8', 'V11')": 5.362286639044461,
    "('V8', 'V12')": 8.539169650250441,
    "('V8', 'V13')": 5.6411696599971775,
    "('V8', 'V14')": 4.60552446454004,
    "('V9', 'D1')": 4.392449503394446,
    "('V9', 'D2')": 9.553536496935546,
    "('V9', 'D3')": 5.1038081468726535,
    "('V9', 'D4')": 12.258775323126,
    "('V9', 'V1')": 5.134196426158518,
    "('V9', 'V2')": 11.095972061689631,
    "('V9', 'V3')": 10.181141133905557,
    "('V9', 'V4')": 9.67643522803896,
    "('V9', 'V5')": 8.85773893637523,
    "('V9', 'V6')": 1.7895854313189141,
    "('V9', 'V7')": 10.825881061212664,
    "('V9', 'V8')": 3.953031299716249,
    "('V9', 'V10')": 12.94336952935663,
    "('V9', 'V11')": 6.473745057980861,
    "('V9', 'V12')": 12.263509108946756,
    "('V9', 'V13')": 2.832083447276264,
    "('V9', 'V14')": 6.706209884830329,
    "('V10', 'D1')": 17.33502960295537,
    "('V10', 'D2')": 16.425456241971492,
    "('V10', 'D3')": 15.990708982666456,
    "('V10', 'D4')": 7.311072900942759,
    "('V10', 'V1')": 7.823073984382907,
    "('V10', 'V2')": 12.472679659726884,
    "('V10', 'V3')": 5.507522444966637,
    "('V10', 'V4')": 10.023754549924304,
    "('V10', 'V5')": 14.669541485135014,
    "('V10', 'V6')": 11.762856253358787,
    "('V10', 'V7')": 2.1208690010777387,
    "('V10', 'V8')": 9.817383676129996,
    "('V10', 'V9')": 12.94336952935663,
    "('V10', 'V11')": 7.4886251545155345,
    "('V10', 'V12')": 3.528981189071948,
    "('V10', 'V13')": 12.730998041687737,
    "('V10', 'V14')": 12.834652276124649,
    "('V11', 'D1')": 10.61752054791896,
    "('V11', 'D2')": 13.71247550704037,
    "('V11', 'D3')": 8.53694635756544,
    "('V11', 'D4')": 5.982309292341791,
    "('V11', 'V1')": 3.0112694289969513,
    "('V11', 'V2')": 12.422444162838977,
    "('V11', 'V3')": 3.7074832350948084,
    "('V11', 'V4')": 10.037062409098542,
    "('V11', 'V5')": 12.332572023334267,
    "('V11', 'V6')": 4.859371205852024,
    "('V11', 'V7')": 5.604965281680953,
    "('V11', 'V8')": 5.362286639044461,
    "('V11', 'V9')": 6.473745057980861,
    "('V11', 'V10')": 7.4886251545155345,
    "('V11', 'V12')": 8.361487498923351,
    "('V11', 'V13')": 5.406623628974296,
    "('V11', 'V14')": 9.933273407056564,
    "('V12', 'D1')": 16.552041777535212,
    "('V12', 'D2')": 13.709754026318464,
    "('V12', 'D3')": 16.222121576854974,
    "('V12', 'D4')": 10.244301126591441,
    "('V12', 'V1')": 7.336360740403988,
    "('V12', 'V2')": 9.218054293053097,
    "('V12', 'V3')": 7.878460077013692,
    "('V12', 'V4')": 6.925500037866323,
    "('V12', 'V5')": 11.923369482694422,
    "('V12', 'V6')": 11.516739140688177,
    "('V12', 'V7')": 3.3732168721003206,
    "('V12', 'V8')": 8.539169650250441,
    "('V12', 'V9')": 12.263509108946756,
    "('V12', 'V10')": 3.528981189071948,
    "('V12', 'V11')": 8.361487498923351,
    "('V12', 'V13')": 12.834329544888485,
    "('V12', 'V14')": 10.428770973850744,
    "('V13', 'D1')": 5.599008956890099,
    "('V13', 'D2')": 12.36412008883258,
    "('V13', 'D3')": 3.389447087424954,
    "('V13', 'D4')": 10.483781014824173,
    "('V13', 'V1')": 5.538863495834562,
    "('V13', 'V2')": 13.424989168822384,
    "('V13', 'V3')": 8.886804282377465,
    "('V13', 'V4')": 11.684264052407915,
    "('V13', 'V5')": 11.580688868122728,
    "('V13', 'V6')": 1.6713758499374793,
    "('V13', 'V7')": 10.703337514592414,
    "('V13', 'V8')": 5.6411696599971775,
    "('V13', 'V9')": 2.832083447276264,
    "('V13', 'V10')": 12.730998041687737,
    "('V13', 'V11')": 5.406623628974296,
    "('V13', 'V12')": 12.834329544888485,
    "('V13', 'V14')": 9.325727909999896,
    "('V14', 'D1')": 9.039842138728485,
    "('V14', 'D2')": 3.839871393422557,
    "('V14', 'D3')": 11.745740667921623,
    "('V14', 'D4')": 15.65259318970764,
    "('V14', 'V1')": 6.973449590284479,
    "('V14', 'V2')": 4.750238284910625,
    "('V14', 'V3')": 12.945659432580987,
    "('V14', 'V4')": 4.469621153954707,
    "('V14', 'V5')": 2.4208042485030825,
    "('V14', 'V6')": 7.75042814392575,
    "('V14', 'V7')": 10.991069676015744,
    "('V14', 'V8')": 4.60552446454004,
    "('V14', 'V9')": 6.706209884830329,
    "('V14', 'V10')": 12.834652276124649,
    "('V14', 'V11')": 9.933273407056564,
    "('V14', 'V12')": 10.428770973850744,
    "('V14', 'V13')": 9.325727909999896
  },
  "waktu": {
    "('F1', 'D1')": 13.960478476026912,
    "('F1', 'D2')": 7.400081764342888,
    "('F1', 'D3')": 16.760638719686305,
    "('F1', 'D4')": 19.803280905669258,
    "('F2', 'D1')": 22.853099993208,
    "('F2', 'D2')": 20.098165245647653,
    "('F2', 'D3')": 22.235479556185645,
    "('F2', 'D4')": 15.184745047314411,
    "('F3', 'D1')": 16.953091163386024,
    "('F3', 'D2')": 10.004596477642282,
    "('F3', 'D3')": 19.278222314614677,
    "('F3', 'D4')": 20.270434605788903,
    "('F4', 'D1')": 6.686966973084204,
    "('F4', 'D2')": 10.924369775681098,
    "('F4', 'D3')": 8.764935174970118,
    "('F4', 'D4')": 17.175896512899723,
    "('F5', 'D1')": 20.314954932304815,
    "('F5', 'D2')": 18.930858434089778,
    "('F5', 'D3')": 19.156260896278546,
    "('F5', 'D4')": 11.336672047979855,
    "('F6', 'D1')": 16.180094282477977,
    "('F6', 'D2')": 21.113013067530105,
    "('F6', 'D3')": 12.979054878534088,
    "('F6', 'D4')": 9.600032947442543,
    "('D1', 'D2')": 10.424631289904513,
    "('D1', 'D3')": 4.837078180282583,
    "('D1', 'D4')": 16.060955250705266,
    "('D1', 'V1')": 9.5251752788369,
    "('D1', 'V2')": 13.788851413554719,
    "('D1', 'V3')": 14.27825883181608,
    "('D1', 'V4')": 12.995219327361005,
    "('D1', 'V5')": 10.482983495709568,
    "('D1', 'V6')": 5.764669461162581,
    "('D1', 'V7')": 15.218111930243222,
    "('D1', 'V8')": 8.047676697157652,
    "('D1', 'V9')": 4.392449503394446,
    "('D1', 'V10')": 17.33502960295537,
    "('D1', 'V11')": 10.61752054791896,
    "('D1', 'V12')": 16.552041777535212,
    "('D1', 'V13')": 5.599008956890099,
    "('D1', 'V14')": 9.039842138728485,
    "('D2', 'D1')": 10.424631289904513,
    "('D2', 'D3')": 14.18666939370848,
    "('D2', 'D4')": 19.485196087744196,
    "('D2', 'V1')": 10.78806253862072,
    "('D2', 'V2')": 5.648441291124575,
    "('D2', 'V3')": 16.785018827086482,
    "('D2', 'V4')": 6.963002732019996,
    "('D2', 'V5')": 1.7870985853248353,
    "('D2', 'V6')": 10.95322461302809,
    "('D2', 'V7')": 14.682498164269385,
    "('D2', 'V8')": 8.351760339188056,
    "('D2', 'V9')": 9.553536496935546,
    "('D2', 'V10')": 16.425456241971492,
    "('D2', 'V11')": 13.71247550704037,
    "('D2', 'V12')": 13.709754026318464,
    "('D2', 'V13')": 12.36412008883258,
    "('D2', 'V14')": 3.839871393422557,
    "('D3', 'D1')": 4.837078180282583,
    "('D3', 'D2')": 14.18666939370848,
    "('D3', 'D4')": 12.81580534975167,
    "('D3', 'V1')": 8.924937820421011,
    "('D3', 'V2')": 16.199780192259162,
    "('D3', 'V3')": 11.709801261327701,
    "('D3', 'V4')": 14.708787886507062,
    "('D3', 'V5')": 13.758380985017501,
    "('D3', 'V6')": 4.870215501909525,
    "('D3', 'V7')": 14.006858428710578,
    "('D3', 'V8')": 8.754367783403127,
    "('D3', 'V9')": 5.1038081468726535,
    "('D3', 'V10')": 15.990708982666456,
    "('D3', 'V11')": 8.53694635756544,
    "('D3', 'V12')": 16.222121576854974,
    "('D3', 'V13')": 3.389447087424954,
    "('D3', 'V14')": 11.745740667921623,
    "('D4', 'D1')": 16.060955250705266,
    "('D4', 'D2')": 19.485196087744196,
    "('D4', 'D3')": 12.81580534975167,
    "('D4', 'V1')": 8.713677111284902,
    "('D4', 'V2')": 17.310055748812864,
    "('D4', 'V3')": 2.7991918809075185,
    "('D4', 'V4')": 14.758501243665012,
    "('D4', 'V5')": 17.98592503878771,
    "('D4', 'V6')": 10.515557725822493,
    "('D4', 'V7')": 6.918420757892905,
    "('D4', 'V8')": 11.21857616140156,
    "('D4', 'V9')": 12.258775323126,
    "('D4', 'V10')": 7.311072900942759,
    "('D4', 'V11')": 5.982309292341791,
    "('D4', 'V12')": 10.244301126591441,
    "('D4', 'V13')": 10.483781014824173,
    "('D4', 'V14')": 15.65259318970764,
    "('V1', 'D1')": 9.5251752788369,
    "('V1', 'D2')": 10.78806253862072,
    "('V1', 'D3')": 8.924937820421011,
    "('V1', 'D4')": 8.713677111284902,
    "('V1', 'V2')": 9.499341354019766,
    "('V1', 'V3')": 6.087665237576423,
    "('V1', 'V4')": 7.211168228443387,
    "('V1', 'V5')": 9.352662087281546,
    "('V1', 'V6')": 4.1827613205778515,
    "('V1', 'V7')": 5.702494865163041,
    "('V1', 'V8')": 2.5281984076376274,
    "('V1', 'V9')": 5.134196426158518,
    "('V1', 'V10')": 7.823073984382907,
    "('V1', 'V11')": 3.0112694289969513,
    "('V1', 'V12')": 7.336360740403988,
    "('V1', 'V13')": 5.538863495834562,
    "('V1', 'V14')": 6.973449590284479,
    "('V2', 'D1')": 13.788851413554719,
    "('V2', 'D2')": 5.648441291124575,
    "('V2', 'D3')": 16.199780192259162,
    "('V2', 'D4')": 17.310055748812864,
    "('V2', 'V1')": 9.499341354019766,
    "('V2', 'V3')": 14.513232986592765,
    "('V2', 'V4')": 2.5674689577696874,
    "('V2', 'V5')": 4.154519331306964,
    "('V2', 'V6')": 11.762120305958984,
    "('V2', 'V7')": 11.189176353113059,
    "('V2', 'V8')": 7.920218379576028,
    "('V2', 'V9')": 11.095972061689631,
    "('V2', 'V10')": 12.472679659726884,
    "('V2', 'V11')": 12.422444162838977,
    "('V2', 'V12')": 9.218054293053097,
    "('V2', 'V13')": 13.424989168822384,
    "('V2', 'V14')": 4.750238284910625,
    "('V3', 'D1')": 14.27825883181608,
    "('V3', 'D2')": 16.785018827086482,
    "('V3', 'D3')": 11.709801261327701,
    "('V3', 'D4')": 2.7991918809075185,
    "('V3', 'V1')": 6.087665237576423,
    "('V3', 'V2')": 14.513232986592765,
    "('V3', 'V4')": 11.964632896993216,
    "('V3', 'V5')": 15.249541584116002,
    "('V3', 'V6')": 8.544328611123104,
    "('V3', 'V7')": 4.50775311135654,
    "('V3', 'V8')": 8.615466204102832,
    "('V3', 'V9')": 10.181141133905557,
    "('V3', 'V10')": 5.507522444966637,
    "('V3', 'V11')": 3.7074832350948084,
    "('V3', 'V12')": 7.878460077013692,
    "('V3', 'V13')": 8.886804282377465,
    "('V3', 'V14')": 12.945659432580987,
    "('V4', 'D1')": 12.995219327361005,
    "('V4', 'D2')": 6.963002732019996,
    "('V4', 'D3')": 14.708787886507062,
    "('V4', 'D4')": 14.758501243665012,
    "('V4', 'V1')": 7.211168228443387,
    "('V4', 'V2')": 2.5674689577696874,
    "('V4', 'V3')": 11.964632896993216,
    "('V4', 'V5')": 5.197351213189161,
    "('V4', 'V6')": 10.015985921087161,
    "('V4', 'V7')": 8.649524731527718,
    "('V4', 'V8')": 6.044773282090731,
    "('V4', 'V9')": 9.67643522803896,
    "('V4', 'V10')": 10.023754549924304,
    "('V4', 'V11')": 10.037062409098542,
    "('V4', 'V12')": 6.925500037866323,
    "('V4', 'V13')": 11.684264052407915,
    "('V4', 'V14')": 4.469621153954707,
    "('V5', 'D1')": 10.482983495709568,
    "('V5', 'D2')": 1.7870985853248353,
    "('V5', 'D3')": 13.758380985017501,
    "('V5', 'D4')": 17.98592503878771,
    "('V5', 'V1')": 9.352662087281546,
    "('V5', 'V2')": 4.154519331306964,
    "('V5', 'V3')": 15.249541584116002,
    "('V5', 'V4')": 5.197351213189161,
    "('V5', 'V6')": 10.057961631379554,
    "('V5', 'V7')": 12.96078111715388,
    "('V5', 'V8')": 7.023580507715383,
    "('V5', 'V9')": 8.85773893637523,
    "('V5', 'V10')": 14.669541485135014,
    "('V5', 'V11')": 12.332572023334267,
    "('V5', 'V12')": 11.923369482694422,
    "('V5', 'V13')": 11.580688868122728,
    "('V5', 'V14')": 2.4208042485030825,
    "('V6', 'D1')": 5.764669461162581,
    "('V6', 'D2')": 10.95322461302809,
    "('V6', 'D3')": 4.870215501909525,
    "('V6', 'D4')": 10.515557725822493,
    "('V6', 'V1')": 4.1827613205778515,
    "('V6', 'V2')": 11.762120305958984,
    "('V6', 'V3')": 8.544328611123104,
    "('V6', 'V4')": 10.015985921087161,
    "('V6', 'V5')": 10.057961631379554,
    "('V6', 'V7')": 9.675265118290246,
    "('V6', 'V8')": 3.9762744141873823,
    "('V6', 'V9')": 1.7895854313189141,
    "('V6', 'V10')": 11.762856253358787,
    "('V6', 'V11')": 4.859371205852024,
    "('V6', 'V12')": 11.516739140688177,
    "('V6', 'V13')": 1.6713758499374793,
    "('V6', 'V14')": 7.75042814392575,
    "('V7', 'D1')": 15.218111930243222,
    "('V7', 'D2')": 14.682498164269385,
    "('V7', 'D3')": 14.006858428710578,
    "('V7', 'D4')": 6.918420757892905,
    "('V7', 'V1')": 5.702494865163041,
    "('V7', 'V2')": 11.189176353113059,
    "('V7', 'V3')": 4.50775311135654,
    "('V7', 'V4')": 8.649524731527718,
    "('V7', 'V5')": 12.96078111715388,
    "('V7', 'V6')": 9.675265118290246,
    "('V7', 'V8')": 7.732476620411498,
    "('V7', 'V9')": 10.825881061212664,
    "('V7', 'V10')": 2.1208690010777387,
    "('V7', 'V11')": 5.604965281680953,
    "('V7', 'V12')": 3.3732168721003206,
    "('V7', 'V13')": 10.703337514592414,
    "('V7', 'V14')": 10.991069676015744,
    "('V8', 'D1')": 8.047676697157652,
    "('V8', 'D2')": 8.351760339188056,
    "('V8', 'D3')": 8.754367783403127,
    "('V8', 'D4')": 11.21857616140156,
    "('V8', 'V1')": 2.5281984076376274,
    "('V8', 'V2')": 7.920218379576028,
    "('V8', 'V3')": 8.615466204102832,
    "('V8', 'V4')": 6.044773282090731,
    "('V8', 'V5')": 7.023580507715383,
    "('V8', 'V6')": 3.9762744141873823,
    "('V8', 'V7')": 7.732476620411498,
    "('V8', 'V9')": 3.953031299716249,
    "('V8', 'V10')": 9.817383676129996,
    "('V8', 'V11')": 5.362286639044461,
    "('V8', 'V12')": 8.539169650250441,
    "('V8', 'V13')": 5.6411696599971775,
    "('V8', 'V14')": 4.60552446454004,
    "('V9', 'D1')": 4.392449503394446,
    "('V9', 'D2')": 9.553536496935546,
    "('V9', 'D3')": 5.1038081468726535,
    "('V9', 'D4')": 12.258775323126,
    "('V9', 'V1')": 5.134196426158518,
    "('V9', 'V2')": 11.095972061689631,
    "('V9', 'V3')": 10.181141133905557,
    "('V9', 'V4')": 9.67643522803896,
    "('V9', 'V5')": 8.85773893637523,
    "('V9', 'V6')": 1.7895854313189141,
    "('V9', 'V7')": 10.825881061212664,
    "('V9', 'V8')": 3.953031299716249,
    "('V9', 'V10')": 12.94336952935663,
    "('V9', 'V11')": 6.473745057980861,
    "('V9', 'V12')": 12.263509108946756,
    "('V9', 'V13')": 2.832083447276264,
    "('V9', 'V14')": 6.706209884830329,
    "('V10', 'D1')": 17.33502960295537,
    "('V10', 'D2')": 16.425456241971492,
    "('V10', 'D3')": 15.990708982666456,
    "('V10', 'D4')": 7.311072900942759,
    "('V10', 'V1')": 7.823073984382907,
    "('V10', 'V2')": 12.472679659726884,
    "('V10', 'V3')": 5.507522444966637,
    "('V10', 'V4')": 10.023754549924304,
    "('V10', 'V5')": 14.669541485135014,
    "('V10', 'V6')": 11.762856253358787,
    "('V10', 'V7')": 2.1208690010777387,
    "('V10', 'V8')": 9.817383676129996,
    "('V10', 'V9')": 12.94336952935663,
    "('V10', 'V11')": 7.4886251545155345,
    "('V10', 'V12')": 3.528981189071948,
    "('V10', 'V13')": 12.730998041687737,
    "('V10', 'V14')": 12.834652276124649,
    "('V11', 'D1')": 10.61752054791896,
    "('V11', 'D2')": 13.71247550704037,
    "('V11', 'D3')": 8.53694635756544,
    "('V11', 'D4')": 5.982309292341791,
    "('V11', 'V1')": 3.0112694289969513,
    "('V11', 'V2')": 12.422444162838977,
    "('V11', 'V3')": 3.7074832350948084,
    "('V11', 'V4')": 10.037062409098542,
    "('V11', 'V5')": 12.332572023334267,
    "('V11', 'V6')": 4.859371205852024,
    "('V11', 'V7')": 5.604965281680953,
    "('V11', 'V8')": 5.362286639044461,
    "('V11', 'V9')": 6.473745057980861,
    "('V11', 'V10')": 7.4886251545155345,
    "('V11', 'V12')": 8.361487498923351,
    "('V11', 'V13')": 5.406623628974296,
    "('V11', 'V14')": 9.933273407056564,
    "('V12', 'D1')": 16.552041777535212,
    "('V12', 'D2')": 13.709754026318464,
    "('V12', 'D3')": 16.222121576854974,
    "('V12', 'D4')": 10.244301126591441,
    "('V12', 'V1')": 7.336360740403988,
    "('V12', 'V2')": 9.218054293053097,
    "('V12', 'V3')": 7.878460077013692,
    "('V12', 'V4')": 6.925500037866323,
    "('V12', 'V5')": 11.923369482694422,
    "('V12', 'V6')": 11.516739140688177,
    "('V12', 'V7')": 3.3732168721003206,
    "('V12', 'V8')": 8.539169650250441,
    "('V12', 'V9')": 12.263509108946756,
    "('V12', 'V10')": 3.528981189071948,
    "('V12', 'V11')": 8.361487498923351,
    "('V12', 'V13')": 12.834329544888485,
    "('V12', 'V14')": 10.428770973850744,
    "('V13', 'D1')": 5.599008956890099,
    "('V13', 'D2')": 12.36412008883258,
    "('V13', 'D3')": 3.389447087424954,
    "('V13', 'D4')": 10.483781014824173,
    "('V13', 'V1')": 5.538863495834562,
    "('V13', 'V2')": 13.424989168822384,
    "('V13', 'V3')": 8.886804282377465,
    "('V13', 'V4')": 11.684264052407915,
    "('V13', 'V5')": 11.580688868122728,
    "('V13', 'V6')": 1.6713758499374793,
    "('V13', 'V7')": 10.703337514592414,
    "('V13', 'V8')": 5.6411696599971775,
    "('V13', 'V9')": 2.832083447276264,
    "('V13', 'V10')": 12.730998041687737,
    "('V13', 'V11')": 5.406623628974296,
    "('V13', 'V12')": 12.834329544888485,
    "('V13', 'V14')": 9.325727909999896,
    "('V14', 'D1')": 9.039842138728485,
    "('V14', 'D2')": 3.839871393422557,
    "('V14', 'D3')": 11.745740667921623,
    "('V14', 'D4')": 15.65259318970764,
    "('V14', 'V1')": 6.973449590284479,
    "('V14', 'V2')": 4.750238284910625,
    "('V14', 'V3')": 12.945659432580987,
    "('V14', 'V4')": 4.469621153954707,
    "('V14', 'V5')": 2.4208042485030825,
    "('V14', 'V6')": 7.75042814392575,
    "('V14', 'V7')": 10.991069676015744,
    "('V14', 'V8')": 4.60552446454004,
    "('V14', 'V9')": 6.706209884830329,
    "('V14', 'V10')": 12.834652276124649,
    "('V14', 'V11')": 9.933273407056564,
    "('V14', 'V12')": 10.428770973850744,
    "('V14', 'V13')": 9.325727909999896
  },
  "truck_arcs": [
    {
      "p": "F1",
      "j": "D1",
      "cost": 13.960478476026912
    },
    {
      "p": "F1",
      "j": "D2",
      "cost": 7.400081764342888
    },
    {
      "p": "F1",
      "j": "D3",
      "cost": 16.760638719686305
    },
    {
      "p": "F1",
      "j": "D4",
      "cost": 19.803280905669254
    },
    {
      "p": "F2",
      "j": "D1",
      "cost": 22.853099993208
    },
    {
      "p": "F2",
      "j": "D2",
      "cost": 20.098165245647653
    },
    {
      "p": "F2",
      "j": "D3",
      "cost": 22.235479556185645
    },
    {
      "p": "F2",
      "j": "D4",
      "cost": 15.184745047314411
    },
    {
      "p": "F3",
      "j": "D1",
      "cost": 16.953091163386024
    },
    {
      "p": "F3",
      "j": "D2",
      "cost": 10.004596477642282
    },
    {
      "p": "F3",
      "j": "D3",
      "cost": 19.27822231461468
    },
    {
      "p": "F3",
      "j": "D4",
      "cost": 20.270434605788903
    },
    {
      "p": "F4",
      "j": "D1",
      "cost": 6.686966973084203
    },
    {
      "p": "F4",
      "j": "D2",
      "cost": 10.924369775681098
    },
    {
      "p": "F4",
      "j": "D3",
      "cost": 8.764935174970118
    },
    {
      "p": "F4",
      "j": "D4",
      "cost": 17.175896512899723
    },
    {
      "p": "F5",
      "j": "D1",
      "cost": 20.314954932304815
    },
    {
      "p": "F5",
      "j": "D2",
      "cost": 18.930858434089778
    },
    {
      "p": "F5",
      "j": "D3",
      "cost": 19.156260896278546
    },
    {
      "p": "F5",
      "j": "D4",
      "cost": 11.336672047979855
    },
    {
      "p": "F6",
      "j": "D1",
      "cost": 16.180094282477977
    },
    {
      "p": "F6",
      "j": "D2",
      "cost": 21.113013067530105
    },
    {
      "p": "F6",
      "j": "D3",
      "cost": 12.979054878534088
    },
    {
      "p": "F6",
      "j": "D4",
      "cost": 9.600032947442543
    }
  ],
  "uav_arcs": [
    {
      "u": "D1",
      "v": "D2",
      "cost": 6.9497541932696745
    },
    {
      "u": "D1",
      "v": "D3",
      "cost": 3.224718786855055
    },
    {
      "u": "D1",
      "v": "D4",
      "cost": 10.707303500470177
    },
    {
      "u": "D1",
      "v": "V1",
      "cost": 6.350116852557933
    },
    {
      "u": "D1",
      "v": "V2",
      "cost": 9.192567609036479
    },
    {
      "u": "D1",
      "v": "V3",
      "cost": 9.51883922121072
    },
    {
      "u": "D1",
      "v": "V4",
      "cost": 8.663479551574003
    },
    {
      "u": "D1",
      "v": "V5",
      "cost": 6.988655663806379
    },
    {
      "u": "D1",
      "v": "V6",
      "cost": 3.843112974108387
    },
    {
      "u": "D1",
      "v": "V7",
      "cost": 10.145407953495482
    },
    {
      "u": "D1",
      "v": "V8",
      "cost": 5.365117798105101
    },
    {
      "u": "D1",
      "v": "V9",
      "cost": 2.928299668929631
    },
    {
      "u": "D1",
      "v": "V10",
      "cost": 11.556686401970246
    },
    {
      "u": "D1",
      "v": "V11",
      "cost": 7.078347031945973
    },
    {
      "u": "D1",
      "v": "V12",
      "cost": 11.034694518356808
    },
    {
      "u": "D1",
      "v": "V13",
      "cost": 3.7326726379267328
    },
    {
      "u": "D1",
      "v": "V14",
      "cost": 6.026561425818989
    },
    {
      "u": "D2",
      "v": "D1",
      "cost": 6.9497541932696745
    },
    {
      "u": "D2",
      "v": "D3",
      "cost": 9.457779595805652
    },
    {
      "u": "D2",
      "v": "D4",
      "cost": 12.990130725162798
    },
    {
      "u": "D2",
      "v": "V1",
      "cost": 7.192041692413813
    },
    {
      "u": "D2",
      "v": "V2",
      "cost": 3.7656275274163837
    },
    {
      "u": "D2",
      "v": "V3",
      "cost": 11.19001255139099
    },
    {
      "u": "D2",
      "v": "V4",
      "cost": 4.642001821346664
    },
    {
      "u": "D2",
      "v": "V5",
      "cost": 1.1913990568832236
    },
    {
      "u": "D2",
      "v": "V6",
      "cost": 7.3021497420187265
    },
    {
      "u": "D2",
      "v": "V7",
      "cost": 9.788332109512922
    },
    {
      "u": "D2",
      "v": "V8",
      "cost": 5.56784022612537
    },
    {
      "u": "D2",
      "v": "V9",
      "cost": 6.369024331290364
    },
    {
      "u": "D2",
      "v": "V10",
      "cost": 10.950304161314328
    },
    {
      "u": "D2",
      "v": "V11",
      "cost": 9.141650338026913
    },
    {
      "u": "D2",
      "v": "V12",
      "cost": 9.139836017545642
    },
    {
      "u": "D2",
      "v": "V13",
      "cost": 8.242746725888386
    },
    {
      "u": "D2",
      "v": "V14",
      "cost": 2.559914262281705
    },
    {
      "u": "D3",
      "v": "D1",
      "cost": 3.224718786855055
    },
    {
      "u": "D3",
      "v": "D2",
      "cost": 9.457779595805652
    },
    {
      "u": "D3",
      "v": "D4",
      "cost": 8.54387023316778
    },
    {
      "u": "D3",
      "v": "V1",
      "cost": 5.94995854694734
    },
    {
      "u": "D3",
      "v": "V2",
      "cost": 10.799853461506107
    },
    {
      "u": "D3",
      "v": "V3",
      "cost": 7.806534174218467
    },
    {
      "u": "D3",
      "v": "V4",
      "cost": 9.805858591004709
    },
    {
      "u": "D3",
      "v": "V5",
      "cost": 9.172253990011667
    },
    {
      "u": "D3",
      "v": "V6",
      "cost": 3.2468103346063497
    },
    {
      "u": "D3",
      "v": "V7",
      "cost": 9.337905619140384
    },
    {
      "u": "D3",
      "v": "V8",
      "cost": 5.836245188935418
    },
    {
      "u": "D3",
      "v": "V9",
      "cost": 3.402538764581769
    },
    {
      "u": "D3",
      "v": "V10",
      "cost": 10.66047265511097
    },
    {
      "u": "D3",
      "v": "V11",
      "cost": 5.691297571710294
    },
    {
      "u": "D3",
      "v": "V12",
      "cost": 10.814747717903316
    },
    {
      "u": "D3",
      "v": "V13",
      "cost": 2.259631391616636
    },
    {
      "u": "D3",
      "v": "V14",
      "cost": 7.830493778614415
    },
    {
      "u": "D4",
      "v": "D1",
      "cost": 10.707303500470177
    },
    {
      "u": "D4",
      "v": "D2",
      "cost": 12.990130725162798
    },
    {
      "u": "D4",
      "v": "D3",
      "cost": 8.54387023316778
    },
    {
      "u": "D4",
      "v": "V1",
      "cost": 5.809118074189935
    },
    {
      "u": "D4",
      "v": "V2",
      "cost": 11.540037165875242
    },
    {
      "u": "D4",
      "v": "V3",
      "cost": 1.8661279206050123
    },
    {
      "u": "D4",
      "v": "V4",
      "cost": 9.839000829110008
    },
    {
      "u": "D4",
      "v": "V5",
      "cost": 11.99061669252514
    },
    {
      "u": "D4",
      "v": "V6",
      "cost": 7.010371817214995
    },
    {
      "u": "D4",
      "v": "V7",
      "cost": 4.6122805052619364
    },
    {
      "u": "D4",
      "v": "V8",
      "cost": 7.479050774267706
    },
    {
      "u": "D4",
      "v": "V9",
      "cost": 8.172516882084
    },
    {
      "u": "D4",
      "v": "V10",
      "cost": 4.874048600628506
    },
    {
      "u": "D4",
      "v": "V11",
      "cost": 3.9882061948945267
    },
    {
      "u": "D4",
      "v": "V12",
      "cost": 6.829534084394294
    },
    {
      "u": "D4",
      "v": "V13",
      "cost": 6.989187343216115
    },
    {
      "u": "D4",
      "v": "V14",
      "cost": 10.43506212647176
    },
    {
      "u": "V1",
      "v": "D1",
      "cost": 6.350116852557933
    },
    {
      "u": "V1",
      "v": "D2",
      "cost": 7.192041692413813
    },
    {
      "u": "V1",
      "v": "D3",
      "cost": 5.94995854694734
    },
    {
      "u": "V1",
      "v": "D4",
      "cost": 5.809118074189935
    },
    {
      "u": "V1",
      "v": "V2",
      "cost": 6.3328942360131775
    },
    {
      "u": "V1",
      "v": "V3",
      "cost": 4.0584434917176155
    },
    {
      "u": "V1",
      "v": "V4",
      "cost": 4.807445485628925
    },
    {
      "u": "V1",
      "v": "V5",
      "cost": 6.235108058187697
    },
    {
      "u": "V1",
      "v": "V6",
      "cost": 2.7885075470519007
    },
    {
      "u": "V1",
      "v": "V7",
      "cost": 3.8016632434420274
    },
    {
      "u": "V1",
      "v": "V8",
      "cost": 1.6854656050917518
    },
    {
      "u": "V1",
      "v": "V9",
      "cost": 3.4227976174390116
    },
    {
      "u": "V1",
      "v": "V10",
      "cost": 5.215382656255271
    },
    {
      "u": "V1",
      "v": "V11",
      "cost": 2.007512952664634
    },
    {
      "u": "V1",
      "v": "V12",
      "cost": 4.890907160269325
    },
    {
      "u": "V1",
      "v": "V13",
      "cost": 3.692575663889708
    },
    {
      "u": "V1",
      "v": "V14",
      "cost": 4.6489663935229855
    },
    {
      "u": "V2",
      "v": "D1",
      "cost": 9.192567609036479
    },
    {
      "u": "V2",
      "v": "D2",
      "cost": 3.7656275274163837
    },
    {
      "u": "V2",
      "v": "D3",
      "cost": 10.799853461506107
    },
    {
      "u": "V2",
      "v": "D4",
      "cost": 11.540037165875242
    },
    {
      "u": "V2",
      "v": "V1",
      "cost": 6.3328942360131775
    },
    {
      "u": "V2",
      "v": "V3",
      "cost": 9.675488657728511
    },
    {
      "u": "V2",
      "v": "V4",
      "cost": 1.7116459718464583
    },
    {
      "u": "V2",
      "v": "V5",
      "cost": 2.7696795542046426
    },
    {
      "u": "V2",
      "v": "V6",
      "cost": 7.841413537305988
    },
    {
      "u": "V2",
      "v": "V7",
      "cost": 7.459450902075372
    },
    {
      "u": "V2",
      "v": "V8",
      "cost": 5.280145586384019
    },
    {
      "u": "V2",
      "v": "V9",
      "cost": 7.397314707793087
    },
    {
      "u": "V2",
      "v": "V10",
      "cost": 8.315119773151256
    },
    {
      "u": "V2",
      "v": "V11",
      "cost": 8.281629441892651
    },
    {
      "u": "V2",
      "v": "V12",
      "cost": 6.145369528702064
    },
    {
      "u": "V2",
      "v": "V13",
      "cost": 8.949992779214922
    },
    {
      "u": "V2",
      "v": "V14",
      "cost": 3.1668255232737503
    },
    {
      "u": "V3",
      "v": "D1",
      "cost": 9.51883922121072
    },
    {
      "u": "V3",
      "v": "D2",
      "cost": 11.19001255139099
    },
    {
      "u": "V3",
      "v": "D3",
      "cost": 7.806534174218467
    },
    {
      "u": "V3",
      "v": "D4",
      "cost": 1.8661279206050123
    },
    {
      "u": "V3",
      "v": "V1",
      "cost": 4.0584434917176155
    },
    {
      "u": "V3",
      "v": "V2",
      "cost": 9.675488657728511
    },
    {
      "u": "V3",
      "v": "V4",
      "cost": 7.976421931328811
    },
    {
      "u": "V3",
      "v": "V5",
      "cost": 10.166361056077335
    },
    {
      "u": "V3",
      "v": "V6",
      "cost": 5.6962190740820695
    },
    {
      "u": "V3",
      "v": "V7",
      "cost": 3.00516874090436
    },
    {
      "u": "V3",
      "v": "V8",
      "cost": 5.743644136068554
    },
    {
      "u": "V3",
      "v": "V9",
      "cost": 6.787427422603704
    },
    {
      "u": "V3",
      "v": "V10",
      "cost": 3.6716816299777575
    },
    {
      "u": "V3",
      "v": "V11",
      "cost": 2.4716554900632057
    },
    {
      "u": "V3",
      "v": "V12",
      "cost": 5.252306718009128
    },
    {
      "u": "V3",
      "v": "V13",
      "cost": 5.924536188251644
    },
    {
      "u": "V3",
      "v": "V14",
      "cost": 8.630439621720658
    },
    {
      "u": "V4",
      "v": "D1",
      "cost": 8.663479551574003
    },
    {
      "u": "V4",
      "v": "D2",
      "cost": 4.642001821346664
    },
    {
      "u": "V4",
      "v": "D3",
      "cost": 9.805858591004709
    },
    {
      "u": "V4",
      "v": "D4",
      "cost": 9.839000829110008
    },
    {
      "u": "V4",
      "v": "V1",
      "cost": 4.807445485628925
    },
    {
      "u": "V4",
      "v": "V2",
      "cost": 1.7116459718464583
    },
    {
      "u": "V4",
      "v": "V3",
      "cost": 7.976421931328811
    },
    {
      "u": "V4",
      "v": "V5",
      "cost": 3.464900808792774
    },
    {
      "u": "V4",
      "v": "V6",
      "cost": 6.677323947391441
    },
    {
      "u": "V4",
      "v": "V7",
      "cost": 5.766349821018479
    },
    {
      "u": "V4",
      "v": "V8",
      "cost": 4.029848854727154
    },
    {
      "u": "V4",
      "v": "V9",
      "cost": 6.4509568186926405
    },
    {
      "u": "V4",
      "v": "V10",
      "cost": 6.682503033282869
    },
    {
      "u": "V4",
      "v": "V11",
      "cost": 6.691374939399028
    },
    {
      "u": "V4",
      "v": "V12",
      "cost": 4.617000025244215
    },
    {
      "u": "V4",
      "v": "V13",
      "cost": 7.7895093682719425
    },
    {
      "u": "V4",
      "v": "V14",
      "cost": 2.979747435969805
    },
    {
      "u": "V5",
      "v": "D1",
      "cost": 6.988655663806379
    },
    {
      "u": "V5",
      "v": "D2",
      "cost": 1.1913990568832236
    },
    {
      "u": "V5",
      "v": "D3",
      "cost": 9.172253990011667
    },
    {
      "u": "V5",
      "v": "D4",
      "cost": 11.99061669252514
    },
    {
      "u": "V5",
      "v": "V1",
      "cost": 6.235108058187697
    },
    {
      "u": "V5",
      "v": "V2",
      "cost": 2.7696795542046426
    },
    {
      "u": "V5",
      "v": "V3",
      "cost": 10.166361056077335
    },
    {
      "u": "V5",
      "v": "V4",
      "cost": 3.464900808792774
    },
    {
      "u": "V5",
      "v": "V6",
      "cost": 6.705307754253036
    },
    {
      "u": "V5",
      "v": "V7",
      "cost": 8.640520744769253
    },
    {
      "u": "V5",
      "v": "V8",
      "cost": 4.682387005143588
    },
    {
      "u": "V5",
      "v": "V9",
      "cost": 5.905159290916819
    },
    {
      "u": "V5",
      "v": "V10",
      "cost": 9.779694323423342
    },
    {
      "u": "V5",
      "v": "V11",
      "cost": 8.221714682222844
    },
    {
      "u": "V5",
      "v": "V12",
      "cost": 7.948912988462949
    },
    {
      "u": "V5",
      "v": "V13",
      "cost": 7.720459245415152
    },
    {
      "u": "V5",
      "v": "V14",
      "cost": 1.613869499002055
    },
    {
      "u": "V6",
      "v": "D1",
      "cost": 3.843112974108387
    },
    {
      "u": "V6",
      "v": "D2",
      "cost": 7.3021497420187265
    },
    {
      "u": "V6",
      "v": "D3",
      "cost": 3.2468103346063497
    },
    {
      "u": "V6",
      "v": "D4",
      "cost": 7.010371817214995
    },
    {
      "u": "V6",
      "v": "V1",
      "cost": 2.7885075470519007
    },
    {
      "u": "V6",
      "v": "V2",
      "cost": 7.841413537305988
    },
    {
      "u": "V6",
      "v": "V3",
      "cost": 5.6962190740820695
    },
    {
      "u": "V6",
      "v": "V4",
      "cost": 6.677323947391441
    },
    {
      "u": "V6",
      "v": "V5",
      "cost": 6.705307754253036
    },
    {
      "u": "V6",
      "v": "V7",
      "cost": 6.450176745526831
    },
    {
      "u": "V6",
      "v": "V8",
      "cost": 2.650849609458255
    },
    {
      "u": "V6",
      "v": "V9",
      "cost": 1.1930569542126093
    },
    {
      "u": "V6",
      "v": "V10",
      "cost": 7.841904168905859
    },
    {
      "u": "V6",
      "v": "V11",
      "cost": 3.239580803901349
    },
    {
      "u": "V6",
      "v": "V12",
      "cost": 7.677826093792118
    },
    {
      "u": "V6",
      "v": "V13",
      "cost": 1.1142505666249862
    },
    {
      "u": "V6",
      "v": "V14",
      "cost": 5.1669520959505
    },
    {
      "u": "V7",
      "v": "D1",
      "cost": 10.145407953495482
    },
    {
      "u": "V7",
      "v": "D2",
      "cost": 9.788332109512922
    },
    {
      "u": "V7",
      "v": "D3",
      "cost": 9.337905619140384
    },
    {
      "u": "V7",
      "v": "D4",
      "cost": 4.6122805052619364
    },
    {
      "u": "V7",
      "v": "V1",
      "cost": 3.8016632434420274
    },
    {
      "u": "V7",
      "v": "V2",
      "cost": 7.459450902075372
    },
    {
      "u": "V7",
      "v": "V3",
      "cost": 3.00516874090436
    },
    {
      "u": "V7",
      "v": "V4",
      "cost": 5.766349821018479
    },
    {
      "u": "V7",
      "v": "V5",
      "cost": 8.640520744769253
    },
    {
      "u": "V7",
      "v": "V6",
      "cost": 6.450176745526831
    },
    {
      "u": "V7",
      "v": "V8",
      "cost": 5.154984413607665
    },
    {
      "u": "V7",
      "v": "V9",
      "cost": 7.2172540408084425
    },
    {
      "u": "V7",
      "v": "V10",
      "cost": 1.413912667385159
    },
    {
      "u": "V7",
      "v": "V11",
      "cost": 3.7366435211206355
    },
    {
      "u": "V7",
      "v": "V12",
      "cost": 2.2488112480668803
    },
    {
      "u": "V7",
      "v": "V13",
      "cost": 7.135558343061609
    },
    {
      "u": "V7",
      "v": "V14",
      "cost": 7.327379784010496
    },
    {
      "u": "V8",
      "v": "D1",
      "cost": 5.365117798105101
    },
    {
      "u": "V8",
      "v": "D2",
      "cost": 5.56784022612537
    },
    {
      "u": "V8",
      "v": "D3",
      "cost": 5.836245188935418
    },
    {
      "u": "V8",
      "v": "D4",
      "cost": 7.479050774267706
    },
    {
      "u": "V8",
      "v": "V1",
      "cost": 1.6854656050917518
    },
    {
      "u": "V8",
      "v": "V2",
      "cost": 5.280145586384019
    },
    {
      "u": "V8",
      "v": "V3",
      "cost": 5.743644136068554
    },
    {
      "u": "V8",
      "v": "V4",
      "cost": 4.029848854727154
    },
    {
      "u": "V8",
      "v": "V5",
      "cost": 4.682387005143588
    },
    {
      "u": "V8",
      "v": "V6",
      "cost": 2.650849609458255
    },
    {
      "u": "V8",
      "v": "V7",
      "cost": 5.154984413607665
    },
    {
      "u": "V8",
      "v": "V9",
      "cost": 2.6353541998108327
    },
    {
      "u": "V8",
      "v": "V10",
      "cost": 6.54492245075333
    },
    {
      "u": "V8",
      "v": "V11",
      "cost": 3.574857759362974
    },
    {
      "u": "V8",
      "v": "V12",
      "cost": 5.6927797668336275
    },
    {
      "u": "V8",
      "v": "V13",
      "cost": 3.7607797733314516
    },
    {
      "u": "V8",
      "v": "V14",
      "cost": 3.0703496430266934
    },
    {
      "u": "V9",
      "v": "D1",
      "cost": 2.928299668929631
    },
    {
      "u": "V9",
      "v": "D2",
      "cost": 6.369024331290364
    },
    {
      "u": "V9",
      "v": "D3",
      "cost": 3.402538764581769
    },
    {
      "u": "V9",
      "v": "D4",
      "cost": 8.172516882084
    },
    {
      "u": "V9",
      "v": "V1",
      "cost": 3.4227976174390116
    },
    {
      "u": "V9",
      "v": "V2",
      "cost": 7.397314707793087
    },
    {
      "u": "V9",
      "v": "V3",
      "cost": 6.787427422603704
    },
    {
      "u": "V9",
      "v": "V4",
      "cost": 6.4509568186926405
    },
    {
      "u": "V9",
      "v": "V5",
      "cost": 5.905159290916819
    },
    {
      "u": "V9",
      "v": "V6",
      "cost": 1.1930569542126093
    },
    {
      "u": "V9",
      "v": "V7",
      "cost": 7.2172540408084425
    },
    {
      "u": "V9",
      "v": "V8",
      "cost": 2.6353541998108327
    },
    {
      "u": "V9",
      "v": "V10",
      "cost": 8.628913019571087
    },
    {
      "u": "V9",
      "v": "V11",
      "cost": 4.315830038653907
    },
    {
      "u": "V9",
      "v": "V12",
      "cost": 8.175672739297838
    },
    {
      "u": "V9",
      "v": "V13",
      "cost": 1.8880556315175092
    },
    {
      "u": "V9",
      "v": "V14",
      "cost": 4.4708065898868865
    },
    {
      "u": "V10",
      "v": "D1",
      "cost": 11.556686401970246
    },
    {
      "u": "V10",
      "v": "D2",
      "cost": 10.950304161314328
    },
    {
      "u": "V10",
      "v": "D3",
      "cost": 10.66047265511097
    },
    {
      "u": "V10",
      "v": "D4",
      "cost": 4.874048600628506
    },
    {
      "u": "V10",
      "v": "V1",
      "cost": 5.215382656255271
    },
    {
      "u": "V10",
      "v": "V2",
      "cost": 8.315119773151256
    },
    {
      "u": "V10",
      "v": "V3",
      "cost": 3.6716816299777575
    },
    {
      "u": "V10",
      "v": "V4",
      "cost": 6.682503033282869
    },
    {
      "u": "V10",
      "v": "V5",
      "cost": 9.779694323423342
    },
    {
      "u": "V10",
      "v": "V6",
      "cost": 7.841904168905859
    },
    {
      "u": "V10",
      "v": "V7",
      "cost": 1.413912667385159
    },
    {
      "u": "V10",
      "v": "V8",
      "cost": 6.54492245075333
    },
    {
      "u": "V10",
      "v": "V9",
      "cost": 8.628913019571087
    },
    {
      "u": "V10",
      "v": "V11",
      "cost": 4.992416769677023
    },
    {
      "u": "V10",
      "v": "V12",
      "cost": 2.352654126047965
    },
    {
      "u": "V10",
      "v": "V13",
      "cost": 8.487332027791824
    },
    {
      "u": "V10",
      "v": "V14",
      "cost": 8.556434850749765
    },
    {
      "u": "V11",
      "v": "D1",
      "cost": 7.078347031945973
    },
    {
      "u": "V11",
      "v": "D2",
      "cost": 9.141650338026913
    },
    {
      "u": "V11",
      "v": "D3",
      "cost": 5.691297571710294
    },
    {
      "u": "V11",
      "v": "D4",
      "cost": 3.9882061948945267
    },
    {
      "u": "V11",
      "v": "V1",
      "cost": 2.007512952664634
    },
    {
      "u": "V11",
      "v": "V2",
      "cost": 8.281629441892651
    },
    {
      "u": "V11",
      "v": "V3",
      "cost": 2.4716554900632057
    },
    {
      "u": "V11",
      "v": "V4",
      "cost": 6.691374939399028
    },
    {
      "u": "V11",
      "v": "V5",
      "cost": 8.221714682222844
    },
    {
      "u": "V11",
      "v": "V6",
      "cost": 3.239580803901349
    },
    {
      "u": "V11",
      "v": "V7",
      "cost": 3.7366435211206355
    },
    {
      "u": "V11",
      "v": "V8",
      "cost": 3.574857759362974
    },
    {
      "u": "V11",
      "v": "V9",
      "cost": 4.315830038653907
    },
    {
      "u": "V11",
      "v": "V10",
      "cost": 4.992416769677023
    },
    {
      "u": "V11",
      "v": "V12",
      "cost": 5.574324999282235
    },
    {
      "u": "V11",
      "v": "V13",
      "cost": 3.604415752649531
    },
    {
      "u": "V11",
      "v": "V14",
      "cost": 6.6221822713710425
    },
    {
      "u": "V12",
      "v": "D1",
      "cost": 11.034694518356808
    },
    {
      "u": "V12",
      "v": "D2",
      "cost": 9.139836017545642
    },
    {
      "u": "V12",
      "v": "D3",
      "cost": 10.814747717903316
    },
    {
      "u": "V12",
      "v": "D4",
      "cost": 6.829534084394294
    },
    {
      "u": "V12",
      "v": "V1",
      "cost": 4.890907160269325
    },
    {
      "u": "V12",
      "v": "V2",
      "cost": 6.145369528702064
    },
    {
      "u": "V12",
      "v": "V3",
      "cost": 5.252306718009128
    },
    {
      "u": "V12",
      "v": "V4",
      "cost": 4.617000025244215
    },
    {
      "u": "V12",
      "v": "V5",
      "cost": 7.948912988462949
    },
    {
      "u": "V12",
      "v": "V6",
      "cost": 7.677826093792118
    },
    {
      "u": "V12",
      "v": "V7",
      "cost": 2.2488112480668803
    },
    {
      "u": "V12",
      "v": "V8",
      "cost": 5.6927797668336275
    },
    {
      "u": "V12",
      "v": "V9",
      "cost": 8.175672739297838
    },
    {
      "u": "V12",
      "v": "V10",
      "cost": 2.352654126047965
    },
    {
      "u": "V12",
      "v": "V11",
      "cost": 5.574324999282235
    },
    {
      "u": "V12",
      "v": "V13",
      "cost": 8.556219696592324
    },
    {
      "u": "V12",
      "v": "V14",
      "cost": 6.952513982567163
    },
    {
      "u": "V13",
      "v": "D1",
      "cost": 3.7326726379267328
    },
    {
      "u": "V13",
      "v": "D2",
      "cost": 8.242746725888386
    },
    {
      "u": "V13",
      "v": "D3",
      "cost": 2.259631391616636
    },
    {
      "u": "V13",
      "v": "D4",
      "cost": 6.989187343216115
    },
    {
      "u": "V13",
      "v": "V1",
      "cost": 3.692575663889708
    },
    {
      "u": "V13",
      "v": "V2",
      "cost": 8.949992779214922
    },
    {
      "u": "V13",
      "v": "V3",
      "cost": 5.924536188251644
    },
    {
      "u": "V13",
      "v": "V4",
      "cost": 7.7895093682719425
    },
    {
      "u": "V13",
      "v": "V5",
      "cost": 7.720459245415152
    },
    {
      "u": "V13",
      "v": "V6",
      "cost": 1.1142505666249862
    },
    {
      "u": "V13",
      "v": "V7",
      "cost": 7.135558343061609
    },
    {
      "u": "V13",
      "v": "V8",
      "cost": 3.7607797733314516
    },
    {
      "u": "V13",
      "v": "V9",
      "cost": 1.8880556315175092
    },
    {
      "u": "V13",
      "v": "V10",
      "cost": 8.487332027791824
    },
    {
      "u": "V13",
      "v": "V11",
      "cost": 3.604415752649531
    },
    {
      "u": "V13",
      "v": "V12",
      "cost": 8.556219696592324
    },
    {
      "u": "V13",
      "v": "V14",
      "cost": 6.2171519399999315
    },
    {
      "u": "V14",
      "v": "D1",
      "cost": 6.026561425818989
    },
    {
      "u": "V14",
      "v": "D2",
      "cost": 2.559914262281705
    },
    {
      "u": "V14",
      "v": "D3",
      "cost": 7.830493778614415
    },
    {
      "u": "V14",
      "v": "D4",
      "cost": 10.43506212647176
    },
    {
      "u": "V14",
      "v": "V1",
      "cost": 4.6489663935229855
    },
    {
      "u": "V14",
      "v": "V2",
      "cost": 3.1668255232737503
    },
    {
      "u": "V14",
      "v": "V3",
      "cost": 8.630439621720658
    },
    {
      "u": "V14",
      "v": "V4",
      "cost": 2.979747435969805
    },
    {
      "u": "V14",
      "v": "V5",
      "cost": 1.613869499002055
    },
    {
      "u": "V14",
      "v": "V6",
      "cost": 5.1669520959505
    },
    {
      "u": "V14",
      "v": "V7",
      "cost": 7.327379784010496
    },
    {
      "u": "V14",
      "v": "V8",
      "cost": 3.0703496430266934
    },
    {
      "u": "V14",
      "v": "V9",
      "cost": 4.4708065898868865
    },
    {
      "u": "V14",
      "v": "V10",
      "cost": 8.556434850749765
    },
    {
      "u": "V14",
      "v": "V11",
      "cost": 6.6221822713710425
    },
    {
      "u": "V14",
      "v": "V12",
      "cost": 6.952513982567163
    },
    {
      "u": "V14",
      "v": "V13",
      "cost": 6.2171519399999315
    }
  ],
  "number_of_uav": null
}