{
  "n_center": 4,
  "n_community": 14,
  "n_warehouse": 6,
  "set_F": [
    "F1",
    "F2",
    "F3",
    "F4",
    "F5",
    "F6"
  ],
  "set_D": [
    "D1",
    "D2",
    "D3",
    "D4"
  ],
  "set_V": [
    "V1",
    "V2",
    "V3",
    "V4",
    "V5",
    "V6",
    "V7",
    "V8",
    "V9",
    "V10",
    "V11",
    "V12",
    "V13",
    "V14"
  ],
  "set_A": [
    "('F1', 'D1')",
    "('F1', 'D2')",
    "('F1', 'D3')",
    "('F1', 'D4')",
    "('F2', 'D1')",
    "('F2', 'D2')",
    "('F2', 'D3')",
    "('F2', 'D4')",
    "('F3', 'D1')",
    "('F3', 'D2')",
    "('F3', 'D3')",
    "('F3', 'D4')",
    "('F4', 'D1')",
    "('F4', 'D2')",
    "('F4', 'D3')",
    "('F4', 'D4')",
    "('F5', 'D1')",
    "('F5', 'D2')",
    "('F5', 'D3')",
    "('F5', 'D4')",
    "('F6', 'D1')",
    "('F6', 'D2')",
    "('F6', 'D3')",
    "('F6', 'D4')",
    "('D1', 'D2')",
    "('D1', 'D3')",
    "('D1', 'D4')",
    "('D1', 'V1')",
    "('D1', 'V2')",
    "('D1', 'V3')",
    "('D1', 'V4')",
    "('D1', 'V5')",
    "('D1', 'V6')",
    "('D1', 'V7')",
    "('D1', 'V8')",
    "('D1', 'V9')",
    "('D1', 'V10')",
    "('D1', 'V11')",
    "('D1', 'V12')",
    "('D1', 'V13')",
    "('D1', 'V14')",
    "('D2', 'D1')",
    "('D2', 'D3')",
    "('D2', 'D4')",
    "('D2', 'V1')",
    "('D2', 'V2')",
    "('D2', 'V3')",
    "('D2', 'V4')",
    "('D2', 'V5')",
    "('D2', 'V6')",
    "('D2', 'V7')",
    "('D2', 'V8')",
    "('D2', 'V9')",
    "('D2', 'V10')",
    "('D2', 'V11')",
    "('D2', 'V12')",
    "('D2', 'V13')",
    "('D2', 'V14')",
    "('D3', 'D1')",
    "('D3', 'D2')",
    "('D3', 'D4')",
    "('D3', 'V1')",
    "('D3', 'V2')",
    "('D3', 'V3')",
    "('D3', 'V4')",
    "('D3', 'V5')",
    "('D3', 'V6')",
    "('D3', 'V7')",
    "('D3', 'V8')",
    "('D3', 'V9')",
    "('D3', 'V10')",
    "('D3', 'V11')",
    "('D3', 'V12')",
    "('D3', 'V13')",
    "('D3', 'V14')",
    "('D4', 'D1')",
    "('D4', 'D2')",
    "('D4', 'D3')",
    "('D4', 'V1')",
    "('D4', 'V2')",
    "('D4', 'V3')",
    "('D4', 'V4')",
    "('D4', 'V5')",
    "('D4', 'V6')",
    "('D4', 'V7')",
    "('D4', 'V8')",
    "('D4', 'V9')",
    "('D4', 'V10')",
    "('D4', 'V11')",
    "('D4', 'V12')",
    "('D4', 'V13')",
    "('D4', 'V14')",
    "('V1', 'D1')",
    "('V1', 'D2')",
    "('V1', 'D3')",
    "('V1', 'D4')",
    "('V1', 'V2')",
    "('V1', 'V3')",
    "('V1', 'V4')",
    "('V1', 'V5')",
    "('V1', 'V6')",
    "('V1', 'V7')",
    "('V1', 'V8')",
    "('V1', 'V9')",
    "('V1', 'V10')",
    "('V1', 'V11')",
    "('V1', 'V12')",
    "('V1', 'V13')",
    "('V1', 'V14')",
    "('V2', 'D1')",
    "('V2', 'D2')",
    "('V2', 'D3')",
    "('V2', 'D4')",
    "('V2', 'V1')",
    "('V2', 'V3')",
    "('V2', 'V4')",
    "('V2', 'V5')",
    "('V2', 'V6')",
    "('V2', 'V7')",
    "('V2', 'V8')",
    "('V2', 'V9')",
    "('V2', 'V10')",
    "('V2', 'V11')",
    "('V2', 'V12')",
    "('V2', 'V13')",
    "('V2', 'V14')",
    "('V3', 'D1')",
    "('V3', 'D2')",
    "('V3', 'D3')",
    "('V3', 'D4')",
    "('V3', 'V1')",
    "('V3', 'V2')",
    "('V3', 'V4')",
    "('V3', 'V5')",
    "('V3', 'V6')",
    "('V3', 'V7')",
    "('V3', 'V8')",
    "('V3', 'V9')",
    "('V3', 'V10')",
    "('V3', 'V11')",
    "('V3', 'V12')",
    "('V3', 'V13')",
    "('V3', 'V14')",
    "('V4', 'D1')",
    "('V4', 'D2')",
    "('V4', 'D3')",
    "('V4', 'D4')",
    "('V4', 'V1')",
    "('V4', 'V2')",
    "('V4', 'V3')",
    "('V4', 'V5')",
    "('V4', 'V6')",
    "('V4', 'V7')",
    "('V4', 'V8')",
    "('V4', 'V9')",
    "('V4', 'V10')",
    "('V4', 'V11')",
    "('V4', 'V12')",
    "('V4', 'V13')",
    "('V4', 'V14')",
    "('V5', 'D1')",
    "('V5', 'D2')",
    "('V5', 'D3')",
    "('V5', 'D4')",
    "('V5', 'V1')",
    "('V5', 'V2')",
    "('V5', 'V3')",
    "('V5', 'V4')",
    "('V5', 'V6')",
    "('V5', 'V7')",
    "('V5', 'V8')",
    "('V5', 'V9')",
    "('V5', 'V10')",
    "('V5', 'V11')",
    "('V5', 'V12')",
    "('V5', 'V13')",
    "('V5', 'V14')",
    "('V6', 'D1')",
    "('V6', 'D2')",
    "('V6', 'D3')",
    "('V6', 'D4')",
    "('V6', 'V1')",
    "('V6', 'V2')",
    "('V6', 'V3')",
    "('V6', 'V4')",
    "('V6', 'V5')",
    "('V6', 'V7')",
    "('V6', 'V8')",
    "('V6', 'V9')",
    "('V6', 'V10')",
    "('V6', 'V11')",
    "('V6', 'V12')",
    "('V6', 'V13')",
    "('V6', 'V14')",
    "('V7', 'D1')",
    "('V7', 'D2')",
    "('V7', 'D3')",
    "('V7', 'D4')",
    "('V7', 'V1')",
    "('V7', 'V2')",
    "('V7', 'V3')",
    "('V7', 'V4')",
    "('V7', 'V5')",
    "('V7', 'V6')",
    "('V7', 'V8')",
    "('V7', 'V9')",
    "('V7', 'V10')",
    "('V7', 'V11')",
    "('V7', 'V12')",
    "('V7', 'V13')",
    "('V7', 'V14')",
    "('V8', 'D1')",
    "('V8', 'D2')",
    "('V8', 'D3')",
    "('V8', 'D4')",
    "('V8', 'V1')",
    "('V8', 'V2')",
    "('V8', 'V3')",
    "('V8', 'V4')",
    "('V8', 'V5')",
    "('V8', 'V6')",
    "('V8', 'V7')",
    "('V8', 'V9')",
    "('V8', 'V10')",
    "('V8', 'V11')",
    "('V8', 'V12')",
    "('V8', 'V13')",
    "('V8', 'V14')",
    "('V9', 'D1')",
    "('V9', 'D2')",
    "('V9', 'D3')",
    "('V9', 'D4')",
    "('V9', 'V1')",
    "('V9', 'V2')",
    "('V9', 'V3')",
    "('V9', 'V4')",
    "('V9', 'V5')",
    "('V9', 'V6')",
    "('V9', 'V7')",
    "('V9', 'V8')",
    "('V9', 'V10')",
    "('V9', 'V11')",
    "('V9', 'V12')",
    "('V9', 'V13')",
    "('V9', 'V14')",
    "('V10', 'D1')",
    "('V10', 'D2')",
    "('V10', 'D3')",
    "('V10', 'D4')",
    "('V10', 'V1')",
    "('V10', 'V2')",
    "('V10', 'V3')",
    "('V10', 'V4')",
    "('V10', 'V5')",
    "('V10', 'V6')",
    "('V10', 'V7')",
    "('V10', 'V8')",
    "('V10', 'V9')",
    "('V10', 'V11')",
    "('V10', 'V12')",
    "('V10', 'V13')",
    "('V10', 'V14')",
    "('V11', 'D1')",
    "('V11', 'D2')",
    "('V11', 'D3')",
    "('V11', 'D4')",
    "('V11', 'V1')",
    "('V11', 'V2')",
    "('V11', 'V3')",
    "('V11', 'V4')",
    "('V11', 'V5')",
    "('V11', 'V6')",
    "('V11', 'V7')",
    "('V11', 'V8')",
    "('V11', 'V9')",
    "('V11', 'V10')",
    "('V11', 'V12')",
    "('V11', 'V13')",
    "('V11', 'V14')",
    "('V12', 'D1')",
    "('V12', 'D2')",
    "('V12', 'D3')",
    "('V12', 'D4')",
    "('V12', 'V1')",
    "('V12', 'V2')",
    "('V12', 'V3')",
    "('V12', 'V4')",
    "('V12', 'V5')",
    "('V12', 'V6')",
    "('V12', 'V7')",
    "('V12', 'V8')",
    "('V12', 'V9')",
    "('V12', 'V10')",
    "('V12', 'V11')",
    "('V12', 'V13')",
    "('V12', 'V14')",
    "('V13', 'D1')",
    "('V13', 'D2')",
    "('V13', 'D3')",
    "('V13', 'D4')",
    "('V13', 'V1')",
    "('V13', 'V2')",
    "('V13', 'V3')",
    "('V13', 'V4')",
    "('V13', 'V5')",
    "('V13', 'V6')",
    "('V13', 'V7')",
    "('V13', 'V8')",
    "('V13', 'V9')",
    "('V13', 'V10')",
    "('V13', 'V11')",
    "('V13', 'V12')",
    "('V13', 'V14')",
    "('V14', 'D1')",
    "('V14', 'D2')",
    "('V14', 'D3')",
    "('V14', 'D4')",
    "('V14', 'V1')",
    "('V14', 'V2')",
    "('V14', 'V3')",
    "('V14', 'V4')",
    "('V14', 'V5')",
    "('V14', 'V6')",
    "('V14', 'V7')",
    "('V14', 'V8')",
    "('V14', 'V9')",
    "('V14', 'V10')",
    "('V14', 'V11')",
    "('V14', 'V12')",
    "('V14', 'V13')"
  ],
  "set_L": [
    "L1",
    "L2",
    "L3",
    "L4",
    "L5"
  ],
  "set_T": [
    "T1",
    "T2",
    "T3",
    "T4",
    "T5",
    "T6",
    "T7",
    "T8"
  ],
  "set_U": [
    "U1",
    "U2",
    "U3",
    "U4",
    "U5",
    "U6",
    "U7",
    "U8",
    "U9",
    "U10",
    "U11",
    "U12",
    "U13",
    "U14"
  ],
  "par_d": {
    "V1": 27,
    "V2": 35,
    "V3": 38,
    "V4": 27,
    "V5": 21,
    "V6": 37,
    "V7": 8,
    "V8": 23,
    "V9": 30,
    "V10": 26,
    "V11": 37,
    "V12": 22,
    "V13": 37,
    "V14": 7
  },
  "par_r": 158,
  "par_n": 250,
  "par_h": 50,
  "par_m": 180,
  "par_v": 24,
  "par_l": {
    "L1": 96,
    "L2": 108,
    "L3": 144,
    "L4": 156,
    "L5": 168
  },
  "par_f": {
    "D1": 79.0,
    "D2": 94.0,
    "D3": 91.0,
    "D4": 90.0
  },
  "par_o_items": [
    {
      "j": "D1",
      "l": "L1",
      "value": 36.0
    },
    {
      "j": "D1",
      "l": "L2",
      "value": 41.0
    },
    {
      "j": "D1",
      "l": "L3",
      "value": 53.0
    },
    {
      "j": "D1",
      "l": "L4",
      "value": 56.0
    },
    {
      "j": "D1",
      "l": "L5",
      "value": 60.0
    },
    {
      "j": "D2",
      "l": "L1",
      "value": 36.0
    },
    {
      "j": "D2",
      "l": "L2",
      "value": 41.0
    },
    {
      "j": "D2",
      "l": "L3",
      "value": 53.0
    },
    {
      "j": "D2",
      "l": "L4",
      "value": 56.0
    },
    {
      "j": "D2",
      "l": "L5",
      "value": 60.0
    },
    {
      "j": "D3",
      "l": "L1",
      "value": 36.0
    },
    {
      "j": "D3",
      "l": "L2",
      "value": 41.0
    },
    {
      "j": "D3",
      "l": "L3",
      "value": 53.0
    },
    {
      "j": "D3",
      "l": "L4",
      "value": 56.0
    },
    {
      "j": "D3",
      "l": "L5",
      "value": 60.0
    },
    {
      "j": "D4",
      "l": "L1",
      "value": 36.0
    },
    {
      "j": "D4",
      "l": "L2",
      "value": 41.0
    },
    {
      "j": "D4",
      "l": "L3",
      "value": 53.0
    },
    {
      "j": "D4",
      "l": "L4",
      "value": 56.0
    },
    {
      "j": "D4",
      "l": "L5",
      "value": 60.0
    }
  ],
  "par_s_items": [
    {
      "j": "D1",
      "l": "L1",
      "value": 96.0
    },
    {
      "j": "D1",
      "l": "L2",
      "value": 108.0
    },
    {
      "j": "D1",
      "l": "L3",
      "value": 144.0
    },
    {
      "j": "D1",
      "l": "L4",
      "value": 156.0
    },
    {
      "j": "D1",
      "l": "L5",
      "value": 168.0
    },
    {
      "j": "D2",
      "l": "L1",
      "value": 96.0
    },
    {
      "j": "D2",
      "l": "L2",
      "value": 108.0
    },
    {
      "j": "D2",
      "l": "L3",
      "value": 144.0
    },
    {
      "j": "D2",
      "l": "L4",
      "value": 156.0
    },
    {
      "j": "D2",
      "l": "L5",
      "value": 168.0
    },
    {
      "j": "D3",
      "l": "L1",
      "value": 96.0
    },
    {
      "j": "D3",
      "l": "L2",
      "value": 108.0
    },
    {
      "j": "D3",
      "l": "L3",
      "value": 144.0
    },
    {
      "j": "D3",
      "l": "L4",
      "value": 156.0
    },
    {
      "j": "D3",
      "l": "L5",
      "value": 168.0
    },
    {
      "j": "D4",
      "l": "L1",
      "value": 96.0
    },
    {
      "j": "D4",
      "l": "L2",
      "value": 108.0
    },
    {
      "j": "D4",
      "l": "L3",
      "value": 144.0
    },
    {
      "j": "D4",
      "l": "L4",
      "value": 156.0
    },
    {
      "j": "D4",
      "l": "L5",
      "value": 168.0
    }
  ],
  "par_t": 375.0,
  "par_c": {
    "('F1', 'D1')": 10.639494694017056,
    "('F1', 'D2')": 11.958339812223194,
    "('F1', 'D3')": 18.097149909837054,
    "('F1', 'D4')": 13.952446373457958,
    "('F2', 'D1')": 21.345202853781913,
    "('F2', 'D2')": 20.64084657476587,
    "('F2', 'D3')": 14.271649689857663,
    "('F2', 'D4')": 16.479980944241248,
    "('F3', 'D1')": 19.606506959020777,
    "('F3', 'D2')": 20.199318874013528,
    "('F3', 'D3')": 20.175104156500787,
    "('F3', 'D4')": 7.913810849682157,
    "('F4', 'D1')": 17.97380206474302,
    "('F4', 'D2')": 18.88323256204804,
    "('F4', 'D3')": 20.877083691335134,
    "('F4', 'D4')": 8.823699796984052,
    "('F5', 'D1')": 12.582377905682977,
    "('F5', 'D2')": 11.271890185100402,
    "('F5', 'D3')": 8.116477761370637,
    "('F5', 'D4')": 20.506234362663868,
    "('F6', 'D1')": 9.308556265776064,
    "('F6', 'D2')": 10.375361088404526,
    "('F6', 'D3')": 17.40082503246454,
    "('F6', 'D4')": 17.75268620637449,
    "('D1', 'D2')": 1.3196475744482192,
    "('D1', 'D3')": 8.112957548089412,
    "('D1', 'D4')": 12.031509367929658,
    "('D1', 'V1')": 1.4756121326694152,
    "('D1', 'V2')": 5.0739104127153345,
    "('D1', 'V3')": 2.955483499961849,
    "('D1', 'V4')": 9.876928576074926,
    "('D1', 'V5')": 7.380957693086139,
    "('D1', 'V6')": 10.533192155641176,
    "('D1', 'V7')": 2.697858466911844,
    "('D1', 'V8')": 8.913862848801985,
    "('D1', 'V9')": 5.287390223994928,
    "('D1', 'V10')": 11.01807928755492,
    "('D1', 'V11')": 6.441475463676974,
    "('D1', 'V12')": 3.2699873913587645,
    "('D1', 'V13')": 3.941533829423685,
    "('D1', 'V14')": 11.813848378931697,
    "('D2', 'D1')": 1.3196475744482192,
    "('D2', 'D3')": 7.039921991443389,
    "('D2', 'D4')": 12.469170210958067,
    "('D2', 'V1')": 2.288241463614607,
    "('D2', 'V2')": 4.394795069386676,
    "('D2', 'V3')": 3.805146508648234,
    "('D2', 'V4')": 9.152451493946277,
    "('D2', 'V5')": 7.382167923780141,
    "('D2', 'V6')": 11.017023973063349,
    "('D2', 'V7')": 2.5787639194940555,
    "('D2', 'V8')": 9.094407924791886,
    "('D2', 'V9')": 4.2169181812304215,
    "('D2', 'V10')": 11.309153227158777,
    "('D2', 'V11')": 6.009067891020327,
    "('D2', 'V12')": 2.409827323008476,
    "('D2', 'V13')": 3.936509894020669,
    "('D2', 'V14')": 11.791161448823667,
    "('D3', 'D1')": 8.112957548089412,
    "('D3', 'D2')": 7.039921991443389,
    "('D3', 'D4')": 12.473755501533445,
    "('D3', 'V1')": 7.912207672791624,
    "('D3', 'V2')": 3.7428940733370406,
    "('D3', 'V3')": 8.541268878720725,
    "('D3', 'V4')": 3.6619858547434276,
    "('D3', 'V5')": 6.840274144910364,
    "('D3', 'V6')": 11.564404764043552,
    "('D3', 'V7')": 6.204509494998635,
    "('D3', 'V8')": 8.655459796911357,
    "('D3', 'V9')": 2.830237245980023,
    "('D3', 'V10')": 10.78406838161071,
    "('D3', 'V11')": 4.370088544966282,
    "('D3', 'V12')": 4.884205126927762,
    "('D3', 'V13')": 6.16671301316386,
    "('D3', 'V14')": 9.491539706898346,
    "('D4', 'D1')": 12.031509367929658,
    "('D4', 'D2')": 12.469170210958067,
    "('D4', 'D3')": 12.473755501533445,
    "('D4', 'V1')": 10.558749410778885,
    "('D4', 'V2')": 9.939714205238465,
    "('D4', 'V3')": 9.199033016790294,
    "('D4', 'V4')": 9.962142151528868,
    "('D4', 'V5')": 5.830327352609843,
    "('D4', 'V6')": 1.5383685218818053,
    "('D4', 'V7')": 9.97141834263975,
    "('D4', 'V8')": 3.8741266191331802,
    "('D4', 'V9')": 11.828793016304783,
    "('D4', 'V10')": 1.7352799797441345,
    "('D4', 'V11')": 8.34497156461261,
    "('D4', 'V12')": 11.1440743811173,
    "('D4', 'V13')": 8.675053432424164,
    "('D4', 'V14')": 4.272590714127673,
    "('V1', 'D1')": 1.4756121326694152,
    "('V1', 'D2')": 2.288241463614607,
    "('V1', 'D3')": 7.912207672791624,
    "('V1', 'D4')": 10.558749410778885,
    "('V1', 'V2')": 4.455146231558067,
    "('V1', 'V3')": 1.534075414924641,
    "('V1', 'V4')": 9.141634609495016,
    "('V1', 'V5')": 6.073622958546092,
    "('V1', 'V6')": 9.058218001109001,
    "('V1', 'V7')": 1.8128602609901365,
    "('V1', 'V8')": 7.50718228104066,
    "('V1', 'V9')": 5.19581794751334,
    "('V1', 'V10')": 9.570158198722574,
    "('V1', 'V11')": 5.488308342857732,
    "('V1', 'V12')": 3.0916785257565707,
    "('V1', 'V13')": 2.757061825308827,
    "('V1', 'V14')": 10.482475929300737,
    "('V2', 'D1')": 5.0739104127153345,
    "('V2', 'D2')": 4.394795069386676,
    "('V2', 'D3')": 3.7428940733370406,
    "('V2', 'D4')": 9.939714205238465,
    "('V2', 'V1')": 4.455146231558067,
    "('V2', 'V3')": 4.8453574707866025,
    "('V2', 'V4')": 4.804755321426421,
    "('V2', 'V5')": 4.131979424820077,
    "('V2', 'V6')": 8.753755390587013,
    "('V2', 'V7')": 2.6476475980037453,
    "('V2', 'V8')": 6.10159300082088,
    "('V2', 'V9')": 1.9023191734249094,
    "('V2', 'V10')": 8.421350839719727,
    "('V2', 'V11')": 1.8712546435188113,
    "('V2', 'V12')": 2.01193036227618,
    "('V2', 'V13')": 2.425227656787469,
    "('V2', 'V14')": 8.077522055365318,
    "('V3', 'D1')": 2.955483499961849,
    "('V3', 'D2')": 3.805146508648234,
    "('V3', 'D3')": 8.541268878720725,
    "('V3', 'D4')": 9.199033016790294,
    "('V3', 'V1')": 1.534075414924641,
    "('V3', 'V2')": 4.8453574707866025,
    "('V3', 'V4')": 9.1588486511507,
    "('V3', 'V5')": 5.281554066268228,
    "('V3', 'V6')": 7.677080315818456,
    "('V3', 'V7')": 2.4145476154994214,
    "('V3', 'V8')": 6.428573037647549,
    "('V3', 'V9')": 6.035136232006455,
    "('V3', 'V10')": 8.337853673524306,
    "('V3', 'V11')": 5.361412239492234,
    "('V3', 'V12')": 4.0516862180110005,
    "('V3', 'V13')": 2.5721288758114564,
    "('V3', 'V14')": 9.54687156385239,
    "('V4', 'D1')": 9.876928576074926,
    "('V4', 'D2')": 9.152451493946277,
    "('V4', 'D3')": 3.6619858547434276,
    "('V4', 'D4')": 9.962142151528868,
    "('V4', 'V1')": 9.141634609495016,
    "('V4', 'V2')": 4.804755321426421,
    "('V4', 'V3')": 9.1588486511507,
    "('V4', 'V5')": 5.262490274371357,
    "('V4', 'V6')": 9.405230199739382,
    "('V4', 'V7')": 7.341680660688341,
    "('V4', 'V8')": 6.526666612571165,
    "('V4', 'V9')": 5.359080090801018,
    "('V4', 'V10')": 8.227589629506273,
    "('V4', 'V11')": 3.8056658849788576,
    "('V4', 'V12')": 6.7426642183752445,
    "('V4', 'V13')": 6.597894803069965,
    "('V4', 'V14')": 6.326114638753868,
    "('V5', 'D1')": 7.380957693086139,
    "('V5', 'D2')": 7.382167923780141,
    "('V5', 'D3')": 6.840274144910364,
    "('V5', 'D4')": 5.830327352609843,
    "('V5', 'V1')": 6.073622958546092,
    "('V5', 'V2')": 4.131979424820077,
    "('V5', 'V3')": 5.281554066268228,
    "('V5', 'V4')": 5.262490274371357,
    "('V5', 'V6')": 4.753618484689573,
    "('V5', 'V7')": 4.814195445124092,
    "('V5', 'V8')": 1.970590365384348,
    "('V5', 'V9')": 6.005921512381572,
    "('V5', 'V10')": 4.289938259683923,
    "('V5', 'V11')": 2.539532817017187,
    "('V5', 'V12')": 5.575832219268414,
    "('V5', 'V13')": 3.4687415404528554,
    "('V5', 'V14')": 4.435253597191179,
    "('V6', 'D1')": 10.533192155641176,
    "('V6', 'D2')": 11.017023973063349,
    "('V6', 'D3')": 11.564404764043552,
    "('V6', 'D4')": 1.5383685218818053,
    "('V6', 'V1')": 9.058218001109001,
    "('V6', 'V2')": 8.753755390587013,
    "('V6', 'V3')": 7.677080315818456,
    "('V6', 'V4')": 9.405230199739382,
    "('V6', 'V5')": 4.753618484689573,
    "('V6', 'V7')": 8.55715944530649,
    "('V6', 'V8')": 2.9367194237368017,
    "('V6', 'V9')": 10.655634157019024,
    "('V6', 'V10')": 1.7206628391103689,
    "('V6', 'V11')": 7.2917414951919595,
    "('V6', 'V12')": 9.810477991585401,
    "('V6', 'V13')": 7.294662318171805,
    "('V6', 'V14')": 4.5173697166112445,
    "('V7', 'D1')": 2.697858466911844,
    "('V7', 'D2')": 2.5787639194940555,
    "('V7', 'D3')": 6.204509494998635,
    "('V7', 'D4')": 9.97141834263975,
    "('V7', 'V1')": 1.8128602609901365,
    "('V7', 'V2')": 2.6476475980037453,
    "('V7', 'V3')": 2.4145476154994214,
    "('V7', 'V4')": 7.341680660688341,
    "('V7', 'V5')": 4.814195445124092,
    "('V7', 'V6')": 8.55715944530649,
    "('V7', 'V8')": 6.519329404403916,
    "('V7', 'V9')": 3.6227338495757007,
    "('V7', 'V10')": 8.752592001832866,
    "('V7', 'V11')": 3.763691351448988,
    "('V7', 'V12')": 1.6743754016666292,
    "('V7', 'V13')": 1.3577462543787808,
    "('V7', 'V14')": 9.238325621138156,
    "('V8', 'D1')": 8.913862848801985,
    "('V8', 'D2')": 9.094407924791886,
    "('V8', 'D3')": 8.655459796911357,
    "('V8', 'D4')": 3.8741266191331802,
    "('V8', 'V1')": 7.50718228104066,
    "('V8', 'V2')": 6.10159300082088,
    "('V8', 'V3')": 6.428573037647549,
    "('V8', 'V4')": 6.526666612571165,
    "('V8', 'V5')": 1.970590365384348,
    "('V8', 'V6')": 2.9367194237368017,
    "('V8', 'V7')": 6.519329404403916,
    "('V8', 'V9')": 7.975952525033537,
    "('V8', 'V10')": 2.3262225737269415,
    "('V8', 'V11')": 4.470847443768245,
    "('V8', 'V12')": 7.466864683463508,
    "('V8', 'V13')": 5.164916312356668,
    "('V8', 'V14')": 3.223714180270511,
    "('V9', 'D1')": 5.287390223994928,
    "('V9', 'D2')": 4.2169181812304215,
    "('V9', 'D3')": 2.830237245980023,
    "('V9', 'D4')": 11.828793016304783,
    "('V9', 'V1')": 5.19581794751334,
    "('V9', 'V2')": 1.9023191734249094,
    "('V9', 'V3')": 6.035136232006455,
    "('V9', 'V4')": 5.359080090801018,
    "('V9', 'V5')": 6.005921512381572,
    "('V9', 'V6')": 10.655634157019024,
    "('V9', 'V7')": 3.6227338495757007,
    "('V9', 'V8')": 7.975952525033537,
    "('V9', 'V10')": 10.285965505974128,
    "('V9', 'V11')": 3.5890968936517003,
    "('V9', 'V12')": 2.108834272356346,
    "('V9', 'V13')": 4.003017754803602,
    "('V9', 'V14')": 9.740683350003604,
    "('V10', 'D1')": 11.01807928755492,
    "('V10', 'D2')": 11.309153227158777,
    "('V10', 'D3')": 10.78406838161071,
    "('V10', 'D4')": 1.7352799797441345,
    "('V10', 'V1')": 9.570158198722574,
    "('V10', 'V2')": 8.421350839719727,
    "('V10', 'V3')": 8.337853673524306,
    "('V10', 'V4')": 8.227589629506273,
    "('V10', 'V5')": 4.289938259683923,
    "('V10', 'V6')": 1.7206628391103689,
    "('V10', 'V7')": 8.752592001832866,
    "('V10', 'V8')": 2.3262225737269415,
    "('V10', 'V9')": 10.285965505974128,
    "('V10', 'V11')": 6.744021893736812,
    "('V10', 'V12')": 9.777704012738038,
    "('V10', 'V13')": 7.412530716563628,
    "('V10', 'V14')": 2.817190742201143,
    "('V11', 'D1')": 6.441475463676974,
    "('V11', 'D2')": 6.009067891020327,
    "('V11', 'D3')": 4.370088544966282,
    "('V11', 'D4')": 8.34497156461261,
    "('V11', 'V1')": 5.488308342857732,
    "('V11', 'V2')": 1.8712546435188113,
    "('V11', 'V3')": 5.361412239492234,
    "('V11', 'V4')": 3.8056658849788576,
    "('V11', 'V5')": 2.539532817017187,
    "('V11', 'V6')": 7.2917414951919595,
    "('V11', 'V7')": 3.763691351448988,
    "('V11', 'V8')": 4.470847443768245,
    "('V11', 'V9')": 3.5890968936517003,
    "('V11', 'V10')": 6.744021893736812,
    "('V11', 'V12')": 3.7584056848099983,
    "('V11', 'V13')": 2.821640350621596,
    "('V11', 'V14')": 6.211666984471294,
    "('V12', 'D1')": 3.2699873913587645,
    "('V12', 'D2')": 2.409827323008476,
    "('V12', 'D3')": 4.884205126927762,
    "('V12', 'D4')": 11.1440743811173,
    "('V12', 'V1')": 3.0916785257565707,
    "('V12', 'V2')": 2.01193036227618,
    "('V12', 'V3')": 4.0516862180110005,
    "('V12', 'V4')": 6.7426642183752445,
    "('V12', 'V5')": 5.575832219268414,
    "('V12', 'V6')": 9.810477991585401,
    "('V12', 'V7')": 1.6743754016666292,
    "('V12', 'V8')": 7.466864683463508,
    "('V12', 'V9')": 2.108834272356346,
    "('V12', 'V10')": 9.777704012738038,
    "('V12', 'V11')": 3.7584056848099983,
    "('V12', 'V13')": 2.5632178958339953,
    "('V12', 'V14')": 9.826713816293593,
    "('V13', 'D1')": 3.941533829423685,
    "('V13', 'D2')": 3.936509894020669,
    "('V13', 'D3')": 6.16671301316386,
    "('V13', 'D4')": 8.675053432424164,
    "('V13', 'V1')": 2.757061825308827,
    "('V13', 'V2')": 2.425227656787469,
    "('V13', 'V3')": 2.5721288758114564,
    "('V13', 'V4')": 6.597894803069965,
    "('V13', 'V5')": 3.4687415404528554,
    "('V13', 'V6')": 7.294662318171805,
    "('V13', 'V7')": 1.3577462543787808,
    "('V13', 'V8')": 5.164916312356668,
    "('V13', 'V9')": 4.003017754803602,
    "('V13', 'V10')": 7.412530716563628,
    "('V13', 'V11')": 2.821640350621596,
    "('V13', 'V12')": 2.5632178958339953,
    "('V13', 'V14')": 7.901202728083966,
    "('V14', 'D1')": 11.813848378931697,
    "('V14', 'D2')": 11.791161448823667,
    "('V14', 'D3')": 9.491539706898346,
    "('V14', 'D4')": 4.272590714127673,
    "('V14', 'V1')": 10.482475929300737,
    "('V14', 'V2')": 8.077522055365318,
    "('V14', 'V3')": 9.54687156385239,
    "('V14', 'V4')": 6.326114638753868,
    "('V14', 'V5')": 4.435253597191179,
    "('V14', 'V6')": 4.5173697166112445,
    "('V14', 'V7')": 9.238325621138156,
    "('V14', 'V8')": 3.223714180270511,
    "('V14', 'V9')": 9.740683350003604,
    "('V14', 'V10')": 2.817190742201143,
    "('V14', 'V11')": 6.211666984471294,
    "('V14', 'V12')": 9.826713816293593,
    "('V14', 'V13')": 7.901202728083966
  },
  "par_a": [
    96,
    108,
    144,
    156,
    168
  ],
  "_distance": {
    "('F1', 'F1')": 0.0,
    "('F1', 'F2')": 28.89760361428314,
    "('F1', 'F3')": 18.316751255650836,
    "('F1', 'F4')": 13.810401025446758,
    "('F1', 'F5')": 23.15831439561137,
    "('F1', 'F6')": 6.336149783709195,
    "('F1', 'D1')": 10.639494694017056,
    "('F1', 'D2')": 11.958339812223194,
    "('F1', 'D3')": 18.097149909837054,
    "('F1', 'D4')": 13.952446373457958,
    "('F1', 'V1')": 10.288659687678605,
    "('F1', 'V2')": 14.420281720100137,
    "('F1', 'V3')": 9.5749242567278,
    "('F1', 'V4')": 18.495908299573664,
    "('F1', 'V5')": 13.687488276268471,
    "('F1', 'V6')": 12.72957707870646,
    "('F1', 'V7')": 11.898415882789376,
    "('F1', 'V8')": 13.692643305142088,
    "('F1', 'V9')": 15.470044715966706,
    "('F1', 'V10')": 14.311437036637843,
    "('F1', 'V11')": 14.720681979958357,
    "('F1', 'V12')": 13.376563180801856,
    "('F1', 'V13')": 12.088790243815057,
    "('F1', 'V14')": 16.744530482853783,
    "('F2', 'F1')": 28.89760361428314,
    "('F2', 'F2')": 0.0,
    "('F2', 'F3')": 20.14574114357863,
    "('F2', 'F4')": 24.30622075562205,
    "('F2', 'F5')": 19.155252791329527,
    "('F2', 'F6')": 30.340335081109053,
    "('F2', 'D1')": 21.345202853781913,
    "('F2', 'D2')": 20.64084657476587,
    "('F2', 'D3')": 14.271649689857663,
    "('F2', 'D4')": 16.479980944241248,
    "('F2', 'V1')": 20.502608996999463,
    "('F2', 'V2')": 16.2861990029075,
    "('F2', 'V3')": 20.25635245281476,
    "('F2', 'V4')": 11.49005257695056,
    "('F2', 'V5')": 15.287028498660755,
    "('F2', 'V6')": 17.01658888849891,
    "('F2', 'V7')": 18.743167435990816,
    "('F2', 'V8')": 15.26330553400684,
    "('F2', 'V9')": 16.696597504873093,
    "('F2', 'V10')": 15.298693133056657,
    "('F2', 'V11')": 15.016662072167199,
    "('F2', 'V12')": 18.231519365160853,
    "('F2', 'V13')": 17.813739677965852,
    "('F2', 'V14')": 12.513394950359723,
    "('F3', 'F1')": 18.316751255650836,
    "('F3', 'F2')": 20.14574114357863,
    "('F3', 'F3')": 0.0,
    "('F3', 'F4')": 5.807542136685972,
    "('F3', 'F5')": 28.277389069999792,
    "('F3', 'F6')": 23.57273490270818,
    "('F3', 'D1')": 19.606506959020777,
    "('F3', 'D2')": 20.199318874013528,
    "('F3', 'D3')": 20.175104156500787,
    "('F3', 'D4')": 7.913810849682157,
    "('F3', 'V1')": 18.13750198920623,
    "('F3', 'V2')": 17.848336181073332,
    "('F3', 'V3')": 16.669388507435798,
    "('F3', 'V4')": 17.24590914227355,
    "('F3', 'V5')": 13.725557880046498,
    "('F3', 'V6')": 9.231055519215024,
    "('F3', 'V7')": 17.780319664896407,
    "('F3', 'V8')": 11.756616608431425,
    "('F3', 'V9')": 19.731253233296187,
    "('F3', 'V10')": 9.46633434634002,
    "('F3', 'V11')": 16.2093345972076,
    "('F3', 'V12')": 19.032505384322253,
    "('F3', 'V13')": 16.525691308713878,
    "('F3', 'V14')": 10.930801353684457,
    "('F4', 'F1')": 13.810401025446758,
    "('F4', 'F2')": 24.30622075562205,
    "('F4', 'F3')": 5.807542136685972,
    "('F4', 'F4')": 0.0,
    "('F4', 'F5')": 28.633240750606763,
    "('F4', 'F6')": 19.704915416218935,
    "('F4', 'D1')": 17.97380206474302,
    "('F4', 'D2')": 18.88323256204804,
    "('F4', 'D3')": 20.877083691335134,
    "('F4', 'D4')": 8.823699796984052,
    "('F4', 'V1')": 16.61787951770179,
    "('F4', 'V2')": 17.778426832139214,
    "('F4', 'V3')": 15.085329792244957,
    "('F4', 'V4')": 18.72260450892259,
    "('F4', 'V5')": 14.036896976916852,
    "('F4', 'V6')": 9.364937781273294,
    "('F4', 'V7')": 16.853987155464306,
    "('F4', 'V8')": 12.301055921700579,
    "('F4', 'V9')": 19.653844979059024,
    "('F4', 'V10')": 10.532640849223739,
    "('F4', 'V11')": 16.53666646839573,
    "('F4', 'V12')": 18.393010966716577,
    "('F4', 'V13')": 15.84915334530138,
    "('F4', 'V14')": 12.997156801410533,
    "('F5', 'F1')": 23.15831439561137,
    "('F5', 'F2')": 19.155252791329527,
    "('F5', 'F3')": 28.277389069999792,
    "('F5', 'F4')": 28.633240750606763,
    "('F5', 'F5')": 0.0,
    "('F5', 'F6')": 20.279156342392472,
    "('F5', 'D1')": 12.582377905682977,
    "('F5', 'D2')": 11.271890185100402,
    "('F5', 'D3')": 8.116477761370637,
    "('F5', 'D4')": 20.506234362663868,
    "('F5', 'V1')": 13.299035714953662,
    "('F5', 'V2')": 10.857741389878658,
    "('F5', 'V3')": 14.563150538767252,
    "('F5', 'V4')": 11.443897343951441,
    "('F5', 'V5')": 14.732919749136569,
    "('F5', 'V6')": 19.483090987849074,
    "('F5', 'V7')": 12.258302794791215,
    "('F5', 'V8')": 16.643296370665077,
    "('F5', 'V9')": 9.004329725011821,
    "('F5', 'V10')": 18.847886021709613,
    "('F5', 'V11')": 12.193396726599374,
    "('F5', 'V12')": 10.586966405521748,
    "('F5', 'V13')": 12.955871257503214,
    "('F5', 'V14')": 17.58734907373471,
    "('F6', 'F1')": 6.336149783709195,
    "('F6', 'F2')": 30.340335081109053,
    "('F6', 'F3')": 23.57273490270818,
    "('F6', 'F4')": 19.704915416218935,
    "('F6', 'F5')": 20.279156342392472,
    "('F6', 'F6')": 0.0,
    "('F6', 'D1')": 9.308556265776064,
    "('F6', 'D2')": 10.375361088404526,
    "('F6', 'D3')": 17.40082503246454,
    "('F6', 'D4')": 17.75268620637449,
    "('F6', 'V1')": 9.879152987819058,
    "('F6', 'V2')": 14.284474520686025,
    "('F6', 'V3')": 10.128068310614683,
    "('F6', 'V4')": 19.020320291005298,
    "('F6', 'V5')": 15.350917811049944,
    "('F6', 'V6')": 16.28650332932991,
    "('F6', 'V7')": 11.680813946032353,
    "('F6', 'V8')": 16.142941509472806,
    "('F6', 'V9')": 14.570645442098291,
    "('F6', 'V10')": 17.532876918964092,
    "('F6', 'V11')": 15.334557310891716,
    "('F6', 'V12')": 12.577767503353648,
    "('F6', 'V13')": 12.527003508119517,
    "('F6', 'V14')": 19.365313547340087,
    "('D1', 'F1')": 10.639494694017056,
    "('D1', 'F2')": 21.345202853781913,
    "('D1', 'F3')": 19.606506959020777,
    "('D1', 'F4')": 17.97380206474302,
    "('D1', 'F5')": 12.582377905682977,
    "('D1', 'F6')": 9.308556265776064,
    "('D1', 'D1')": 0.0,
    "('D1', 'D2')": 1.3196475744482192,
    "('D1', 'D3')": 8.112957548089412,
    "('D1', 'D4')": 12.031509367929658,
    "('D1', 'V1')": 1.4756121326694152,
    "('D1', 'V2')": 5.0739104127153345,
    "('D1', 'V3')": 2.955483499961849,
    "('D1', 'V4')": 9.876928576074926,
    "('D1', 'V5')": 7.380957693086139,
    "('D1', 'V6')": 10.533192155641176,
    "('D1', 'V7')": 2.697858466911844,
    "('D1', 'V8')": 8.913862848801985,
    "('D1', 'V9')": 5.287390223994928,
    "('D1', 'V10')": 11.01807928755492,
    "('D1', 'V11')": 6.441475463676974,
    "('D1', 'V12')": 3.2699873913587645,
    "('D1', 'V13')": 3.941533829423685,
    "('D1', 'V14')": 11.813848378931697,
    "('D2', 'F1')": 11.958339812223194,
    "('D2', 'F2')": 20.64084657476587,
    "('D2', 'F3')": 20.199318874013528,
    "('D2', 'F4')": 18.88323256204804,
    "('D2', 'F5')": 11.271890185100402,
    "('D2', 'F6')": 10.375361088404526,
    "('D2', 'D1')": 1.3196475744482192,
    "('D2', 'D2')": 0.0,
    "('D2', 'D3')": 7.039921991443389,
    "('D2', 'D4')": 12.469170210958067,
    "('D2', 'V1')": 2.288241463614607,
    "('D2', 'V2')": 4.394795069386676,
    "('D2', 'V3')": 3.805146508648234,
    "('D2', 'V4')": 9.152451493946277,
    "('D2', 'V5')": 7.382167923780141,
    "('D2', 'V6')": 11.017023973063349,
    "('D2', 'V7')": 2.5787639194940555,
    "('D2', 'V8')": 9.094407924791886,
    "('D2', 'V9')": 4.2169181812304215,
    "('D2', 'V10')": 11.309153227158777,
    "('D2', 'V11')": 6.009067891020327,
    "('D2', 'V12')": 2.409827323008476,
    "('D2', 'V13')": 3.936509894020669,
    "('D2', 'V14')": 11.791161448823667,
    "('D3', 'F1')": 18.097149909837054,
    "('D3', 'F2')": 14.271649689857663,
    "('D3', 'F3')": 20.175104156500787,
    "('D3', 'F4')": 20.877083691335134,
    "('D3', 'F5')": 8.116477761370637,
    "('D3', 'F6')": 17.40082503246454,
    "('D3', 'D1')": 8.112957548089412,
    "('D3', 'D2')": 7.039921991443389,
    "('D3', 'D3')": 0.0,
    "('D3', 'D4')": 12.473755501533445,
    "('D3', 'V1')": 7.912207672791624,
    "('D3', 'V2')": 3.7428940733370406,
    "('D3', 'V3')": 8.541268878720725,
    "('D3', 'V4')": 3.6619858547434276,
    "('D3', 'V5')": 6.840274144910364,
    "('D3', 'V6')": 11.564404764043552,
    "('D3', 'V7')": 6.204509494998635,
    "('D3', 'V8')": 8.655459796911357,
    "('D3', 'V9')": 2.830237245980023,
    "('D3', 'V10')": 10.78406838161071,
    "('D3', 'V11')": 4.370088544966282,
    "('D3', 'V12')": 4.884205126927762,
    "('D3', 'V13')": 6.16671301316386,
    "('D3', 'V14')": 9.491539706898346,
    "('D4', 'F1')": 13.952446373457958,
    "('D4', 'F2')": 16.479980944241248,
    "('D4', 'F3')": 7.913810849682157,
    "('D4', 'F4')": 8.823699796984052,
    "('D4', 'F5')": 20.506234362663868,
    "('D4', 'F6')": 17.75268620637449,
    "('D4', 'D1')": 12.031509367929658,
    "('D4', 'D2')": 12.469170210958067,
    "('D4', 'D3')": 12.473755501533445,
    "('D4', 'D4')": 0.0,
    "('D4', 'V1')": 10.558749410778885,
    "('D4', 'V2')": 9.939714205238465,
    "('D4', 'V3')": 9.199033016790294,
    "('D4', 'V4')": 9.962142151528868,
    "('D4', 'V5')": 5.830327352609843,
    "('D4', 'V6')": 1.5383685218818053,
    "('D4', 'V7')": 9.97141834263975,
    "('D4', 'V8')": 3.8741266191331802,
    "('D4', 'V9')": 11.828793016304783,
    "('D4', 'V10')": 1.7352799797441345,
    "('D4', 'V11')": 8.34497156461261,
    "('D4', 'V12')": 11.1440743811173,
    "('D4', 'V13')": 8.675053432424164,
    "('D4', 'V14')": 4.272590714127673,
    "('V1', 'F1')": 10.288659687678605,
    "('V1', 'F2')": 20.502608996999463,
    "('V1', 'F3')": 18.13750198920623,
    "('V1', 'F4')": 16.61787951770179,
    "('V1', 'F5')": 13.299035714953662,
    "('V1', 'F6')": 9.879152987819058,
    "('V1', 'D1')": 1.4756121326694152,
    "('V1', 'D2')": 2.288241463614607,
    "('V1', 'D3')": 7.912207672791624,
    "('V1', 'D4')": 10.558749410778885,
    "('V1', 'V1')": 0.0,
    "('V1', 'V2')": 4.455146231558067,
    "('V1', 'V3')": 1.534075414924641,
    "('V1', 'V4')": 9.141634609495016,
    "('V1', 'V5')": 6.073622958546092,
    "('V1', 'V6')": 9.058218001109001,
    "('V1', 'V7')": 1.8128602609901365,
    "('V1', 'V8')": 7.50718228104066,
    "('V1', 'V9')": 5.19581794751334,
    "('V1', 'V10')": 9.570158198722574,
    "('V1', 'V11')": 5.488308342857732,
    "('V1', 'V12')": 3.0916785257565707,
    "('V1', 'V13')": 2.757061825308827,
    "('V1', 'V14')": 10.482475929300737,
    "('V2', 'F1')": 14.420281720100137,
    "('V2', 'F2')": 16.2861990029075,
    "('V2', 'F3')": 17.848336181073332,
    "('V2', 'F4')": 17.778426832139214,
    "('V2', 'F5')": 10.857741389878658,
    "('V2', 'F6')": 14.284474520686025,
    "('V2', 'D1')": 5.0739104127153345,
    "('V2', 'D2')": 4.394795069386676,
    "('V2', 'D3')": 3.7428940733370406,
    "('V2', 'D4')": 9.939714205238465,
    "('V2', 'V1')": 4.455146231558067,
    "('V2', 'V2')": 0.0,
    "('V2', 'V3')": 4.8453574707866025,
    "('V2', 'V4')": 4.804755321426421,
    "('V2', 'V5')": 4.131979424820077,
    "('V2', 'V6')": 8.753755390587013,
    "('V2', 'V7')": 2.6476475980037453,
    "('V2', 'V8')": 6.10159300082088,
    "('V2', 'V9')": 1.9023191734249094,
    "('V2', 'V10')": 8.421350839719727,
    "('V2', 'V11')": 1.8712546435188113,
    "('V2', 'V12')": 2.01193036227618,
    "('V2', 'V13')": 2.425227656787469,
    "('V2', 'V14')": 8.077522055365318,
    "('V3', 'F1')": 9.5749242567278,
    "('V3', 'F2')": 20.25635245281476,
    "('V3', 'F3')": 16.669388507435798,
    "('V3', 'F4')": 15.085329792244957,
    "('V3', 'F5')": 14.563150538767252,
    "('V3', 'F6')": 10.128068310614683,
    "('V3', 'D1')": 2.955483499961849,
    "('V3', 'D2')": 3.805146508648234,
    "('V3', 'D3')": 8.541268878720725,
    "('V3', 'D4')": 9.199033016790294,
    "('V3', 'V1')": 1.534075414924641,
    "('V3', 'V2')": 4.8453574707866025,
    "('V3', 'V3')": 0.0,
    "('V3', 'V4')": 9.1588486511507,
    "('V3', 'V5')": 5.281554066268228,
    "('V3', 'V6')": 7.677080315818456,
    "('V3', 'V7')": 2.4145476154994214,
    "('V3', 'V8')": 6.428573037647549,
    "('V3', 'V9')": 6.035136232006455,
    "('V3', 'V10')": 8.337853673524306,
    "('V3', 'V11')": 5.361412239492234,
    "('V3', 'V12')": 4.0516862180110005,
    "('V3', 'V13')": 2.5721288758114564,
    "('V3', 'V14')": 9.54687156385239,
    "('V4', 'F1')": 18.495908299573664,
    "('V4', 'F2')": 11.49005257695056,
    "('V4', 'F3')": 17.24590914227355,
    "('V4', 'F4')": 18.72260450892259,
    "('V4', 'F5')": 11.443897343951441,
    "('V4', 'F6')": 19.020320291005298,
    "('V4', 'D1')": 9.876928576074926,
    "('V4', 'D2')": 9.152451493946277,
    "('V4', 'D3')": 3.6619858547434276,
    "('V4', 'D4')": 9.962142151528868,
    "('V4', 'V1')": 9.141634609495016,
    "('V4', 'V2')": 4.804755321426421,
    "('V4', 'V3')": 9.1588486511507,
    "('V4', 'V4')": 0.0,
    "('V4', 'V5')": 5.262490274371357,
    "('V4', 'V6')": 9.405230199739382,
    "('V4', 'V7')": 7.341680660688341,
    "('V4', 'V8')": 6.526666612571165,
    "('V4', 'V9')": 5.359080090801018,
    "('V4', 'V10')": 8.227589629506273,
    "('V4', 'V11')": 3.8056658849788576,
    "('V4', 'V12')": 6.7426642183752445,
    "('V4', 'V13')": 6.597894803069965,
    "('V4', 'V14')": 6.326114638753868,
    "('V5', 'F1')": 13.687488276268471,
    "('V5', 'F2')": 15.287028498660755,
    "('V5', 'F3')": 13.725557880046498,
    "('V5', 'F4')": 14.036896976916852,
    "('V5', 'F5')": 14.732919749136569,
    "('V5', 'F6')": 15.350917811049944,
    "('V5', 'D1')": 7.380957693086139,
    "('V5', 'D2')": 7.382167923780141,
    "('V5', 'D3')": 6.840274144910364,
    "('V5', 'D4')": 5.830327352609843,
    "('V5', 'V1')": 6.073622958546092,
    "('V5', 'V2')": 4.131979424820077,
    "('V5', 'V3')": 5.281554066268228,
    "('V5', 'V4')": 5.262490274371357,
    "('V5', 'V5')": 0.0,
    "('V5', 'V6')": 4.753618484689573,
    "('V5', 'V7')": 4.814195445124092,
    "('V5', 'V8')": 1.970590365384348,
    "('V5', 'V9')": 6.005921512381572,
    "('V5', 'V10')": 4.289938259683923,
    "('V5', 'V11')": 2.539532817017187,
    "('V5', 'V12')": 5.575832219268414,
    "('V5', 'V13')": 3.4687415404528554,
    "('V5', 'V14')": 4.435253597191179,
    "('V6', 'F1')": 12.72957707870646,
    "('V6', 'F2')": 17.01658888849891,
    "('V6', 'F3')": 9.231055519215024,
    "('V6', 'F4')": 9.364937781273294,
    "('V6', 'F5')": 19.483090987849074,
    "('V6', 'F6')": 16.28650332932991,
    "('V6', 'D1')": 10.533192155641176,
    "('V6', 'D2')": 11.017023973063349,
    "('V6', 'D3')": 11.564404764043552,
    "('V6', 'D4')": 1.5383685218818053,
    "('V6', 'V1')": 9.058218001109001,
    "('V6', 'V2')": 8.753755390587013,
    "('V6', 'V3')": 7.677080315818456,
    "('V6', 'V4')": 9.405230199739382,
    "('V6', 'V5')": 4.753618484689573,
    "('V6', 'V6')": 0.0,
    "('V6', 'V7')": 8.55715944530649,
    "('V6', 'V8')": 2.9367194237368017,
    "('V6', 'V9')": 10.655634157019024,
    "('V6', 'V10')": 1.7206628391103689,
    "('V6', 'V11')": 7.2917414951919595,
    "('V6', 'V12')": 9.810477991585401,
    "('V6', 'V13')": 7.294662318171805,
    "('V6', 'V14')": 4.5173697166112445,
    "('V7', 'F1')": 11.898415882789376,
    "('V7', 'F2')": 18.743167435990816,
    "('V7', 'F3')": 17.780319664896407,
    "('V7', 'F4')": 16.853987155464306,
    "('V7', 'F5')": 12.258302794791215,
    "('V7', 'F6')": 11.680813946032353,
    "('V7', 'D1')": 2.697858466911844,
    "('V7', 'D2')": 2.5787639194940555,
    "('V7', 'D3')": 6.204509494998635,
    "('V7', 'D4')": 9.97141834263975,
    "('V7', 'V1')": 1.8128602609901365,
    "('V7', 'V2')": 2.6476475980037453,
    "('V7', 'V3')": 2.4145476154994214,
    "('V7', 'V4')": 7.341680660688341,
    "('V7', 'V5')": 4.814195445124092,
    "('V7', 'V6')": 8.55715944530649,
    "('V7', 'V7')": 0.0,
    "('V7', 'V8')": 6.519329404403916,
    "('V7', 'V9')": 3.6227338495757007,
    "('V7', 'V10')": 8.752592001832866,
    "('V7', 'V11')": 3.763691351448988,
    "('V7', 'V12')": 1.6743754016666292,
    "('V7', 'V13')": 1.3577462543787808,
    "('V7', 'V14')": 9.238325621138156,
    "('V8', 'F1')": 13.692643305142088,
    "('V8', 'F2')": 15.26330553400684,
    "('V8', 'F3')": 11.756616608431425,
    "('V8', 'F4')": 12.301055921700579,
    "('V8', 'F5')": 16.643296370665077,
    "('V8', 'F6')": 16.142941509472806,
    "('V8', 'D1')": 8.913862848801985,
    "('V8', 'D2')": 9.094407924791886,
    "('V8', 'D3')": 8.655459796911357,
    "('V8', 'D4')": 3.8741266191331802,
    "('V8', 'V1')": 7.50718228104066,
    "('V8', 'V2')": 6.10159300082088,
    "('V8', 'V3')": 6.428573037647549,
    "('V8', 'V4')": 6.526666612571165,
    "('V8', 'V5')": 1.970590365384348,
    "('V8', 'V6')": 2.9367194237368017,
    "('V8', 'V7')": 6.519329404403916,
    "('V8', 'V8')": 0.0,
    "('V8', 'V9')": 7.975952525033537,
    "('V8', 'V10')": 2.3262225737269415,
    "('V8', 'V11')": 4.470847443768245,
    "('V8', 'V12')": 7.466864683463508,
    "('V8', 'V13')": 5.164916312356668,
    "('V8', 'V14')": 3.223714180270511,
    "('V9', 'F1')": 15.470044715966706,
    "('V9', 'F2')": 16.696597504873093,
    "('V9', 'F3')": 19.731253233296187,
    "('V9', 'F4')": 19.653844979059024,
    "('V9', 'F5')": 9.004329725011821,
    "('V9', 'F6')": 14.570645442098291,
    "('V9', 'D1')": 5.287390223994928,
    "('V9', 'D2')": 4.2169181812304215,
    "('V9', 'D3')": 2.830237245980023,
    "('V9', 'D4')": 11.828793016304783,
    "('V9', 'V1')": 5.19581794751334,
    "('V9', 'V2')": 1.9023191734249094,
    "('V9', 'V3')": 6.035136232006455,
    "('V9', 'V4')": 5.359080090801018,
    "('V9', 'V5')": 6.005921512381572,
    "('V9', 'V6')": 10.655634157019024,
    "('V9', 'V7')": 3.6227338495757007,
    "('V9', 'V8')": 7.975952525033537,
    "('V9', 'V9')": 0.0,
    "('V9', 'V10')": 10.285965505974128,
    "('V9', 'V11')": 3.5890968936517003,
    "('V9', 'V12')": 2.108834272356346,
    "('V9', 'V13')": 4.003017754803602,
    "('V9', 'V14')": 9.740683350003604,
    "('V10', 'F1')": 14.311437036637843,
    "('V10', 'F2')": 15.298693133056657,
    "('V10', 'F3')": 9.46633434634002,
    "('V10', 'F4')": 10.532640849223739,
    "('V10', 'F5')": 18.847886021709613,
    "('V10', 'F6')": 17.532876918964092,
    "('V10', 'D1')": 11.01807928755492,
    "('V10', 'D2')": 11.309153227158777,
    "('V10', 'D3')": 10.78406838161071,
    "('V10', 'D4')": 1.7352799797441345,
    "('V10', 'V1')": 9.570158198722574,
    "('V10', 'V2')": 8.421350839719727,
    "('V10', 'V3')": 8.337853673524306,
    "('V10', 'V4')": 8.227589629506273,
    "('V10', 'V5')": 4.289938259683923,
    "('V10', 'V6')": 1.7206628391103689,
    "('V10', 'V7')": 8.752592001832866,
    "('V10', 'V8')": 2.3262225737269415,
    "('V10', 'V9')": 10.285965505974128,
    "('V10', 'V10')": 0.0,
    "('V10', 'V11')": 6.744021893736812,
    "('V10', 'V12')": 9.777704012738038,
    "('V10', 'V13')": 7.412530716563628,
    "('V10', 'V14')": 2.817190742201143,
    "('V11', 'F1')": 14.720681979958357,
    "('V11', 'F2')": 15.016662072167199,
    "('V11', 'F3')": 16.2093345972076,
    "('V11', 'F4')": 16.53666646839573,
    "('V11', 'F5')": 12.193396726599374,
    "('V11', 'F6')": 15.334557310891716,
    "('V11', 'D1')": 6.441475463676974,
    "('V11', 'D2')": 6.009067891020327,
    "('V11', 'D3')": 4.370088544966282,
    "('V11', 'D4')": 8.34497156461261,
    "('V11', 'V1')": 5.488308342857732,
    "('V11', 'V2')": 1.8712546435188113,
    "('V11', 'V3')": 5.361412239492234,
    "('V11', 'V4')": 3.8056658849788576,
    "('V11', 'V5')": 2.539532817017187,
    "('V11', 'V6')": 7.2917414951919595,
    "('V11', 'V7')": 3.763691351448988,
    "('V11', 'V8')": 4.470847443768245,
    "('V11', 'V9')": 3.5890968936517003,
    "('V11', 'V10')": 6.744021893736812,
    "('V11', 'V11')": 0.0,
    "('V11', 'V12')": 3.7584056848099983,
    "('V11', 'V13')": 2.821640350621596,
    "('V11', 'V14')": 6.211666984471294,
    "('V12', 'F1')": 13.376563180801856,
    "('V12', 'F2')": 18.231519365160853,
    "('V12', 'F3')": 19.032505384322253,
    "('V12', 'F4')": 18.393010966716577,
    "('V12', 'F5')": 10.586966405521748,
    "('V12', 'F6')": 12.577767503353648,
    "('V12', 'D1')": 3.2699873913587645,
    "('V12', 'D2')": 2.409827323008476,
    "('V12', 'D3')": 4.884205126927762,
    "('V12', 'D4')": 11.1440743811173,
    "('V12', 'V1')": 3.0916785257565707,
    "('V12', 'V2')": 2.01193036227618,
    "('V12', 'V3')": 4.0516862180110005,
    "('V12', 'V4')": 6.7426642183752445,
    "('V12', 'V5')": 5.575832219268414,
    "('V12', 'V6')": 9.810477991585401,
    "('V12', 'V7')": 1.6743754016666292,
    "('V12', 'V8')": 7.466864683463508,
    "('V12', 'V9')": 2.108834272356346,
    "('V12', 'V10')": 9.777704012738038,
    "('V12', 'V11')": 3.7584056848099983,
    "('V12', 'V12')": 0.0,
    "('V12', 'V13')": 2.5632178958339953,
    "('V12', 'V14')": 9.826713816293593,
    "('V13', 'F1')": 12.088790243815057,
    "('V13', 'F2')": 17.813739677965852,
    "('V13', 'F3')": 16.525691308713878,
    "('V13', 'F4')": 15.84915334530138,
    "('V13', 'F5')": 12.955871257503214,
    "('V13', 'F6')": 12.527003508119517,
    "('V13', 'D1')": 3.941533829423685,
    "('V13', 'D2')": 3.936509894020669,
    "('V13', 'D3')": 6.16671301316386,
    "('V13', 'D4')": 8.675053432424164,
    "('V13', 'V1')": 2.757061825308827,
    "('V13', 'V2')": 2.425227656787469,
    "('V13', 'V3')": 2.5721288758114564,
    "('V13', 'V4')": 6.597894803069965,
    "('V13', 'V5')": 3.4687415404528554,
    "('V13', 'V6')": 7.294662318171805,
    "('V13', 'V7')": 1.3577462543787808,
    "('V13', 'V8')": 5.164916312356668,
    "('V13', 'V9')": 4.003017754803602,
    "('V13', 'V10')": 7.412530716563628,
    "('V13', 'V11')": 2.821640350621596,
    "('V13', 'V12')": 2.5632178958339953,
    "('V13', 'V13')": 0.0,
    "('V13', 'V14')": 7.901202728083966,
    "('V14', 'F1')": 16.744530482853783,
    "('V14', 'F2')": 12.513394950359723,
    "('V14', 'F3')": 10.930801353684457,
    "('V14', 'F4')": 12.997156801410533,
    "('V14', 'F5')": 17.58734907373471,
    "('V14', 'F6')": 19.365313547340087,
    "('V14', 'D1')": 11.813848378931697,
    "('V14', 'D2')": 11.791161448823667,
    "('V14', 'D3')": 9.491539706898346,
    "('V14', 'D4')": 4.272590714127673,
    "('V14', 'V1')": 10.482475929300737,
    "('V14', 'V2')": 8.077522055365318,
    "('V14', 'V3')": 9.54687156385239,
    "('V14', 'V4')": 6.326114638753868,
    "('V14', 'V5')": 4.435253597191179,
    "('V14', 'V6')": 4.5173697166112445,
    "('V14', 'V7')": 9.238325621138156,
    "('V14', 'V8')": 3.223714180270511,
    "('V14', 'V9')": 9.740683350003604,
    "('V14', 'V10')": 2.817190742201143,
    "('V14', 'V11')": 6.211666984471294,
    "('V14', 'V12')": 9.826713816293593,
    "('V14', 'V13')": 7.901202728083966,
    "('V14', 'V14')": 0.0
  },
  "tij": {
    "('F1', 'D1')": 10.639494694017056,
    "('F1', 'D2')": 11.958339812223194,
    "('F1', 'D3')": 18.097149909837054,
    "('F1', 'D4')": 13.952446373457958,
    "('F2', 'D1')": 21.345202853781913,
    "('F2', 'D2')": 20.64084657476587,
    "('F2', 'D3')": 14.271649689857663,
    "('F2', 'D4')": 16.479980944241248,
    "('F3', 'D1')": 19.60650695902078,
    "('F3', 'D2')": 20.199318874013525,
    "('F3', 'D3')": 20.175104156500787,
    "('F3', 'D4')": 7.913810849682156,
    "('F4', 'D1')": 17.97380206474302,
    "('F4', 'D2')": 18.88323256204804,
    "('F4', 'D3')": 20.877083691335134,
    "('F4', 'D4')": 8.823699796984052,
    "('F5', 'D1')": 12.582377905682977,
    "('F5', 'D2')": 11.271890185100402,
    "('F5', 'D3')": 8.116477761370637,
    "('F5', 'D4')": 20.506234362663868,
    "('F6', 'D1')": 9.308556265776064,
    "('F6', 'D2')": 10.375361088404526,
    "('F6', 'D3')": 17.40082503246454,
    "('F6', 'D4')": 17.75268620637449,
    "('D1', 'D2')": 1.979471361672329,
    "('D1', 'D3')": 12.169436322134118,
    "('D1', 'D4')": 18.047264051894487,
    "('D1', 'V1')": 2.213418199004123,
    "('D1', 'V2')": 7.610865619073001,
    "('D1', 'V3')": 4.433225249942773,
    "('D1', 'V4')": 14.815392864112388,
    "('D1', 'V5')": 11.071436539629207,
    "('D1', 'V6')": 15.799788233461763,
    "('D1', 'V7')": 4.046787700367766,
    "('D1', 'V8')": 13.370794273202979,
    "('D1', 'V9')": 7.931085335992391,
    "('D1', 'V10')": 16.52711893133238,
    "('D1', 'V11')": 9.66221319551546,
    "('D1', 'V12')": 4.904981087038147,
    "('D1', 'V13')": 5.9123007441355275,
    "('D1', 'V14')": 17.720772568397543,
    "('D2', 'D1')": 1.979471361672329,
    "('D2', 'D3')": 10.559882987165084,
    "('D2', 'D4')": 18.703755316437103,
    "('D2', 'V1')": 3.4323621954219106,
    "('D2', 'V2')": 6.592192604080014,
    "('D2', 'V3')": 5.707719762972351,
    "('D2', 'V4')": 13.728677240919415,
    "('D2', 'V5')": 11.073251885670212,
    "('D2', 'V6')": 16.525535959595025,
    "('D2', 'V7')": 3.8681458792410828,
    "('D2', 'V8')": 13.64161188718783,
    "('D2', 'V9')": 6.325377271845633,
    "('D2', 'V10')": 16.963729840738164,
    "('D2', 'V11')": 9.01360183653049,
    "('D2', 'V12')": 3.6147409845127134,
    "('D2', 'V13')": 5.904764841031004,
    "('D2', 'V14')": 17.6867421732355,
    "('D3', 'D1')": 12.169436322134118,
    "('D3', 'D2')": 10.559882987165084,
    "('D3', 'D4')": 18.710633252300166,
    "('D3', 'V1')": 11.868311509187436,
    "('D3', 'V2')": 5.614341110005561,
    "('D3', 'V3')": 12.811903318081088,
    "('D3', 'V4')": 5.4929787821151415,
    "('D3', 'V5')": 10.260411217365546,
    "('D3', 'V6')": 17.346607146065327,
    "('D3', 'V7')": 9.306764242497952,
    "('D3', 'V8')": 12.983189695367036,
    "('D3', 'V9')": 4.245355868970035,
    "('D3', 'V10')": 16.176102572416063,
    "('D3', 'V11')": 6.555132817449423,
    "('D3', 'V12')": 7.326307690391642,
    "('D3', 'V13')": 9.25006951974579,
    "('D3', 'V14')": 14.237309560347517,
    "('D4', 'D1')": 18.047264051894487,
    "('D4', 'D2')": 18.703755316437103,
    "('D4', 'D3')": 18.710633252300166,
    "('D4', 'V1')": 15.838124116168327,
    "('D4', 'V2')": 14.909571307857698,
    "('D4', 'V3')": 13.798549525185441,
    "('D4', 'V4')": 14.943213227293302,
    "('D4', 'V5')": 8.745491028914765,
    "('D4', 'V6')": 2.3075527828227083,
    "('D4', 'V7')": 14.957127513959625,
    "('D4', 'V8')": 5.81118992869977,
    "('D4', 'V9')": 17.743189524457172,
    "('D4', 'V10')": 2.6029199696162015,
    "('D4', 'V11')": 12.517457346918915,
    "('D4', 'V12')": 16.71611157167595,
    "('D4', 'V13')": 13.012580148636246,
    "('D4', 'V14')": 6.4088860711915085,
    "('V1', 'D1')": 2.213418199004123,
    "('V1', 'D2')": 3.4323621954219106,
    "('V1', 'D3')": 11.868311509187436,
    "('V1', 'D4')": 15.838124116168327,
    "('V1', 'V2')": 6.682719347337101,
    "('V1', 'V3')": 2.3011131223869614,
    "('V1', 'V4')": 13.712451914242525,
    "('V1', 'V5')": 9.110434437819137,
    "('V1', 'V6')": 13.587327001663501,
    "('V1', 'V7')": 2.719290391485205,
    "('V1', 'V8')": 11.260773421560991,
    "('V1', 'V9')": 7.79372692127001,
    "('V1', 'V10')": 14.35523729808386,
    "('V1', 'V11')": 8.232462514286599,
    "('V1', 'V12')": 4.637517788634856,
    "('V1', 'V13')": 4.135592737963241,
    "('V1', 'V14')": 15.723713893951105,
    "('V2', 'D1')": 7.610865619073001,
    "('V2', 'D2')": 6.592192604080014,
    "('V2', 'D3')": 5.614341110005561,
    "('V2', 'D4')": 14.909571307857698,
    "('V2', 'V1')": 6.682719347337101,
    "('V2', 'V3')": 7.268036206179903,
    "('V2', 'V4')": 7.207132982139631,
    "('V2', 'V5')": 6.197969137230116,
    "('V2', 'V6')": 13.130633085880522,
    "('V2', 'V7')": 3.971471397005618,
    "('V2', 'V8')": 9.152389501231319,
    "('V2', 'V9')": 2.853478760137364,
    "('V2', 'V10')": 12.632026259579591,
    "('V2', 'V11')": 2.806881965278217,
    "('V2', 'V12')": 3.0178955434142702,
    "('V2', 'V13')": 3.637841485181203,
    "('V2', 'V14')": 12.116283083047977,
    "('V3', 'D1')": 4.433225249942773,
    "('V3', 'D2')": 5.707719762972351,
    "('V3', 'D3')": 12.811903318081088,
    "('V3', 'D4')": 13.798549525185441,
    "('V3', 'V1')": 2.3011131223869614,
    "('V3', 'V2')": 7.268036206179903,
    "('V3', 'V4')": 13.738272976726051,
    "('V3', 'V5')": 7.922331099402342,
    "('V3', 'V6')": 11.515620473727683,
    "('V3', 'V7')": 3.621821423249132,
    "('V3', 'V8')": 9.642859556471324,
    "('V3', 'V9')": 9.052704348009684,
    "('V3', 'V10')": 12.506780510286458,
    "('V3', 'V11')": 8.04211835923835,
    "('V3', 'V12')": 6.077529327016501,
    "('V3', 'V13')": 3.8581933137171847,
    "('V3', 'V14')": 14.320307345778584,
    "('V4', 'D1')": 14.815392864112388,
    "('V4', 'D2')": 13.728677240919415,
    "('V4', 'D3')": 5.4929787821151415,
    "('V4', 'D4')": 14.943213227293302,
    "('V4', 'V1')": 13.712451914242525,
    "('V4', 'V2')": 7.207132982139631,
    "('V4', 'V3')": 13.738272976726051,
    "('V4', 'V5')": 7.893735411557036,
    "('V4', 'V6')": 14.107845299609073,
    "('V4', 'V7')": 11.012520991032511,
    "('V4', 'V8')": 9.789999918856747,
    "('V4', 'V9')": 8.038620136201526,
    "('V4', 'V10')": 12.34138444425941,
    "('V4', 'V11')": 5.708498827468286,
    "('V4', 'V12')": 10.113996327562868,
    "('V4', 'V13')": 9.896842204604948,
    "('V4', 'V14')": 9.489171958130802,
    "('V5', 'D1')": 11.071436539629207,
    "('V5', 'D2')": 11.073251885670212,
    "('V5', 'D3')": 10.260411217365546,
    "('V5', 'D4')": 8.745491028914765,
    "('V5', 'V1')": 9.110434437819137,
    "('V5', 'V2')": 6.197969137230116,
    "('V5', 'V3')": 7.922331099402342,
    "('V5', 'V4')": 7.893735411557036,
    "('V5', 'V6')": 7.130427727034361,
    "('V5', 'V7')": 7.221293167686139,
    "('V5', 'V8')": 2.9558855480765223,
    "('V5', 'V9')": 9.008882268572357,
    "('V5', 'V10')": 6.434907389525884,
    "('V5', 'V11')": 3.8092992255257805,
    "('V5', 'V12')": 8.36374832890262,
    "('V5', 'V13')": 5.203112310679283,
    "('V5', 'V14')": 6.652880395786768,
    "('V6', 'D1')": 15.799788233461763,
    "('V6', 'D2')": 16.525535959595025,
    "('V6', 'D3')": 17.346607146065327,
    "('V6', 'D4')": 2.3075527828227083,
    "('V6', 'V1')": 13.587327001663501,
    "('V6', 'V2')": 13.130633085880522,
    "('V6', 'V3')": 11.515620473727683,
    "('V6', 'V4')": 14.107845299609073,
    "('V6', 'V5')": 7.130427727034361,
    "('V6', 'V7')": 12.835739167959735,
    "('V6', 'V8')": 4.405079135605202,
    "('V6', 'V9')": 15.983451235528538,
    "('V6', 'V10')": 2.5809942586655534,
    "('V6', 'V11')": 10.937612242787939,
    "('V6', 'V12')": 14.715716987378102,
    "('V6', 'V13')": 10.941993477257707,
    "('V6', 'V14')": 6.776054574916867,
    "('V7', 'D1')": 4.046787700367766,
    "('V7', 'D2')": 3.8681458792410828,
    "('V7', 'D3')": 9.306764242497952,
    "('V7', 'D4')": 14.957127513959625,
    "('V7', 'V1')": 2.719290391485205,
    "('V7', 'V2')": 3.971471397005618,
    "('V7', 'V3')": 3.621821423249132,
    "('V7', 'V4')": 11.012520991032511,
    "('V7', 'V5')": 7.221293167686139,
    "('V7', 'V6')": 12.835739167959735,
    "('V7', 'V8')": 9.778994106605873,
    "('V7', 'V9')": 5.434100774363551,
    "('V7', 'V10')": 13.128888002749301,
    "('V7', 'V11')": 5.645537027173481,
    "('V7', 'V12')": 2.511563102499944,
    "('V7', 'V13')": 2.0366193815681712,
    "('V7', 'V14')": 13.857488431707234,
    "('V8', 'D1')": 13.370794273202979,
    "('V8', 'D2')": 13.64161188718783,
    "('V8', 'D3')": 12.983189695367036,
    "('V8', 'D4')": 5.81118992869977,
    "('V8', 'V1')": 11.260773421560991,
    "('V8', 'V2')": 9.152389501231319,
    "('V8', 'V3')": 9.642859556471324,
    "('V8', 'V4')": 9.789999918856747,
    "('V8', 'V5')": 2.9558855480765223,
    "('V8', 'V6')": 4.405079135605202,
    "('V8', 'V7')": 9.778994106605873,
    "('V8', 'V9')": 11.963928787550305,
    "('V8', 'V10')": 3.489333860590412,
    "('V8', 'V11')": 6.7062711656523675,
    "('V8', 'V12')": 11.200297025195262,
    "('V8', 'V13')": 7.747374468535003,
    "('V8', 'V14')": 4.835571270405767,
    "('V9', 'D1')": 7.931085335992391,
    "('V9', 'D2')": 6.325377271845633,
    "('V9', 'D3')": 4.245355868970035,
    "('V9', 'D4')": 17.743189524457172,
    "('V9', 'V1')": 7.79372692127001,
    "('V9', 'V2')": 2.853478760137364,
    "('V9', 'V3')": 9.052704348009684,
    "('V9', 'V4')": 8.038620136201526,
    "('V9', 'V5')": 9.008882268572357,
    "('V9', 'V6')": 15.983451235528538,
    "('V9', 'V7')": 5.434100774363551,
    "('V9', 'V8')": 11.963928787550305,
    "('V9', 'V10')": 15.42894825896119,
    "('V9', 'V11')": 5.383645340477551,
    "('V9', 'V12')": 3.1632514085345185,
    "('V9', 'V13')": 6.004526632205403,
    "('V9', 'V14')": 14.611025025005407,
    "('V10', 'D1')": 16.52711893133238,
    "('V10', 'D2')": 16.963729840738164,
    "('V10', 'D3')": 16.176102572416063,
    "('V10', 'D4')": 2.6029199696162015,
    "('V10', 'V1')": 14.35523729808386,
    "('V10', 'V2')": 12.632026259579591,
    "('V10', 'V3')": 12.506780510286458,
    "('V10', 'V4')": 12.34138444425941,
    "('V10', 'V5')": 6.434907389525884,
    "('V10', 'V6')": 2.5809942586655534,
    "('V10', 'V7')": 13.128888002749301,
    "('V10', 'V8')": 3.489333860590412,
    "('V10', 'V9')": 15.42894825896119,
    "('V10', 'V11')": 10.116032840605218,
    "('V10', 'V12')": 14.666556019107057,
    "('V10', 'V13')": 11.118796074845443,
    "('V10', 'V14')": 4.225786113301714,
    "('V11', 'D1')": 9.66221319551546,
    "('V11', 'D2')": 9.01360183653049,
    "('V11', 'D3')": 6.555132817449423,
    "('V11', 'D4')": 12.517457346918915,
    "('V11', 'V1')": 8.232462514286599,
    "('V11', 'V2')": 2.806881965278217,
    "('V11', 'V3')": 8.04211835923835,
    "('V11', 'V4')": 5.708498827468286,
    "('V11', 'V5')": 3.8092992255257805,
    "('V11', 'V6')": 10.937612242787939,
    "('V11', 'V7')": 5.645537027173481,
    "('V11', 'V8')": 6.7062711656523675,
    "('V11', 'V9')": 5.383645340477551,
    "('V11', 'V10')": 10.116032840605218,
    "('V11', 'V12')": 5.637608527214997,
    "('V11', 'V13')": 4.232460525932394,
    "('V11', 'V14')": 9.317500476706941,
    "('V12', 'D1')": 4.904981087038147,
    "('V12', 'D2')": 3.6147409845127134,
    "('V12', 'D3')": 7.326307690391642,
    "('V12', 'D4')": 16.71611157167595,
    "('V12', 'V1')": 4.637517788634856,
    "('V12', 'V2')": 3.0178955434142702,
    "('V12', 'V3')": 6.077529327016501,
    "('V12', 'V4')": 10.113996327562868,
    "('V12', 'V5')": 8.36374832890262,
    "('V12', 'V6')": 14.715716987378102,
    "('V12', 'V7')": 2.511563102499944,
    "('V12', 'V8')": 11.200297025195262,
    "('V12', 'V9')": 3.1632514085345185,
    "('V12', 'V10')": 14.666556019107057,
    "('V12', 'V11')": 5.637608527214997,
    "('V12', 'V13')": 3.844826843750993,
    "('V12', 'V14')": 14.74007072444039,
    "('V13', 'D1')": 5.9123007441355275,
    "('V13', 'D2')": 5.904764841031004,
    "('V13', 'D3')": 9.25006951974579,
    "('V13', 'D4')": 13.012580148636246,
    "('V13', 'V1')": 4.135592737963241,
    "('V13', 'V2')": 3.637841485181203,
    "('V13', 'V3')": 3.8581933137171847,
    "('V13', 'V4')": 9.896842204604948,
    "('V13', 'V5')": 5.203112310679283,
    "('V13', 'V6')": 10.941993477257707,
    "('V13', 'V7')": 2.0366193815681712,
    "('V13', 'V8')": 7.747374468535003,
    "('V13', 'V9')": 6.004526632205403,
    "('V13', 'V10')": 11.118796074845443,
    "('V13', 'V11')": 4.232460525932394,
    "('V13', 'V12')": 3.844826843750993,
    "('V13', 'V14')": 11.851804092125949,
    "('V14', 'D1')": 17.720772568397543,
    "('V14', 'D2')": 17.6867421732355,
    "('V14', 'D3')": 14.237309560347517,
    "('V14', 'D4')": 6.4088860711915085,
    "('V14', 'V1')": 15.723713893951105,
    "('V14', 'V2')": 12.116283083047977,
    "('V14', 'V3')": 14.320307345778584,
    "('V14', 'V4')": 9.489171958130802,
    "('V14', 'V5')": 6.652880395786768,
    "('V14', 'V6')": 6.776054574916867,
    "('V14', 'V7')": 13.857488431707234,
    "('V14', 'V8')": 4.835571270405767,
    "('V14', 'V9')": 14.611025025005407,
    "('V14', 'V10')": 4.225786113301714,
    "('V14', 'V11')": 9.317500476706941,
    "('V14', 'V12')": 14.74007072444039,
    "('V14', 'V13')": 11.851804092125949
  },
  "waktu": {
    "('F1', 'D1')": 10.639494694017056,
    "('F1', 'D2')": 11.958339812223194,
    "('F1', 'D3')": 18.097149909837054,
    "('F1', 'D4')": 13.952446373457958,
    "('F2', 'D1')": 21.345202853781913,
    "('F2', 'D2')": 20.64084657476587,
    "('F2', 'D3')": 14.271649689857663,
    "('F2', 'D4')": 16.479980944241248,
    "('F3', 'D1')": 19.60650695902078,
    "('F3', 'D2')": 20.199318874013525,
    "('F3', 'D3')": 20.175104156500787,
    "('F3', 'D4')": 7.913810849682156,
    "('F4', 'D1')": 17.97380206474302,
    "('F4', 'D2')": 18.88323256204804,
    "('F4', 'D3')": 20.877083691335134,
    "('F4', 'D4')": 8.823699796984052,
    "('F5', 'D1')": 12.582377905682977,
    "('F5', 'D2')": 11.271890185100402,
    "('F5', 'D3')": 8.116477761370637,
    "('F5', 'D4')": 20.506234362663868,
    "('F6', 'D1')": 9.308556265776064,
    "('F6', 'D2')": 10.375361088404526,
    "('F6', 'D3')": 17.40082503246454,
    "('F6', 'D4')": 17.75268620637449,
    "('D1', 'D2')": 1.979471361672329,
    "('D1', 'D3')": 12.169436322134118,
    "('D1', 'D4')": 18.047264051894487,
    "('D1', 'V1')": 2.213418199004123,
    "('D1', 'V2')": 7.610865619073001,
    "('D1', 'V3')": 4.433225249942773,
    "('D1', 'V4')": 14.815392864112388,
    "('D1', 'V5')": 11.071436539629207,
    "('D1', 'V6')": 15.799788233461763,
    "('D1', 'V7')": 4.046787700367766,
    "('D1', 'V8')": 13.370794273202979,
    "('D1', 'V9')": 7.931085335992391,
    "('D1', 'V10')": 16.52711893133238,
    "('D1', 'V11')": 9.66221319551546,
    "('D1', 'V12')": 4.904981087038147,
    "('D1', 'V13')": 5.9123007441355275,
    "('D1', 'V14')": 17.720772568397543,
    "('D2', 'D1')": 1.979471361672329,
    "('D2', 'D3')": 10.559882987165084,
    "('D2', 'D4')": 18.703755316437103,
    "('D2', 'V1')": 3.4323621954219106,
    "('D2', 'V2')": 6.592192604080014,
    "('D2', 'V3')": 5.707719762972351,
    "('D2', 'V4')": 13.728677240919415,
    "('D2', 'V5')": 11.073251885670212,
    "('D2', 'V6')": 16.525535959595025,
    "('D2', 'V7')": 3.8681458792410828,
    "('D2', 'V8')": 13.64161188718783,
    "('D2', 'V9')": 6.325377271845633,
    "('D2', 'V10')": 16.963729840738164,
    "('D2', 'V11')": 9.01360183653049,
    "('D2', 'V12')": 3.6147409845127134,
    "('D2', 'V13')": 5.904764841031004,
    "('D2', 'V14')": 17.6867421732355,
    "('D3', 'D1')": 12.169436322134118,
    "('D3', 'D2')": 10.559882987165084,
    "('D3', 'D4')": 18.710633252300166,
    "('D3', 'V1')": 11.868311509187436,
    "('D3', 'V2')": 5.614341110005561,
    "('D3', 'V3')": 12.811903318081088,
    "('D3', 'V4')": 5.4929787821151415,
    "('D3', 'V5')": 10.260411217365546,
    "('D3', 'V6')": 17.346607146065327,
    "('D3', 'V7')": 9.306764242497952,
    "('D3', 'V8')": 12.983189695367036,
    "('D3', 'V9')": 4.245355868970035,
    "('D3', 'V10')": 16.176102572416063,
    "('D3', 'V11')": 6.555132817449423,
    "('D3', 'V12')": 7.326307690391642,
    "('D3', 'V13')": 9.25006951974579,
    "('D3', 'V14')": 14.237309560347517,
    "('D4', 'D1')": 18.047264051894487,
    "('D4', 'D2')": 18.703755316437103,
    "('D4', 'D3')": 18.710633252300166,
    "('D4', 'V1')": 15.838124116168327,
    "('D4', 'V2')": 14.909571307857698,
    "('D4', 'V3')": 13.798549525185441,
    "('D4', 'V4')": 14.943213227293302,
    "('D4', 'V5')": 8.745491028914765,
    "('D4', 'V6')": 2.3075527828227083,
    "('D4', 'V7')": 14.957127513959625,
    "('D4', 'V8')": 5.81118992869977,
    "('D4', 'V9')": 17.743189524457172,
    "('D4', 'V10')": 2.6029199696162015,
    "('D4', 'V11')": 12.517457346918915,
    "('D4', 'V12')": 16.71611157167595,
    "('D4', 'V13')": 13.012580148636246,
    "('D4', 'V14')": 6.4088860711915085,
    "('V1', 'D1')": 2.213418199004123,
    "('V1', 'D2')": 3.4323621954219106,
    "('V1', 'D3')": 11.868311509187436,
    "('V1', 'D4')": 15.838124116168327,
    "('V1', 'V2')": 6.682719347337101,
    "('V1', 'V3')": 2.3011131223869614,
    "('V1', 'V4')": 13.712451914242525,
    "('V1', 'V5')": 9.110434437819137,
    "('V1', 'V6')": 13.587327001663501,
    "('V1', 'V7')": 2.719290391485205,
    "('V1', 'V8')": 11.260773421560991,
    "('V1', 'V9')": 7.79372692127001,
    "('V1', 'V10')": 14.35523729808386,
    "('V1', 'V11')": 8.232462514286599,
    "('V1', 'V12')": 4.637517788634856,
    "('V1', 'V13')": 4.135592737963241,
    "('V1', 'V14')": 15.723713893951105,
    "('V2', 'D1')": 7.610865619073001,
    "('V2', 'D2')": 6.592192604080014,
    "('V2', 'D3')": 5.614341110005561,
    "('V2', 'D4')": 14.909571307857698,
    "('V2', 'V1')": 6.682719347337101,
    "('V2', 'V3')": 7.268036206179903,
    "('V2', 'V4')": 7.207132982139631,
    "('V2', 'V5')": 6.197969137230116,
    "('V2', 'V6')": 13.130633085880522,
    "('V2', 'V7')": 3.971471397005618,
    "('V2', 'V8')": 9.152389501231319,
    "('V2', 'V9')": 2.853478760137364,
    "('V2', 'V10')": 12.632026259579591,
    "('V2', 'V11')": 2.806881965278217,
    "('V2', 'V12')": 3.0178955434142702,
    "('V2', 'V13')": 3.637841485181203,
    "('V2', 'V14')": 12.116283083047977,
    "('V3', 'D1')": 4.433225249942773,
    "('V3', 'D2')": 5.707719762972351,
    "('V3', 'D3')": 12.811903318081088,
    "('V3', 'D4')": 13.798549525185441,
    "('V3', 'V1')": 2.3011131223869614,
    "('V3', 'V2')": 7.268036206179903,
    "('V3', 'V4')": 13.738272976726051,
    "('V3', 'V5')": 7.922331099402342,
    "('V3', 'V6')": 11.515620473727683,
    "('V3', 'V7')": 3.621821423249132,
    "('V3', 'V8')": 9.642859556471324,
    "('V3', 'V9')": 9.052704348009684,
    "('V3', 'V10')": 12.506780510286458,
    "('V3', 'V11')": 8.04211835923835,
    "('V3', 'V12')": 6.077529327016501,
    "('V3', 'V13')": 3.8581933137171847,
    "('V3', 'V14')": 14.320307345778584,
    "('V4', 'D1')": 14.815392864112388,
    "('V4', 'D2')": 13.728677240919415,
    "('V4', 'D3')": 5.4929787821151415,
    "('V4', 'D4')": 14.943213227293302,
    "('V4', 'V1')": 13.712451914242525,
    "('V4', 'V2')": 7.207132982139631,
    "('V4', 'V3')": 13.738272976726051,
    "('V4', 'V5')": 7.893735411557036,
    "('V4', 'V6')": 14.107845299609073,
    "('V4', 'V7')": 11.012520991032511,
    "('V4', 'V8')": 9.789999918856747,
    "('V4', 'V9')": 8.038620136201526,
    "('V4', 'V10')": 12.34138444425941,
    "('V4', 'V11')": 5.708498827468286,
    "('V4', 'V12')": 10.113996327562868,
    "('V4', 'V13')": 9.896842204604948,
    "('V4', 'V14')": 9.489171958130802,
    "('V5', 'D1')": 11.071436539629207,
    "('V5', 'D2')": 11.073251885670212,
    "('V5', 'D3')": 10.260411217365546,
    "('V5', 'D4')": 8.745491028914765,
    "('V5', 'V1')": 9.110434437819137,
    "('V5', 'V2')": 6.197969137230116,
    "('V5', 'V3')": 7.922331099402342,
    "('V5', 'V4')": 7.893735411557036,
    "('V5', 'V6')": 7.130427727034361,
    "('V5', 'V7')": 7.221293167686139,
    "('V5', 'V8')": 2.9558855480765223,
    "('V5', 'V9')": 9.008882268572357,
    "('V5', 'V10')": 6.434907389525884,
    "('V5', 'V11')": 3.8092992255257805,
    "('V5', 'V12')": 8.36374832890262,
    "('V5', 'V13')": 5.203112310679283,
    "('V5', 'V14')": 6.652880395786768,
    "('V6', 'D1')": 15.799788233461763,
    "('V6', 'D2')": 16.525535959595025,
    "('V6', 'D3')": 17.346607146065327,
    "('V6', 'D4')": 2.3075527828227083,
    "('V6', 'V1')": 13.587327001663501,
    "('V6', 'V2')": 13.130633085880522,
    "('V6', 'V3')": 11.515620473727683,
    "('V6', 'V4')": 14.107845299609073,
    "('V6', 'V5')": 7.130427727034361,
    "('V6', 'V7')": 12.835739167959735,
    "('V6', 'V8')": 4.405079135605202,
    "('V6', 'V9')": 15.983451235528538,
    "('V6', 'V10')": 2.5809942586655534,
    "('V6', 'V11')": 10.937612242787939,
    "('V6', 'V12')": 14.715716987378102,
    "('V6', 'V13')": 10.941993477257707,
    "('V6', 'V14')": 6.776054574916867,
    "('V7', 'D1')": 4.046787700367766,
    "('V7', 'D2')": 3.8681458792410828,
    "('V7', 'D3')": 9.306764242497952,
    "('V7', 'D4')": 14.957127513959625,
    "('V7', 'V1')": 2.719290391485205,
    "('V7', 'V2')": 3.971471397005618,
    "('V7', 'V3')": 3.621821423249132,
    "('V7', 'V4')": 11.012520991032511,
    "('V7', 'V5')": 7.221293167686139,
    "('V7', 'V6')": 12.835739167959735,
    "('V7', 'V8')": 9.778994106605873,
    "('V7', 'V9')": 5.434100774363551,
    "('V7', 'V10')": 13.128888002749301,
    "('V7', 'V11')": 5.645537027173481,
    "('V7', 'V12')": 2.511563102499944,
    "('V7', 'V13')": 2.0366193815681712,
    "('V7', 'V14')": 13.857488431707234,
    "('V8', 'D1')": 13.370794273202979,
    "('V8', 'D2')": 13.64161188718783,
    "('V8', 'D3')": 12.983189695367036,
    "('V8', 'D4')": 5.81118992869977,
    "('V8', 'V1')": 11.260773421560991,
    "('V8', 'V2')": 9.152389501231319,
    "('V8', 'V3')": 9.642859556471324,
    "('V8', 'V4')": 9.789999918856747,
    "('V8', 'V5')": 2.9558855480765223,
    "('V8', 'V6')": 4.405079135605202,
    "('V8', 'V7')": 9.778994106605873,
    "('V8', 'V9')": 11.963928787550305,
    "('V8', 'V10')": 3.489333860590412,
    "('V8', 'V11')": 6.7062711656523675,
    "('V8', 'V12')": 11.200297025195262,
    "('V8', 'V13')": 7.747374468535003,
    "('V8', 'V14')": 4.835571270405767,
    "('V9', 'D1')": 7.931085335992391,
    "('V9', 'D2')": 6.325377271845633,
    "('V9', 'D3')": 4.245355868970035,
    "('V9', 'D4')": 17.743189524457172,
    "('V9', 'V1')": 7.79372692127001,
    "('V9', 'V2')": 2.853478760137364,
    "('V9', 'V3')": 9.052704348009684,
    "('V9', 'V4')": 8.038620136201526,
    "('V9', 'V5')": 9.008882268572357,
    "('V9', 'V6')": 15.983451235528538,
    "('V9', 'V7')": 5.434100774363551,
    "('V9', 'V8')": 11.963928787550305,
    "('V9', 'V10')": 15.42894825896119,
    "('V9', 'V11')": 5.383645340477551,
    "('V9', 'V12')": 3.1632514085345185,
    "('V9', 'V13')": 6.004526632205403,
    "('V9', 'V14')": 14.611025025005407,
    "('V10', 'D1')": 16.52711893133238,
    "('V10', 'D2')": 16.963729840738164,
    "('V10', 'D3')": 16.176102572416063,
    "('V10', 'D4')": 2.6029199696162015,
    "('V10', 'V1')": 14.35523729808386,
    "('V10', 'V2')": 12.632026259579591,
    "('V10', 'V3')": 12.506780510286458,
    "('V10', 'V4')": 12.34138444425941,
    "('V10', 'V5')": 6.434907389525884,
    "('V10', 'V6')": 2.5809942586655534,
    "('V10', 'V7')": 13.128888002749301,
    "('V10', 'V8')": 3.489333860590412,
    "('V10', 'V9')": 15.42894825896119,
    "('V10', 'V11')": 10.116032840605218,
    "('V10', 'V12')": 14.666556019107057,
    "('V10', 'V13')": 11.118796074845443,
    "('V10', 'V14')": 4.225786113301714,
    "('V11', 'D1')": 9.66221319551546,
    "('V11', 'D2')": 9.01360183653049,
    "('V11', 'D3')": 6.555132817449423,
    "('V11', 'D4')": 12.517457346918915,
    "('V11', 'V1')": 8.232462514286599,
    "('V11', 'V2')": 2.806881965278217,
    "('V11', 'V3')": 8.04211835923835,
    "('V11', 'V4')": 5.708498827468286,
    "('V11', 'V5')": 3.8092992255257805,
    "('V11', 'V6')": 10.937612242787939,
    "('V11', 'V7')": 5.645537027173481,
    "('V11', 'V8')": 6.7062711656523675,
    "('V11', 'V9')": 5.383645340477551,
    "('V11', 'V10')": 10.116032840605218,
    "('V11', 'V12')": 5.637608527214997,
    "('V11', 'V13')": 4.232460525932394,
    "('V11', 'V14')": 9.317500476706941,
    "('V12', 'D1')": 4.904981087038147,
    "('V12', 'D2')": 3.6147409845127134,
    "('V12', 'D3')": 7.326307690391642,
    "('V12', 'D4')": 16.71611157167595,
    "('V12', 'V1')": 4.637517788634856,
    "('V12', 'V2')": 3.0178955434142702,
    "('V12', 'V3')": 6.077529327016501,
    "('V12', 'V4')": 10.113996327562868,
    "('V12', 'V5')": 8.36374832890262,
    "('V12', 'V6')": 14.715716987378102,
    "('V12', 'V7')": 2.511563102499944,
    "('V12', 'V8')": 11.200297025195262,
    "('V12', 'V9')": 3.1632514085345185,
    "('V12', 'V10')": 14.666556019107057,
    "('V12', 'V11')": 5.637608527214997,
    "('V12', 'V13')": 3.844826843750993,
    "('V12', 'V14')": 14.74007072444039,
    "('V13', 'D1')": 5.9123007441355275,
    "('V13', 'D2')": 5.904764841031004,
    "('V13', 'D3')": 9.25006951974579,
    "('V13', 'D4')": 13.012580148636246,
    "('V13', 'V1')": 4.135592737963241,
    "('V13', 'V2')": 3.637841485181203,
    "('V13', 'V3')": 3.8581933137171847,
    "('V13', 'V4')": 9.896842204604948,
    "('V13', 'V5')": 5.203112310679283,
    "('V13', 'V6')": 10.941993477257707,
    "('V13', 'V7')": 2.0366193815681712,
    "('V13', 'V8')": 7.747374468535003,
    "('V13', 'V9')": 6.004526632205403,
    "('V13', 'V10')": 11.118796074845443,
    "('V13', 'V11')": 4.232460525932394,
    "('V13', 'V12')": 3.844826843750993,
    "('V13', 'V14')": 11.851804092125949,
    "('V14', 'D1')": 17.720772568397543,
    "('V14', 'D2')": 17.6867421732355,
    "('V14', 'D3')": 14.237309560347517,
    "('V14', 'D4')": 6.4088860711915085,
    "('V14', 'V1')": 15.723713893951105,
    "('V14', 'V2')": 12.116283083047977,
    "('V14', 'V3')": 14.320307345778584,
    "('V14', 'V4')": 9.489171958130802,
    "('V14', 'V5')": 6.652880395786768,
    "('V14', 'V6')": 6.776054574916867,
    "('V14', 'V7')": 13.857488431707234,
    "('V14', 'V8')": 4.835571270405767,
    "('V14', 'V9')": 14.611025025005407,
    "('V14', 'V10')": 4.225786113301714,
    "('V14', 'V11')": 9.317500476706941,
    "('V14', 'V12')": 14.74007072444039,
    "('V14', 'V13')": 11.851804092125949
  },
  "truck_arcs": [
    {
      "p": "F1",
      "j": "D1",
      "cost": 10.639494694017056
    },
    {
      "p": "F1",
      "j": "D2",
      "cost": 11.958339812223194
    },
    {
      "p": "F1",
      "j": "D3",
      "cost": 18.097149909837054
    },
    {
      "p": "F1",
      "j": "D4",
      "cost": 13.952446373457958
    },
    {
      "p": "F2",
      "j": "D1",
      "cost": 21.345202853781913
    },
    {
      "p": "F2",
      "j": "D2",
      "cost": 20.64084657476587
    },
    {
      "p": "F2",
      "j": "D3",
      "cost": 14.271649689857663
    },
    {
      "p": "F2",
      "j": "D4",
      "cost": 16.479980944241248
    },
    {
      "p": "F3",
      "j": "D1",
      "cost": 19.606506959020777
    },
    {
      "p": "F3",
      "j": "D2",
      "cost": 20.199318874013528
    },
    {
      "p": "F3",
      "j": "D3",
      "cost": 20.175104156500787
    },
    {
      "p": "F3",
      "j": "D4",
      "cost": 7.913810849682157
    },
    {
      "p": "F4",
      "j": "D1",
      "cost": 17.97380206474302
    },
    {
      "p": "F4",
      "j": "D2",
      "cost": 18.88323256204804
    },
    {
      "p": "F4",
      "j": "D3",
      "cost": 20.877083691335134
    },
    {
      "p": "F4",
      "j": "D4",
      "cost": 8.823699796984052
    },
    {
      "p": "F5",
      "j": "D1",
      "cost": 12.582377905682977
    },
    {
      "p": "F5",
      "j": "D2",
      "cost": 11.271890185100402
    },
    {
      "p": "F5",
      "j": "D3",
      "cost": 8.116477761370637
    },
    {
      "p": "F5",
      "j": "D4",
      "cost": 20.506234362663868
    },
    {
      "p": "F6",
      "j": "D1",
      "cost": 9.308556265776064
    },
    {
      "p": "F6",
      "j": "D2",
      "cost": 10.375361088404526
    },
    {
      "p": "F6",
      "j": "D3",
      "cost": 17.40082503246454
    },
    {
      "p": "F6",
      "j": "D4",
      "cost": 17.75268620637449
    }
  ],
  "uav_arcs": [
    {
      "u": "D1",
      "v": "D2",
      "cost": 1.3196475744482192
    },
    {
      "u": "D1",
      "v": "D3",
      "cost": 8.112957548089412
    },
    {
      "u": "D1",
      "v": "D4",
      "cost": 12.031509367929658
    },
    {
      "u": "D1",
      "v": "V1",
      "cost": 1.4756121326694152
    },
    {
      "u": "D1",
      "v": "V2",
      "cost": 5.0739104127153345
    },
    {
      "u": "D1",
      "v": "V3",
      "cost": 2.955483499961849
    },
    {
      "u": "D1",
      "v": "V4",
      "cost": 9.876928576074926
    },
    {
      "u": "D1",
      "v": "V5",
      "cost": 7.380957693086139
    },
    {
      "u": "D1",
      "v": "V6",
      "cost": 10.533192155641176
    },
    {
      "u": "D1",
      "v": "V7",
      "cost": 2.697858466911844
    },
    {
      "u": "D1",
      "v": "V8",
      "cost": 8.913862848801985
    },
    {
      "u": "D1",
      "v": "V9",
      "cost": 5.287390223994928
    },
    {
      "u": "D1",
      "v": "V10",
      "cost": 11.01807928755492
    },
    {
      "u": "D1",
      "v": "V11",
      "cost": 6.441475463676974
    },
    {
      "u": "D1",
      "v": "V12",
      "cost": 3.2699873913587645
    },
    {
      "u": "D1",
      "v": "V13",
      "cost": 3.941533829423685
    },
    {
      "u": "D1",
      "v": "V14",
      "cost": 11.813848378931697
    },
    {
      "u": "D2",
      "v": "D1",
      "cost": 1.3196475744482192
    },
    {
      "u": "D2",
      "v": "D3",
      "cost": 7.039921991443389
    },
    {
      "u": "D2",
      "v": "D4",
      "cost": 12.469170210958067
    },
    {
      "u": "D2",
      "v": "V1",
      "cost": 2.288241463614607
    },
    {
      "u": "D2",
      "v": "V2",
      "cost": 4.394795069386676
    },
    {
      "u": "D2",
      "v": "V3",
      "cost": 3.805146508648234
    },
    {
      "u": "D2",
      "v": "V4",
      "cost": 9.152451493946277
    },
    {
      "u": "D2",
      "v": "V5",
      "cost": 7.382167923780141
    },
    {
      "u": "D2",
      "v": "V6",
      "cost": 11.017023973063349
    },
    {
      "u": "D2",
      "v": "V7",
      "cost": 2.5787639194940555
    },
    {
      "u": "D2",
      "v": "V8",
      "cost": 9.094407924791886
    },
    {
      "u": "D2",
      "v": "V9",
      "cost": 4.2169181812304215
    },
    {
      "u": "D2",
      "v": "V10",
      "cost": 11.309153227158777
    },
    {
      "u": "D2",
      "v": "V11",
      "cost": 6.009067891020327
    },
    {
      "u": "D2",
      "v": "V12",
      "cost": 2.409827323008476
    },
    {
      "u": "D2",
      "v": "V13",
      "cost": 3.936509894020669
    },
    {
      "u": "D2",
      "v": "V14",
      "cost": 11.791161448823667
    },
    {
      "u": "D3",
      "v": "D1",
      "cost": 8.112957548089412
    },
    {
      "u": "D3",
      "v": "D2",
      "cost": 7.039921991443389
    },
    {
      "u": "D3",
      "v": "D4",
      "cost": 12.473755501533445
    },
    {
      "u": "D3",
      "v": "V1",
      "cost": 7.912207672791624
    },
    {
      "u": "D3",
      "v": "V2",
      "cost": 3.7428940733370406
    },
    {
      "u": "D3",
      "v": "V3",
      "cost": 8.541268878720725
    },
    {
      "u": "D3",
      "v": "V4",
      "cost": 3.6619858547434276
    },
    {
      "u": "D3",
      "v": "V5",
      "cost": 6.840274144910364
    },
    {
      "u": "D3",
      "v": "V6",
      "cost": 11.564404764043552
    },
    {
      "u": "D3",
      "v": "V7",
      "cost": 6.204509494998635
    },
    {
      "u": "D3",
      "v": "V8",
      "cost": 8.655459796911357
    },
    {
      "u": "D3",
      "v": "V9",
      "cost": 2.830237245980023
    },
    {
      "u": "D3",
      "v": "V10",
      "cost": 10.78406838161071
    },
    {
      "u": "D3",
      "v": "V11",
      "cost": 4.370088544966282
    },
    {
      "u": "D3",
      "v": "V12",
      "cost": 4.884205126927762
    },
    {
      "u": "D3",
      "v": "V13",
      "cost": 6.16671301316386
    },
    {
      "u": "D3",
      "v": "V14",
      "cost": 9.491539706898346
    },
    {
      "u": "D4",
      "v": "D1",
      "cost": 12.031509367929658
    },
    {
      "u": "D4",
      "v": "D2",
      "cost": 12.469170210958067
    },
    {
      "u": "D4",
      "v": "D3",
      "cost": 12.473755501533445
    },
    {
      "u": "D4",
      "v": "V1",
      "cost": 10.558749410778885
    },
    {
      "u": "D4",
      "v": "V2",
      "cost": 9.939714205238465
    },
    {
      "u": "D4",
      "v": "V3",
      "cost": 9.199033016790294
    },
    {
      "u": "D4",
      "v": "V4",
      "cost": 9.962142151528868
    },
    {
      "u": "D4",
      "v": "V5",
      "cost": 5.830327352609843
    },
    {
      "u": "D4",
      "v": "V6",
      "cost": 1.5383685218818053
    },
    {
      "u": "D4",
      "v": "V7",
      "cost": 9.97141834263975
    },
    {
      "u": "D4",
      "v": "V8",
      "cost": 3.8741266191331802
    },
    {
      "u": "D4",
      "v": "V9",
      "cost": 11.828793016304783
    },
    {
      "u": "D4",
      "v": "V10",
      "cost": 1.7352799797441345
    },
    {
      "u": "D4",
      "v": "V11",
      "cost": 8.34497156461261
    },
    {
      "u": "D4",
      "v": "V12",
      "cost": 11.1440743811173
    },
    {
      "u": "D4",
      "v": "V13",
      "cost": 8.675053432424164
    },
    {
      "u": "D4",
      "v": "V14",
      "cost": 4.272590714127673
    },
    {
      "u": "V1",
      "v": "D1",
      "cost": 1.4756121326694152
    },
    {
      "u": "V1",
      "v": "D2",
      "cost": 2.288241463614607
    },
    {
      "u": "V1",
      "v": "D3",
      "cost": 7.912207672791624
    },
    {
      "u": "V1",
      "v": "D4",
      "cost": 10.558749410778885
    },
    {
      "u": "V1",
      "v": "V2",
      "cost": 4.455146231558067
    },
    {
      "u": "V1",
      "v": "V3",
      "cost": 1.534075414924641
    },
    {
      "u": "V1",
      "v": "V4",
      "cost": 9.141634609495016
    },
    {
      "u": "V1",
      "v": "V5",
      "cost": 6.073622958546092
    },
    {
      "u": "V1",
      "v": "V6",
      "cost": 9.058218001109001
    },
    {
      "u": "V1",
      "v": "V7",
      "cost": 1.8128602609901365
    },
    {
      "u": "V1",
      "v": "V8",
      "cost": 7.50718228104066
    },
    {
      "u": "V1",
      "v": "V9",
      "cost": 5.19581794751334
    },
    {
      "u": "V1",
      "v": "V10",
      "cost": 9.570158198722574
    },
    {
      "u": "V1",
      "v": "V11",
      "cost": 5.488308342857732
    },
    {
      "u": "V1",
      "v": "V12",
      "cost": 3.0916785257565707
    },
    {
      "u": "V1",
      "v": "V13",
      "cost": 2.757061825308827
    },
    {
      "u": "V1",
      "v": "V14",
      "cost": 10.482475929300737
    },
    {
      "u": "V2",
      "v": "D1",
      "cost": 5.0739104127153345
    },
    {
      "u": "V2",
      "v": "D2",
      "cost": 4.394795069386676
    },
    {
      "u": "V2",
      "v": "D3",
      "cost": 3.7428940733370406
    },
    {
      "u": "V2",
      "v": "D4",
      "cost": 9.939714205238465
    },
    {
      "u": "V2",
      "v": "V1",
      "cost": 4.455146231558067
    },
    {
      "u": "V2",
      "v": "V3",
      "cost": 4.8453574707866025
    },
    {
      "u": "V2",
      "v": "V4",
      "cost": 4.804755321426421
    },
    {
      "u": "V2",
      "v": "V5",
      "cost": 4.131979424820077
    },
    {
      "u": "V2",
      "v": "V6",
      "cost": 8.753755390587013
    },
    {
      "u": "V2",
      "v": "V7",
      "cost": 2.6476475980037453
    },
    {
      "u": "V2",
      "v": "V8",
      "cost": 6.10159300082088
    },
    {
      "u": "V2",
      "v": "V9",
      "cost": 1.9023191734249094
    },
    {
      "u": "V2",
      "v": "V10",
      "cost": 8.421350839719727
    },
    {
      "u": "V2",
      "v": "V11",
      "cost": 1.8712546435188113
    },
    {
      "u": "V2",
      "v": "V12",
      "cost": 2.01193036227618
    },
    {
      "u": "V2",
      "v": "V13",
      "cost": 2.425227656787469
    },
    {
      "u": "V2",
      "v": "V14",
      "cost": 8.077522055365318
    },
    {
      "u": "V3",
      "v": "D1",
      "cost": 2.955483499961849
    },
    {
      "u": "V3",
      "v": "D2",
      "cost": 3.805146508648234
    },
    {
      "u": "V3",
      "v": "D3",
      "cost": 8.541268878720725
    },
    {
      "u": "V3",
      "v": "D4",
      "cost": 9.199033016790294
    },
    {
      "u": "V3",
      "v": "V1",
      "cost": 1.534075414924641
    },
    {
      "u": "V3",
      "v": "V2",
      "cost": 4.8453574707866025
    },
    {
      "u": "V3",
      "v": "V4",
      "cost": 9.1588486511507
    },
    {
      "u": "V3",
      "v": "V5",
      "cost": 5.281554066268228
    },
    {
      "u": "V3",
      "v": "V6",
      "cost": 7.677080315818456
    },
    {
      "u": "V3",
      "v": "V7",
      "cost": 2.4145476154994214
    },
    {
      "u": "V3",
      "v": "V8",
      "cost": 6.428573037647549
    },
    {
      "u": "V3",
      "v": "V9",
      "cost": 6.035136232006455
    },
    {
      "u": "V3",
      "v": "V10",
      "cost": 8.337853673524306
    },
    {
      "u": "V3",
      "v": "V11",
      "cost": 5.361412239492234
    },
    {
      "u": "V3",
      "v": "V12",
      "cost": 4.0516862180110005
    },
    {
      "u": "V3",
      "v": "V13",
      "cost": 2.5721288758114564
    },
    {
      "u": "V3",
      "v": "V14",
      "cost": 9.54687156385239
    },
    {
      "u": "V4",
      "v": "D1",
      "cost": 9.876928576074926
    },
    {
      "u": "V4",
      "v": "D2",
      "cost": 9.152451493946277
    },
    {
      "u": "V4",
      "v": "D3",
      "cost": 3.6619858547434276
    },
    {
      "u": "V4",
      "v": "D4",
      "cost": 9.962142151528868
    },
    {
      "u": "V4",
      "v": "V1",
      "cost": 9.141634609495016
    },
    {
      "u": "V4",
      "v": "V2",
      "cost": 4.804755321426421
    },
    {
      "u": "V4",
      "v": "V3",
      "cost": 9.1588486511507
    },
    {
      "u": "V4",
      "v": "V5",
      "cost": 5.262490274371357
    },
    {
      "u": "V4",
      "v": "V6",
      "cost": 9.405230199739382
    },
    {
      "u": "V4",
      "v": "V7",
      "cost": 7.341680660688341
    },
    {
      "u": "V4",
      "v": "V8",
      "cost": 6.526666612571165
    },
    {
      "u": "V4",
      "v": "V9",
      "cost": 5.359080090801018
    },
    {
      "u": "V4",
      "v": "V10",
      "cost": 8.227589629506273
    },
    {
      "u": "V4",
      "v": "V11",
      "cost": 3.8056658849788576
    },
    {
      "u": "V4",
      "v": "V12",
      "cost": 6.7426642183752445
    },
    {
      "u": "V4",
      "v": "V13",
      "cost": 6.597894803069965
    },
    {
      "u": "V4",
      "v": "V14",
      "cost": 6.326114638753868
    },
    {
      "u": "V5",
      "v": "D1",
      "cost": 7.380957693086139
    },
    {
      "u": "V5",
      "v": "D2",
      "cost": 7.382167923780141
    },
    {
      "u": "V5",
      "v": "D3",
      "cost": 6.840274144910364
    },
    {
      "u": "V5",
      "v": "D4",
      "cost": 5.830327352609843
    },
    {
      "u": "V5",
      "v": "V1",
      "cost": 6.073622958546092
    },
    {
      "u": "V5",
      "v": "V2",
      "cost": 4.131979424820077
    },
    {
      "u": "V5",
      "v": "V3",
      "cost": 5.281554066268228
    },
    {
      "u": "V5",
      "v": "V4",
      "cost": 5.262490274371357
    },
    {
      "u": "V5",
      "v": "V6",
      "cost": 4.753618484689573
    },
    {
      "u": "V5",
      "v": "V7",
      "cost": 4.814195445124092
    },
    {
      "u": "V5",
      "v": "V8",
      "cost": 1.970590365384348
    },
    {
      "u": "V5",
      "v": "V9",
      "cost": 6.005921512381572
    },
    {
      "u": "V5",
      "v": "V10",
      "cost": 4.289938259683923
    },
    {
      "u": "V5",
      "v": "V11",
      "cost": 2.539532817017187
    },
    {
      "u": "V5",
      "v": "V12",
      "cost": 5.575832219268414
    },
    {
      "u": "V5",
      "v": "V13",
      "cost": 3.4687415404528554
    },
    {
      "u": "V5",
      "v": "V14",
      "cost": 4.435253597191179
    },
    {
      "u": "V6",
      "v": "D1",
      "cost": 10.533192155641176
    },
    {
      "u": "V6",
      "v": "D2",
      "cost": 11.017023973063349
    },
    {
      "u": "V6",
      "v": "D3",
      "cost": 11.564404764043552
    },
    {
      "u": "V6",
      "v": "D4",
      "cost": 1.5383685218818053
    },
    {
      "u": "V6",
      "v": "V1",
      "cost": 9.058218001109001
    },
    {
      "u": "V6",
      "v": "V2",
      "cost": 8.753755390587013
    },
    {
      "u": "V6",
      "v": "V3",
      "cost": 7.677080315818456
    },
    {
      "u": "V6",
      "v": "V4",
      "cost": 9.405230199739382
    },
    {
      "u": "V6",
      "v": "V5",
      "cost": 4.753618484689573
    },
    {
      "u": "V6",
      "v": "V7",
      "cost": 8.55715944530649
    },
    {
      "u": "V6",
      "v": "V8",
      "cost": 2.9367194237368017
    },
    {
      "u": "V6",
      "v": "V9",
      "cost": 10.655634157019024
    },
    {
      "u": "V6",
      "v": "V10",
      "cost": 1.7206628391103689
    },
    {
      "u": "V6",
      "v": "V11",
      "cost": 7.2917414951919595
    },
    {
      "u": "V6",
      "v": "V12",
      "cost": 9.810477991585401
    },
    {
      "u": "V6",
      "v": "V13",
      "cost": 7.294662318171805
    },
    {
      "u": "V6",
      "v": "V14",
      "cost": 4.5173697166112445
    },
    {
      "u": "V7",
      "v": "D1",
      "cost": 2.697858466911844
    },
    {
      "u": "V7",
      "v": "D2",
      "cost": 2.5787639194940555
    },
    {
      "u": "V7",
      "v": "D3",
      "cost": 6.204509494998635
    },
    {
      "u": "V7",
      "v": "D4",
      "cost": 9.97141834263975
    },
    {
      "u": "V7",
      "v": "V1",
      "cost": 1.8128602609901365
    },
    {
      "u": "V7",
      "v": "V2",
      "cost": 2.6476475980037453
    },
    {
      "u": "V7",
      "v": "V3",
      "cost": 2.4145476154994214
    },
    {
      "u": "V7",
      "v": "V4",
      "cost": 7.341680660688341
    },
    {
      "u": "V7",
      "v": "V5",
      "cost": 4.814195445124092
    },
    {
      "u": "V7",
      "v": "V6",
      "cost": 8.55715944530649
    },
    {
      "u": "V7",
      "v": "V8",
      "cost": 6.519329404403916
    },
    {
      "u": "V7",
      "v": "V9",
      "cost": 3.6227338495757007
    },
    {
      "u": "V7",
      "v": "V10",
      "cost": 8.752592001832866
    },
    {
      "u": "V7",
      "v": "V11",
      "cost": 3.763691351448988
    },
    {
      "u": "V7",
      "v": "V12",
      "cost": 1.6743754016666292
    },
    {
      "u": "V7",
      "v": "V13",
      "cost": 1.3577462543787808
    },
    {
      "u": "V7",
      "v": "V14",
      "cost": 9.238325621138156
    },
    {
      "u": "V8",
      "v": "D1",
      "cost": 8.913862848801985
    },
    {
      "u": "V8",
      "v": "D2",
      "cost": 9.094407924791886
    },
    {
      "u": "V8",
      "v": "D3",
      "cost": 8.655459796911357
    },
    {
      "u": "V8",
      "v": "D4",
      "cost": 3.8741266191331802
    },
    {
      "u": "V8",
      "v": "V1",
      "cost": 7.50718228104066
    },
    {
      "u": "V8",
      "v": "V2",
      "cost": 6.10159300082088
    },
    {
      "u": "V8",
      "v": "V3",
      "cost": 6.428573037647549
    },
    {
      "u": "V8",
      "v": "V4",
      "cost": 6.526666612571165
    },
    {
      "u": "V8",
      "v": "V5",
      "cost": 1.970590365384348
    },
    {
      "u": "V8",
      "v": "V6",
      "cost": 2.9367194237368017
    },
    {
      "u": "V8",
      "v": "V7",
      "cost": 6.519329404403916
    },
    {
      "u": "V8",
      "v": "V9",
      "cost": 7.975952525033537
    },
    {
      "u": "V8",
      "v": "V10",
      "cost": 2.3262225737269415
    },
    {
      "u": "V8",
      "v": "V11",
      "cost": 4.470847443768245
    },
    {
      "u": "V8",
      "v": "V12",
      "cost": 7.466864683463508
    },
    {
      "u": "V8",
      "v": "V13",
      "cost": 5.164916312356668
    },
    {
      "u": "V8",
      "v": "V14",
      "cost": 3.223714180270511
    },
    {
      "u": "V9",
      "v": "D1",
      "cost": 5.287390223994928
    },
    {
      "u": "V9",
      "v": "D2",
      "cost": 4.2169181812304215
    },
    {
      "u": "V9",
      "v": "D3",
      "cost": 2.830237245980023
    },
    {
      "u": "V9",
      "v": "D4",
      "cost": 11.828793016304783
    },
    {
      "u": "V9",
      "v": "V1",
      "cost": 5.19581794751334
    },
    {
      "u": "V9",
      "v": "V2",
      "cost": 1.9023191734249094
    },
    {
      "u": "V9",
      "v": "V3",
      "cost": 6.035136232006455
    },
    {
      "u": "V9",
      "v": "V4",
      "cost": 5.359080090801018
    },
    {
      "u": "V9",
      "v": "V5",
      "cost": 6.005921512381572
    },
    {
      "u": "V9",
      "v": "V6",
      "cost": 10.655634157019024
    },
    {
      "u": "V9",
      "v": "V7",
      "cost": 3.6227338495757007
    },
    {
      "u": "V9",
      "v": "V8",
      "cost": 7.975952525033537
    },
    {
      "u": "V9",
      "v": "V10",
      "cost": 10.285965505974128
    },
    {
      "u": "V9",
      "v": "V11",
      "cost": 3.5890968936517003
    },
    {
      "u": "V9",
      "v": "V12",
      "cost": 2.108834272356346
    },
    {
      "u": "V9",
      "v": "V13",
      "cost": 4.003017754803602
    },
    {
      "u": "V9",
      "v": "V14",
      "cost": 9.740683350003604
    },
    {
      "u": "V10",
      "v": "D1",
      "cost": 11.01807928755492
    },
    {
      "u": "V10",
      "v": "D2",
      "cost": 11.309153227158777
    },
    {
      "u": "V10",
      "v": "D3",
      "cost": 10.78406838161071
    },
    {
      "u": "V10",
      "v": "D4",
      "cost": 1.7352799797441345
    },
    {
      "u": "V10",
      "v": "V1",
      "cost": 9.570158198722574
    },
    {
      "u": "V10",
      "v": "V2",
      "cost": 8.421350839719727
    },
    {
      "u": "V10",
      "v": "V3",
      "cost": 8.337853673524306
    },
    {
      "u": "V10",
      "v": "V4",
      "cost": 8.227589629506273
    },
    {
      "u": "V10",
      "v": "V5",
      "cost": 4.289938259683923
    },
    {
      "u": "V10",
      "v": "V6",
      "cost": 1.7206628391103689
    },
    {
      "u": "V10",
      "v": "V7",
      "cost": 8.752592001832866
    },
    {
      "u": "V10",
      "v": "V8",
      "cost": 2.3262225737269415
    },
    {
      "u": "V10",
      "v": "V9",
      "cost": 10.285965505974128
    },
    {
      "u": "V10",
      "v": "V11",
      "cost": 6.744021893736812
    },
    {
      "u": "V10",
      "v": "V12",
      "cost": 9.777704012738038
    },
    {
      "u": "V10",
      "v": "V13",
      "cost": 7.412530716563628
    },
    {
      "u": "V10",
      "v": "V14",
      "cost": 2.817190742201143
    },
    {
      "u": "V11",
      "v": "D1",
      "cost": 6.441475463676974
    },
    {
      "u": "V11",
      "v": "D2",
      "cost": 6.009067891020327
    },
    {
      "u": "V11",
      "v": "D3",
      "cost": 4.370088544966282
    },
    {
      "u": "V11",
      "v": "D4",
      "cost": 8.34497156461261
    },
    {
      "u": "V11",
      "v": "V1",
      "cost": 5.488308342857732
    },
    {
      "u": "V11",
      "v": "V2",
      "cost": 1.8712546435188113
    },
    {
      "u": "V11",
      "v": "V3",
      "cost": 5.361412239492234
    },
    {
      "u": "V11",
      "v": "V4",
      "cost": 3.8056658849788576
    },
    {
      "u": "V11",
      "v": "V5",
      "cost": 2.539532817017187
    },
    {
      "u": "V11",
      "v": "V6",
      "cost": 7.2917414951919595
    },
    {
      "u": "V11",
      "v": "V7",
      "cost": 3.763691351448988
    },
    {
      "u": "V11",
      "v": "V8",
      "cost": 4.470847443768245
    },
    {
      "u": "V11",
      "v": "V9",
      "cost": 3.5890968936517003
    },
    {
      "u": "V11",
      "v": "V10",
      "cost": 6.744021893736812
    },
    {
      "u": "V11",
      "v": "V12",
      "cost": 3.7584056848099983
    },
    {
      "u": "V11",
      "v": "V13",
      "cost": 2.821640350621596
    },
    {
      "u": "V11",
      "v": "V14",
      "cost": 6.211666984471294
    },
    {
      "u": "V12",
      "v": "D1",
      "cost": 3.2699873913587645
    },
    {
      "u": "V12",
      "v": "D2",
      "cost": 2.409827323008476
    },
    {
      "u": "V12",
      "v": "D3",
      "cost": 4.884205126927762
    },
    {
      "u": "V12",
      "v": "D4",
      "cost": 11.1440743811173
    },
    {
      "u": "V12",
      "v": "V1",
      "cost": 3.0916785257565707
    },
    {
      "u": "V12",
      "v": "V2",
      "cost": 2.01193036227618
    },
    {
      "u": "V12",
      "v": "V3",
      "cost": 4.0516862180110005
    },
    {
      "u": "V12",
      "v": "V4",
      "cost": 6.7426642183752445
    },
    {
      "u": "V12",
      "v": "V5",
      "cost": 5.575832219268414
    },
    {
      "u": "V12",
      "v": "V6",
      "cost": 9.810477991585401
    },
    {
      "u": "V12",
      "v": "V7",
      "cost": 1.6743754016666292
    },
    {
      "u": "V12",
      "v": "V8",
      "cost": 7.466864683463508
    },
    {
      "u": "V12",
      "v": "V9",
      "cost": 2.108834272356346
    },
    {
      "u": "V12",
      "v": "V10",
      "cost": 9.777704012738038
    },
    {
      "u": "V12",
      "v": "V11",
      "cost": 3.7584056848099983
    },
    {
      "u": "V12",
      "v": "V13",
      "cost": 2.5632178958339953
    },
    {
      "u": "V12",
      "v": "V14",
      "cost": 9.826713816293593
    },
    {
      "u": "V13",
      "v": "D1",
      "cost": 3.941533829423685
    },
    {
      "u": "V13",
      "v": "D2",
      "cost": 3.936509894020669
    },
    {
      "u": "V13",
      "v": "D3",
      "cost": 6.16671301316386
    },
    {
      "u": "V13",
      "v": "D4",
      "cost": 8.675053432424164
    },
    {
      "u": "V13",
      "v": "V1",
      "cost": 2.757061825308827
    },
    {
      "u": "V13",
      "v": "V2",
      "cost": 2.425227656787469
    },
    {
      "u": "V13",
      "v": "V3",
      "cost": 2.5721288758114564
    },
    {
      "u": "V13",
      "v": "V4",
      "cost": 6.597894803069965
    },
    {
      "u": "V13",
      "v": "V5",
      "cost": 3.4687415404528554
    },
    {
      "u": "V13",
      "v": "V6",
      "cost": 7.294662318171805
    },
    {
      "u": "V13",
      "v": "V7",
      "cost": 1.3577462543787808
    },
    {
      "u": "V13",
      "v": "V8",
      "cost": 5.164916312356668
    },
    {
      "u": "V13",
      "v": "V9",
      "cost": 4.003017754803602
    },
    {
      "u": "V13",
      "v": "V10",
      "cost": 7.412530716563628
    },
    {
      "u": "V13",
      "v": "V11",
      "cost": 2.821640350621596
    },
    {
      "u": "V13",
      "v": "V12",
      "cost": 2.5632178958339953
    },
    {
      "u": "V13",
      "v": "V14",
      "cost": 7.901202728083966
    },
    {
      "u": "V14",
      "v": "D1",
      "cost": 11.813848378931697
    },
    {
      "u": "V14",
      "v": "D2",
      "cost": 11.791161448823667
    },
    {
      "u": "V14",
      "v": "D3",
      "cost": 9.491539706898346
    },
    {
      "u": "V14",
      "v": "D4",
      "cost": 4.272590714127673
    },
    {
      "u": "V14",
      "v": "V1",
      "cost": 10.482475929300737
    },
    {
      "u": "V14",
      "v": "V2",
      "cost": 8.077522055365318
    },
    {
      "u": "V14",
      "v": "V3",
      "cost": 9.54687156385239
    },
    {
      "u": "V14",
      "v": "V4",
      "cost": 6.326114638753868
    },
    {
      "u": "V14",
      "v": "V5",
      "cost": 4.435253597191179
    },
    {
      "u": "V14",
      "v": "V6",
      "cost": 4.5173697166112445
    },
    {
      "u": "V14",
      "v": "V7",
      "cost": 9.238325621138156
    },
    {
      "u": "V14",
      "v": "V8",
      "cost": 3.223714180270511
    },
    {
      "u": "V14",
      "v": "V9",
      "cost": 9.740683350003604
    },
    {
      "u": "V14",
      "v": "V10",
      "cost": 2.817190742201143
    },
    {
      "u": "V14",
      "v": "V11",
      "cost": 6.211666984471294
    },
    {
      "u": "V14",
      "v": "V12",
      "cost": 9.826713816293593
    },
    {
      "u": "V14",
      "v": "V13",
      "cost": 7.901202728083966
    }
  ],
  "number_of_uav": null
}