{
  "n_center": 2,
  "n_community": 8,
  "n_warehouse": 6,
  "set_F": [
    "F1",
    "F2",
    "F3",
    "F4",
    "F5",
    "F6"
  ],
  "set_D": [
    "D1",
    "D2"
  ],
  "set_V": [
    "V1",
    "V2",
    "V3",
    "V4",
    "V5",
    "V6",
    "V7",
    "V8"
  ],
  "set_A": [
    "('F1', 'D1')",
    "('F1', 'D2')",
    "('F2', 'D1')",
    "('F2', 'D2')",
    "('F3', 'D1')",
    "('F3', 'D2')",
    "('F4', 'D1')",
    "('F4', 'D2')",
    "('F5', 'D1')",
    "('F5', 'D2')",
    "('F6', 'D1')",
    "('F6', 'D2')",
    "('D1', 'D2')",
    "('D1', 'V1')",
    "('D1', 'V2')",
    "('D1', 'V3')",
    "('D1', 'V4')",
    "('D1', 'V5')",
    "('D1', 'V6')",
    "('D1', 'V7')",
    "('D1', 'V8')",
    "('D2', 'D1')",
    "('D2', 'V1')",
    "('D2', 'V2')",
    "('D2', 'V3')",
    "('D2', 'V4')",
    "('D2', 'V5')",
    "('D2', 'V6')",
    "('D2', 'V7')",
    "('D2', 'V8')",
    "('V1', 'D1')",
    "('V1', 'D2')",
    "('V1', 'V2')",
    "('V1', 'V3')",
    "('V1', 'V4')",
    "('V1', 'V5')",
    "('V1', 'V6')",
    "('V1', 'V7')",
    "('V1', 'V8')",
    "('V2', 'D1')",
    "('V2', 'D2')",
    "('V2', 'V1')",
    "('V2', 'V3')",
    "('V2', 'V4')",
    "('V2', 'V5')",
    "('V2', 'V6')",
    "('V2', 'V7')",
    "('V2', 'V8')",
    "('V3', 'D1')",
    "('V3', 'D2')",
    "('V3', 'V1')",
    "('V3', 'V2')",
    "('V3', 'V4')",
    "('V3', 'V5')",
    "('V3', 'V6')",
    "('V3', 'V7')",
    "('V3', 'V8')",
    "('V4', 'D1')",
    "('V4', 'D2')",
    "('V4', 'V1')",
    "('V4', 'V2')",
    "('V4', 'V3')",
    "('V4', 'V5')",
    "('V4', 'V6')",
    "('V4', 'V7')",
    "('V4', 'V8')",
    "('V5', 'D1')",
    "('V5', 'D2')",
    "('V5', 'V1')",
    "('V5', 'V2')",
    "('V5', 'V3')",
    "('V5', 'V4')",
    "('V5', 'V6')",
    "('V5', 'V7')",
    "('V5', 'V8')",
    "('V6', 'D1')",
    "('V6', 'D2')",
    "('V6', 'V1')",
    "('V6', 'V2')",
    "('V6', 'V3')",
    "('V6', 'V4')",
    "('V6', 'V5')",
    "('V6', 'V7')",
    "('V6', 'V8')",
    "('V7', 'D1')",
    "('V7', 'D2')",
    "('V7', 'V1')",
    "('V7', 'V2')",
    "('V7', 'V3')",
    "('V7', 'V4')",
    "('V7', 'V5')",
    "('V7', 'V6')",
    "('V7', 'V8')",
    "('V8', 'D1')",
    "('V8', 'D2')",
    "('V8', 'V1')",
    "('V8', 'V2')",
    "('V8', 'V3')",
    "('V8', 'V4')",
    "('V8', 'V5')",
    "('V8', 'V6')",
    "('V8', 'V7')"
  ],
  "set_L": [
    "L1",
    "L2",
    "L3",
    "L4",
    "L5"
  ],
  "set_T": [
    "T1",
    "T2",
    "T3",
    "T4",
    "T5",
    "T6",
    "T7",
    "T8"
  ],
  "set_U": [
    "U1",
    "U2",
    "U3",
    "U4",
    "U5",
    "U6",
    "U7",
    "U8"
  ],
  "par_d": {
    "V1": 33,
    "V2": 9,
    "V3": 38,
    "V4": 30,
    "V5": 29,
    "V6": 11,
    "V7": 37,
    "V8": 18
  },
  "par_r": 157,
  "par_n": 250,
  "par_h": 50,
  "par_m": 180,
  "par_v": 28,
  "par_l": {
    "L1": 120,
    "L2": 132,
    "L3": 144,
    "L4": 156,
    "L5": 168
  },
  "par_f": {
    "D1": 117.0,
    "D2": 74.0
  },
  "par_o_items": [
    {
      "j": "D1",
      "l": "L1",
      "value": 45.0
    },
    {
      "j": "D1",
      "l": "L2",
      "value": 49.0
    },
    {
      "j": "D1",
      "l": "L3",
      "value": 53.0
    },
    {
      "j": "D1",
      "l": "L4",
      "value": 56.0
    },
    {
      "j": "D1",
      "l": "L5",
      "value": 60.0
    },
    {
      "j": "D2",
      "l": "L1",
      "value": 45.0
    },
    {
      "j": "D2",
      "l": "L2",
      "value": 49.0
    },
    {
      "j": "D2",
      "l": "L3",
      "value": 53.0
    },
    {
      "j": "D2",
      "l": "L4",
      "value": 56.0
    },
    {
      "j": "D2",
      "l": "L5",
      "value": 60.0
    }
  ],
  "par_s_items": [
    {
      "j": "D1",
      "l": "L1",
      "value": 120.0
    },
    {
      "j": "D1",
      "l": "L2",
      "value": 132.0
    },
    {
      "j": "D1",
      "l": "L3",
      "value": 144.0
    },
    {
      "j": "D1",
      "l": "L4",
      "value": 156.0
    },
    {
      "j": "D1",
      "l": "L5",
      "value": 168.0
    },
    {
      "j": "D2",
      "l": "L1",
      "value": 120.0
    },
    {
      "j": "D2",
      "l": "L2",
      "value": 132.0
    },
    {
      "j": "D2",
      "l": "L3",
      "value": 144.0
    },
    {
      "j": "D2",
      "l": "L4",
      "value": 156.0
    },
    {
      "j": "D2",
      "l": "L5",
      "value": 168.0
    }
  ],
  "par_t": 205.0,
  "par_c": {
    "('F1', 'D1')": 20.15422422267844,
    "('F1', 'D2')": 19.705994921207147,
    "('F2', 'D1')": 9.238359683917214,
    "('F2', 'D2')": 8.136002782122986,
    "('F3', 'D1')": 18.576818205085342,
    "('F3', 'D2')": 19.207559263913517,
    "('F4', 'D1')": 7.828464114412749,
    "('F4', 'D2')": 8.815959404537292,
    "('F5', 'D1')": 10.494162416779377,
    "('F5', 'D2')": 11.778801249122692,
    "('F6', 'D1')": 16.348128260147767,
    "('F6', 'D2')": 17.31103138995,
    "('D1', 'D2')": 1.299234708453402,
    "('D1', 'V1')": 4.650751603487872,
    "('D1', 'V2')": 8.840724694201334,
    "('D1', 'V3')": 7.143790374921051,
    "('D1', 'V4')": 8.163039219931585,
    "('D1', 'V5')": 2.594484674753143,
    "('D1', 'V6')": 9.521900705923208,
    "('D1', 'V7')": 11.1989649220497,
    "('D1', 'V8')": 3.8340276876887214,
    "('D2', 'D1')": 1.299234708453402,
    "('D2', 'V1')": 5.499719702716587,
    "('D2', 'V2')": 8.150731817774375,
    "('D2', 'V3')": 6.868125886734666,
    "('D2', 'V4')": 8.47236025548893,
    "('D2', 'V5')": 2.713362648846291,
    "('D2', 'V6')": 9.901824728422765,
    "('D2', 'V7')": 10.742468512367862,
    "('D2', 'V8')": 4.252674594171832,
    "('V1', 'D1')": 4.650751603487872,
    "('V1', 'D2')": 5.499719702716587,
    "('V1', 'V2')": 8.521730116433515,
    "('V1', 'V3')": 5.6663406218887244,
    "('V1', 'V4')": 4.448957875019311,
    "('V1', 'V5')": 3.317176330534929,
    "('V1', 'V6')": 5.477055561430185,
    "('V1', 'V7')": 9.64027487047572,
    "('V1', 'V8')": 2.0137339726569627,
    "('V2', 'D1')": 8.840724694201334,
    "('V2', 'D2')": 8.150731817774375,
    "('V2', 'V1')": 8.521730116433515,
    "('V2', 'V3')": 3.0468103727538853,
    "('V2', 'V4')": 6.55102689796196,
    "('V2', 'V5')": 6.62623562267622,
    "('V2', 'V6')": 7.642866344322975,
    "('V2', 'V7')": 3.145093292779153,
    "('V2', 'V8')": 6.735620234345489,
    "('V3', 'D1')": 7.143790374921051,
    "('V3', 'D2')": 6.868125886734666,
    "('V3', 'V1')": 5.6663406218887244,
    "('V3', 'V2')": 3.0468103727538853,
    "('V3', 'V4')": 3.680808152619289,
    "('V3', 'V5')": 4.592576427129607,
    "('V3', 'V6')": 4.9717862448150525,
    "('V3', 'V7')": 4.173261136356761,
    "('V3', 'V8')": 4.125038064895637,
    "('V4', 'D1')": 8.163039219931585,
    "('V4', 'D2')": 8.47236025548893,
    "('V4', 'V1')": 4.448957875019311,
    "('V4', 'V2')": 6.55102689796196,
    "('V4', 'V3')": 3.680808152619289,
    "('V4', 'V5')": 5.759758397739971,
    "('V4', 'V6')": 1.4865041898016447,
    "('V4', 'V7')": 6.235662997368273,
    "('V4', 'V8')": 4.32921368014997,
    "('V5', 'D1')": 2.594484674753143,
    "('V5', 'D2')": 2.713362648846291,
    "('V5', 'V1')": 3.317176330534929,
    "('V5', 'V2')": 6.62623562267622,
    "('V5', 'V3')": 4.592576427129607,
    "('V5', 'V4')": 5.759758397739971,
    "('V5', 'V6')": 7.189630428881636,
    "('V5', 'V7')": 8.714241881301101,
    "('V5', 'V8')": 1.6128542086774107,
    "('V6', 'D1')": 9.521900705923208,
    "('V6', 'D2')": 9.901824728422765,
    "('V6', 'V1')": 5.477055561430185,
    "('V6', 'V2')": 7.642866344322975,
    "('V6', 'V3')": 4.9717862448150525,
    "('V6', 'V4')": 1.4865041898016447,
    "('V6', 'V5')": 7.189630428881636,
    "('V6', 'V7')": 6.766921908912143,
    "('V6', 'V8')": 5.699755996515913,
    "('V7', 'D1')": 11.1989649220497,
    "('V7', 'D2')": 10.742468512367862,
    "('V7', 'V1')": 9.64027487047572,
    "('V7', 'V2')": 3.145093292779153,
    "('V7', 'V3')": 4.173261136356761,
    "('V7', 'V4')": 6.235662997368273,
    "('V7', 'V5')": 8.714241881301101,
    "('V7', 'V6')": 6.766921908912143,
    "('V7', 'V8')": 8.278215851179342,
    "('V8', 'D1')": 3.8340276876887214,
    "('V8', 'D2')": 4.252674594171832,
    "('V8', 'V1')": 2.0137339726569627,
    "('V8', 'V2')": 6.735620234345489,
    "('V8', 'V3')": 4.125038064895637,
    "('V8', 'V4')": 4.32921368014997,
    "('V8', 'V5')": 1.6128542086774107,
    "('V8', 'V6')": 5.699755996515913,
    "('V8', 'V7')": 8.278215851179342
  },
  "par_a": [
    120,
    132,
    144,
    156,
    168
  ],
  "_distance": {
    "('F1', 'F1')": 0.0,
    "('F1', 'F2')": 23.286626126050916,
    "('F1', 'F3')": 16.196114762520743,
    "('F1', 'F4')": 27.46844457132573,
    "('F1', 'F5')": 27.100031454669402,
    "('F1', 'F6')": 20.717750929581626,
    "('F1', 'D1')": 20.15422422267844,
    "('F1', 'D2')": 19.705994921207147,
    "('F1', 'V1')": 18.041103350300983,
    "('F1', 'V2')": 11.759049915685615,
    "('F1', 'V3')": 13.044903459647054,
    "('F1', 'V4')": 13.845461282261663,
    "('F1', 'V5')": 17.634785911080723,
    "('F1', 'V6')": 13.539590935870509,
    "('F1', 'V7')": 8.967565074116898,
    "('F1', 'V8')": 17.01336692800666,
    "('F2', 'F1')": 23.286626126050916,
    "('F2', 'F2')": 0.0,
    "('F2', 'F3')": 26.804962974005406,
    "('F2', 'F4')": 13.719903192030458,
    "('F2', 'F5')": 18.613106250437173,
    "('F2', 'F6')": 25.41242974151983,
    "('F2', 'D1')": 9.238359683917214,
    "('F2', 'D2')": 8.136002782122986,
    "('F2', 'V1')": 13.590138172421721,
    "('F2', 'V2')": 12.104820726684764,
    "('F2', 'V3')": 12.830631575625825,
    "('F2', 'V4')": 15.721898547694922,
    "('F2', 'V5')": 10.442684429995234,
    "('F2', 'V6')": 17.208122476802753,
    "('F2', 'V7')": 15.248941789229544,
    "('F2', 'V8')": 12.0485812934007,
    "('F3', 'F1')": 16.196114762520743,
    "('F3', 'F2')": 26.804962974005406,
    "('F3', 'F3')": 0.0,
    "('F3', 'F4')": 22.08269288785346,
    "('F3', 'F5')": 18.261459071122943,
    "('F3', 'F6')": 6.173359159869582,
    "('F3', 'D1')": 18.576818205085342,
    "('F3', 'D2')": 19.207559263913517,
    "('F3', 'V1')": 13.981626108105344,
    "('F3', 'V2')": 16.561170566213274,
    "('F3', 'V3')": 14.404439453896869,
    "('F3', 'V4')": 11.098077397366863,
    "('F3', 'V5')": 16.558049091089355,
    "('F3', 'V6')": 9.61825113677082,
    "('F3', 'V7')": 14.449587328214248,
    "('F3', 'V8')": 14.964617566738012,
    "('F4', 'F1')": 27.46844457132573,
    "('F4', 'F2')": 13.719903192030458,
    "('F4', 'F3')": 22.08269288785346,
    "('F4', 'F4')": 0.0,
    "('F4', 'F5')": 5.989249260919518,
    "('F4', 'F6')": 17.77869338875073,
    "('F4', 'D1')": 7.828464114412749,
    "('F4', 'D2')": 8.815959404537292,
    "('F4', 'V1')": 9.681455465383445,
    "('F4', 'V2')": 16.596169560231157,
    "('F4', 'V3')": 14.494024887512637,
    "('F4', 'V4')": 14.130228304055464,
    "('F4', 'V5')": 10.013256154640322,
    "('F4', 'V6')": 15.066953813157308,
    "('F4', 'V7')": 18.665390700797925,
    "('F4', 'V8')": 10.455078103970875,
    "('F5', 'F1')": 27.100031454669402,
    "('F5', 'F2')": 18.613106250437173,
    "('F5', 'F3')": 18.261459071122943,
    "('F5', 'F4')": 5.989249260919518,
    "('F5', 'F5')": 0.0,
    "('F5', 'F6')": 13.034265983274006,
    "('F5', 'D1')": 10.494162416779377,
    "('F5', 'D2')": 11.778801249122692,
    "('F5', 'V1')": 9.442270563260697,
    "('F5', 'V2')": 17.863513654106328,
    "('F5', 'V3')": 15.102488118272639,
    "('F5', 'V4')": 13.264769392035516,
    "('F5', 'V5')": 11.567414856736999,
    "('F5', 'V6')": 13.645522672685129,
    "('F5', 'V7')": 19.051651511925865,
    "('F5', 'V8')": 11.128598650041047,
    "('F6', 'F1')": 20.717750929581626,
    "('F6', 'F2')": 25.41242974151983,
    "('F6', 'F3')": 6.173359159869582,
    "('F6', 'F4')": 17.77869338875073,
    "('F6', 'F5')": 13.034265983274006,
    "('F6', 'F6')": 0.0,
    "('F6', 'D1')": 16.348128260147767,
    "('F6', 'D2')": 17.31103138995,
    "('F6', 'V1')": 11.823445759231037,
    "('F6', 'V2')": 17.475644741783587,
    "('F6', 'V3')": 14.658646267015332,
    "('F6', 'V4')": 10.980448706645944,
    "('F6', 'V5')": 15.02502512655413,
    "('F6', 'V6')": 9.843250458143629,
    "('F6', 'V7')": 16.36047466858943,
    "('F6', 'V8')": 13.461245044483404,
    "('D1', 'F1')": 20.15422422267844,
    "('D1', 'F2')": 9.238359683917214,
    "('D1', 'F3')": 18.576818205085342,
    "('D1', 'F4')": 7.828464114412749,
    "('D1', 'F5')": 10.494162416779377,
    "('D1', 'F6')": 16.348128260147767,
    "('D1', 'D1')": 0.0,
    "('D1', 'D2')": 1.299234708453402,
    "('D1', 'V1')": 4.650751603487872,
    "('D1', 'V2')": 8.840724694201334,
    "('D1', 'V3')": 7.143790374921051,
    "('D1', 'V4')": 8.163039219931585,
    "('D1', 'V5')": 2.594484674753143,
    "('D1', 'V6')": 9.521900705923208,
    "('D1', 'V7')": 11.1989649220497,
    "('D1', 'V8')": 3.8340276876887214,
    "('D2', 'F1')": 19.705994921207147,
    "('D2', 'F2')": 8.136002782122986,
    "('D2', 'F3')": 19.207559263913517,
    "('D2', 'F4')": 8.815959404537292,
    "('D2', 'F5')": 11.778801249122692,
    "('D2', 'F6')": 17.31103138995,
    "('D2', 'D1')": 1.299234708453402,
    "('D2', 'D2')": 0.0,
    "('D2', 'V1')": 5.499719702716587,
    "('D2', 'V2')": 8.150731817774375,
    "('D2', 'V3')": 6.868125886734666,
    "('D2', 'V4')": 8.47236025548893,
    "('D2', 'V5')": 2.713362648846291,
    "('D2', 'V6')": 9.901824728422765,
    "('D2', 'V7')": 10.742468512367862,
    "('D2', 'V8')": 4.252674594171832,
    "('V1', 'F1')": 18.041103350300983,
    "('V1', 'F2')": 13.590138172421721,
    "('V1', 'F3')": 13.981626108105344,
    "('V1', 'F4')": 9.681455465383445,
    "('V1', 'F5')": 9.442270563260697,
    "('V1', 'F6')": 11.823445759231037,
    "('V1', 'D1')": 4.650751603487872,
    "('V1', 'D2')": 5.499719702716587,
    "('V1', 'V1')": 0.0,
    "('V1', 'V2')": 8.521730116433515,
    "('V1', 'V3')": 5.6663406218887244,
    "('V1', 'V4')": 4.448957875019311,
    "('V1', 'V5')": 3.317176330534929,
    "('V1', 'V6')": 5.477055561430185,
    "('V1', 'V7')": 9.64027487047572,
    "('V1', 'V8')": 2.0137339726569627,
    "('V2', 'F1')": 11.759049915685615,
    "('V2', 'F2')": 12.104820726684764,
    "('V2', 'F3')": 16.561170566213274,
    "('V2', 'F4')": 16.596169560231157,
    "('V2', 'F5')": 17.863513654106328,
    "('V2', 'F6')": 17.475644741783587,
    "('V2', 'D1')": 8.840724694201334,
    "('V2', 'D2')": 8.150731817774375,
    "('V2', 'V1')": 8.521730116433515,
    "('V2', 'V2')": 0.0,
    "('V2', 'V3')": 3.0468103727538853,
    "('V2', 'V4')": 6.55102689796196,
    "('V2', 'V5')": 6.62623562267622,
    "('V2', 'V6')": 7.642866344322975,
    "('V2', 'V7')": 3.145093292779153,
    "('V2', 'V8')": 6.735620234345489,
    "('V3', 'F1')": 13.044903459647054,
    "('V3', 'F2')": 12.830631575625825,
    "('V3', 'F3')": 14.404439453896869,
    "('V3', 'F4')": 14.494024887512637,
    "('V3', 'F5')": 15.102488118272639,
    "('V3', 'F6')": 14.658646267015332,
    "('V3', 'D1')": 7.143790374921051,
    "('V3', 'D2')": 6.868125886734666,
    "('V3', 'V1')": 5.6663406218887244,
    "('V3', 'V2')": 3.0468103727538853,
    "('V3', 'V3')": 0.0,
    "('V3', 'V4')": 3.680808152619289,
    "('V3', 'V5')": 4.592576427129607,
    "('V3', 'V6')": 4.9717862448150525,
    "('V3', 'V7')": 4.173261136356761,
    "('V3', 'V8')": 4.125038064895637,
    "('V4', 'F1')": 13.845461282261663,
    "('V4', 'F2')": 15.721898547694922,
    "('V4', 'F3')": 11.098077397366863,
    "('V4', 'F4')": 14.130228304055464,
    "('V4', 'F5')": 13.264769392035516,
    "('V4', 'F6')": 10.980448706645944,
    "('V4', 'D1')": 8.163039219931585,
    "('V4', 'D2')": 8.47236025548893,
    "('V4', 'V1')": 4.448957875019311,
    "('V4', 'V2')": 6.55102689796196,
    "('V4', 'V3')": 3.680808152619289,
    "('V4', 'V4')": 0.0,
    "('V4', 'V5')": 5.759758397739971,
    "('V4', 'V6')": 1.4865041898016447,
    "('V4', 'V7')": 6.235662997368273,
    "('V4', 'V8')": 4.32921368014997,
    "('V5', 'F1')": 17.634785911080723,
    "('V5', 'F2')": 10.442684429995234,
    "('V5', 'F3')": 16.558049091089355,
    "('V5', 'F4')": 10.013256154640322,
    "('V5', 'F5')": 11.567414856736999,
    "('V5', 'F6')": 15.02502512655413,
    "('V5', 'D1')": 2.594484674753143,
    "('V5', 'D2')": 2.713362648846291,
    "('V5', 'V1')": 3.317176330534929,
    "('V5', 'V2')": 6.62623562267622,
    "('V5', 'V3')": 4.592576427129607,
    "('V5', 'V4')": 5.759758397739971,
    "('V5', 'V5')": 0.0,
    "('V5', 'V6')": 7.189630428881636,
    "('V5', 'V7')": 8.714241881301101,
    "('V5', 'V8')": 1.6128542086774107,
    "('V6', 'F1')": 13.539590935870509,
    "('V6', 'F2')": 17.208122476802753,
    "('V6', 'F3')": 9.61825113677082,
    "('V6', 'F4')": 15.066953813157308,
    "('V6', 'F5')": 13.645522672685129,
    "('V6', 'F6')": 9.843250458143629,
    "('V6', 'D1')": 9.521900705923208,
    "('V6', 'D2')": 9.901824728422765,
    "('V6', 'V1')": 5.477055561430185,
    "('V6', 'V2')": 7.642866344322975,
    "('V6', 'V3')": 4.9717862448150525,
    "('V6', 'V4')": 1.4865041898016447,
    "('V6', 'V5')": 7.189630428881636,
    "('V6', 'V6')": 0.0,
    "('V6', 'V7')": 6.766921908912143,
    "('V6', 'V8')": 5.699755996515913,
    "('V7', 'F1')": 8.967565074116898,
    "('V7', 'F2')": 15.248941789229544,
    "('V7', 'F3')": 14.449587328214248,
    "('V7', 'F4')": 18.665390700797925,
    "('V7', 'F5')": 19.051651511925865,
    "('V7', 'F6')": 16.36047466858943,
    "('V7', 'D1')": 11.1989649220497,
    "('V7', 'D2')": 10.742468512367862,
    "('V7', 'V1')": 9.64027487047572,
    "('V7', 'V2')": 3.145093292779153,
    "('V7', 'V3')": 4.173261136356761,
    "('V7', 'V4')": 6.235662997368273,
    "('V7', 'V5')": 8.714241881301101,
    "('V7', 'V6')": 6.766921908912143,
    "('V7', 'V7')": 0.0,
    "('V7', 'V8')": 8.278215851179342,
    "('V8', 'F1')": 17.01336692800666,
    "('V8', 'F2')": 12.0485812934007,
    "('V8', 'F3')": 14.964617566738012,
    "('V8', 'F4')": 10.455078103970875,
    "('V8', 'F5')": 11.128598650041047,
    "('V8', 'F6')": 13.461245044483404,
    "('V8', 'D1')": 3.8340276876887214,
    "('V8', 'D2')": 4.252674594171832,
    "('V8', 'V1')": 2.0137339726569627,
    "('V8', 'V2')": 6.735620234345489,
    "('V8', 'V3')": 4.125038064895637,
    "('V8', 'V4')": 4.32921368014997,
    "('V8', 'V5')": 1.6128542086774107,
    "('V8', 'V6')": 5.699755996515913,
    "('V8', 'V7')": 8.278215851179342,
    "('V8', 'V8')": 0.0
  },
  "tij": {
    "('F1', 'D1')": 20.15422422267844,
    "('F1', 'D2')": 19.705994921207147,
    "('F2', 'D1')": 9.238359683917214,
    "('F2', 'D2')": 8.136002782122986,
    "('F3', 'D1')": 18.576818205085342,
    "('F3', 'D2')": 19.207559263913517,
    "('F4', 'D1')": 7.828464114412749,
    "('F4', 'D2')": 8.815959404537292,
    "('F5', 'D1')": 10.494162416779377,
    "('F5', 'D2')": 11.778801249122692,
    "('F6', 'D1')": 16.348128260147767,
    "('F6', 'D2')": 17.31103138995,
    "('D1', 'D2')": 1.948852062680103,
    "('D1', 'V1')": 6.976127405231807,
    "('D1', 'V2')": 13.261087041302002,
    "('D1', 'V3')": 10.715685562381577,
    "('D1', 'V4')": 12.244558829897377,
    "('D1', 'V5')": 3.891727012129715,
    "('D1', 'V6')": 14.282851058884813,
    "('D1', 'V7')": 16.798447383074553,
    "('D1', 'V8')": 5.751041531533081,
    "('D2', 'D1')": 1.948852062680103,
    "('D2', 'V1')": 8.24957955407488,
    "('D2', 'V2')": 12.226097726661562,
    "('D2', 'V3')": 10.302188830102,
    "('D2', 'V4')": 12.708540383233395,
    "('D2', 'V5')": 4.070043973269437,
    "('D2', 'V6')": 14.852737092634149,
    "('D2', 'V7')": 16.113702768551796,
    "('D2', 'V8')": 6.379011891257748,
    "('V1', 'D1')": 6.976127405231807,
    "('V1', 'D2')": 8.24957955407488,
    "('V1', 'V2')": 12.782595174650272,
    "('V1', 'V3')": 8.499510932833086,
    "('V1', 'V4')": 6.6734368125289665,
    "('V1', 'V5')": 4.975764495802394,
    "('V1', 'V6')": 8.215583342145276,
    "('V1', 'V7')": 14.46041230571358,
    "('V1', 'V8')": 3.0206009589854443,
    "('V2', 'D1')": 13.261087041302002,
    "('V2', 'D2')": 12.226097726661562,
    "('V2', 'V1')": 12.782595174650272,
    "('V2', 'V3')": 4.570215559130828,
    "('V2', 'V4')": 9.82654034694294,
    "('V2', 'V5')": 9.93935343401433,
    "('V2', 'V6')": 11.464299516484463,
    "('V2', 'V7')": 4.71763993916873,
    "('V2', 'V8')": 10.103430351518233,
    "('V3', 'D1')": 10.715685562381577,
    "('V3', 'D2')": 10.302188830102,
    "('V3', 'V1')": 8.499510932833086,
    "('V3', 'V2')": 4.570215559130828,
    "('V3', 'V4')": 5.521212228928933,
    "('V3', 'V5')": 6.88886464069441,
    "('V3', 'V6')": 7.457679367222579,
    "('V3', 'V7')": 6.259891704535141,
    "('V3', 'V8')": 6.187557097343456,
    "('V4', 'D1')": 12.244558829897377,
    "('V4', 'D2')": 12.708540383233395,
    "('V4', 'V1')": 6.6734368125289665,
    "('V4', 'V2')": 9.82654034694294,
    "('V4', 'V3')": 5.521212228928933,
    "('V4', 'V5')": 8.639637596609957,
    "('V4', 'V6')": 2.229756284702467,
    "('V4', 'V7')": 9.35349449605241,
    "('V4', 'V8')": 6.493820520224955,
    "('V5', 'D1')": 3.891727012129715,
    "('V5', 'D2')": 4.070043973269437,
    "('V5', 'V1')": 4.975764495802394,
    "('V5', 'V2')": 9.93935343401433,
    "('V5', 'V3')": 6.88886464069441,
    "('V5', 'V4')": 8.639637596609957,
    "('V5', 'V6')": 10.784445643322453,
    "('V5', 'V7')": 13.071362821951652,
    "('V5', 'V8')": 2.419281313016116,
    "('V6', 'D1')": 14.282851058884813,
    "('V6', 'D2')": 14.852737092634149,
    "('V6', 'V1')": 8.215583342145276,
    "('V6', 'V2')": 11.464299516484463,
    "('V6', 'V3')": 7.457679367222579,
    "('V6', 'V4')": 2.229756284702467,
    "('V6', 'V5')": 10.784445643322453,
    "('V6', 'V7')": 10.150382863368215,
    "('V6', 'V8')": 8.549633994773869,
    "('V7', 'D1')": 16.798447383074553,
    "('V7', 'D2')": 16.113702768551796,
    "('V7', 'V1')": 14.46041230571358,
    "('V7', 'V2')": 4.71763993916873,
    "('V7', 'V3')": 6.259891704535141,
    "('V7', 'V4')": 9.35349449605241,
    "('V7', 'V5')": 13.071362821951652,
    "('V7', 'V6')": 10.150382863368215,
    "('V7', 'V8')": 12.417323776769013,
    "('V8', 'D1')": 5.751041531533081,
    "('V8', 'D2')": 6.379011891257748,
    "('V8', 'V1')": 3.0206009589854443,
    "('V8', 'V2')": 10.103430351518233,
    "('V8', 'V3')": 6.187557097343456,
    "('V8', 'V4')": 6.493820520224955,
    "('V8', 'V5')": 2.419281313016116,
    "('V8', 'V6')": 8.549633994773869,
    "('V8', 'V7')": 12.417323776769013
  },
  "waktu": {
    "('F1', 'D1')": 20.15422422267844,
    "('F1', 'D2')": 19.705994921207147,
    "('F2', 'D1')": 9.238359683917214,
    "('F2', 'D2')": 8.136002782122986,
    "('F3', 'D1')": 18.576818205085342,
    "('F3', 'D2')": 19.207559263913517,
    "('F4', 'D1')": 7.828464114412749,
    "('F4', 'D2')": 8.815959404537292,
    "('F5', 'D1')": 10.494162416779377,
    "('F5', 'D2')": 11.778801249122692,
    "('F6', 'D1')": 16.348128260147767,
    "('F6', 'D2')": 17.31103138995,
    "('D1', 'D2')": 1.948852062680103,
    "('D1', 'V1')": 6.976127405231807,
    "('D1', 'V2')": 13.261087041302002,
    "('D1', 'V3')": 10.715685562381577,
    "('D1', 'V4')": 12.244558829897377,
    "('D1', 'V5')": 3.891727012129715,
    "('D1', 'V6')": 14.282851058884813,
    "('D1', 'V7')": 16.798447383074553,
    "('D1', 'V8')": 5.751041531533081,
    "('D2', 'D1')": 1.948852062680103,
    "('D2', 'V1')": 8.24957955407488,
    "('D2', 'V2')": 12.226097726661562,
    "('D2', 'V3')": 10.302188830102,
    "('D2', 'V4')": 12.708540383233395,
    "('D2', 'V5')": 4.070043973269437,
    "('D2', 'V6')": 14.852737092634149,
    "('D2', 'V7')": 16.113702768551796,
    "('D2', 'V8')": 6.379011891257748,
    "('V1', 'D1')": 6.976127405231807,
    "('V1', 'D2')": 8.24957955407488,
    "('V1', 'V2')": 12.782595174650272,
    "('V1', 'V3')": 8.499510932833086,
    "('V1', 'V4')": 6.6734368125289665,
    "('V1', 'V5')": 4.975764495802394,
    "('V1', 'V6')": 8.215583342145276,
    "('V1', 'V7')": 14.46041230571358,
    "('V1', 'V8')": 3.0206009589854443,
    "('V2', 'D1')": 13.261087041302002,
    "('V2', 'D2')": 12.226097726661562,
    "('V2', 'V1')": 12.782595174650272,
    "('V2', 'V3')": 4.570215559130828,
    "('V2', 'V4')": 9.82654034694294,
    "('V2', 'V5')": 9.93935343401433,
    "('V2', 'V6')": 11.464299516484463,
    "('V2', 'V7')": 4.71763993916873,
    "('V2', 'V8')": 10.103430351518233,
    "('V3', 'D1')": 10.715685562381577,
    "('V3', 'D2')": 10.302188830102,
    "('V3', 'V1')": 8.499510932833086,
    "('V3', 'V2')": 4.570215559130828,
    "('V3', 'V4')": 5.521212228928933,
    "('V3', 'V5')": 6.88886464069441,
    "('V3', 'V6')": 7.457679367222579,
    "('V3', 'V7')": 6.259891704535141,
    "('V3', 'V8')": 6.187557097343456,
    "('V4', 'D1')": 12.244558829897377,
    "('V4', 'D2')": 12.708540383233395,
    "('V4', 'V1')": 6.6734368125289665,
    "('V4', 'V2')": 9.82654034694294,
    "('V4', 'V3')": 5.521212228928933,
    "('V4', 'V5')": 8.639637596609957,
    "('V4', 'V6')": 2.229756284702467,
    "('V4', 'V7')": 9.35349449605241,
    "('V4', 'V8')": 6.493820520224955,
    "('V5', 'D1')": 3.891727012129715,
    "('V5', 'D2')": 4.070043973269437,
    "('V5', 'V1')": 4.975764495802394,
    "('V5', 'V2')": 9.93935343401433,
    "('V5', 'V3')": 6.88886464069441,
    "('V5', 'V4')": 8.639637596609957,
    "('V5', 'V6')": 10.784445643322453,
    "('V5', 'V7')": 13.071362821951652,
    "('V5', 'V8')": 2.419281313016116,
    "('V6', 'D1')": 14.282851058884813,
    "('V6', 'D2')": 14.852737092634149,
    "('V6', 'V1')": 8.215583342145276,
    "('V6', 'V2')": 11.464299516484463,
    "('V6', 'V3')": 7.457679367222579,
    "('V6', 'V4')": 2.229756284702467,
    "('V6', 'V5')": 10.784445643322453,
    "('V6', 'V7')": 10.150382863368215,
    "('V6', 'V8')": 8.549633994773869,
    "('V7', 'D1')": 16.798447383074553,
    "('V7', 'D2')": 16.113702768551796,
    "('V7', 'V1')": 14.46041230571358,
    "('V7', 'V2')": 4.71763993916873,
    "('V7', 'V3')": 6.259891704535141,
    "('V7', 'V4')": 9.35349449605241,
    "('V7', 'V5')": 13.071362821951652,
    "('V7', 'V6')": 10.150382863368215,
    "('V7', 'V8')": 12.417323776769013,
    "('V8', 'D1')": 5.751041531533081,
    "('V8', 'D2')": 6.379011891257748,
    "('V8', 'V1')": 3.0206009589854443,
    "('V8', 'V2')": 10.103430351518233,
    "('V8', 'V3')": 6.187557097343456,
    "('V8', 'V4')": 6.493820520224955,
    "('V8', 'V5')": 2.419281313016116,
    "('V8', 'V6')": 8.549633994773869,
    "('V8', 'V7')": 12.417323776769013
  },
  "truck_arcs": [
    {
      "p": "F1",
      "j": "D1",
      "cost": 20.15422422267844
    },
    {
      "p": "F1",
      "j": "D2",
      "cost": 19.705994921207147
    },
    {
      "p": "F2",
      "j": "D1",
      "cost": 9.238359683917214
    },
    {
      "p": "F2",
      "j": "D2",
      "cost": 8.136002782122986
    },
    {
      "p": "F3",
      "j": "D1",
      "cost": 18.576818205085342
    },
    {
      "p": "F3",
      "j": "D2",
      "cost": 19.207559263913517
    },
    {
      "p": "F4",
      "j": "D1",
      "cost": 7.828464114412749
    },
    {
      "p": "F4",
      "j": "D2",
      "cost": 8.815959404537292
    },
    {
      "p": "F5",
      "j": "D1",
      "cost": 10.494162416779377
    },
    {
      "p": "F5",
      "j": "D2",
      "cost": 11.778801249122692
    },
    {
      "p": "F6",
      "j": "D1",
      "cost": 16.348128260147767
    },
    {
      "p": "F6",
      "j": "D2",
      "cost": 17.31103138995
    }
  ],
  "uav_arcs": [
    {
      "u": "D1",
      "v": "D2",
      "cost": 1.299234708453402
    },
    {
      "u": "D1",
      "v": "V1",
      "cost": 4.650751603487872
    },
    {
      "u": "D1",
      "v": "V2",
      "cost": 8.840724694201334
    },
    {
      "u": "D1",
      "v": "V3",
      "cost": 7.143790374921051
    },
    {
      "u": "D1",
      "v": "V4",
      "cost": 8.163039219931585
    },
    {
      "u": "D1",
      "v": "V5",
      "cost": 2.594484674753143
    },
    {
      "u": "D1",
      "v": "V6",
      "cost": 9.521900705923208
    },
    {
      "u": "D1",
      "v": "V7",
      "cost": 11.1989649220497
    },
    {
      "u": "D1",
      "v": "V8",
      "cost": 3.8340276876887214
    },
    {
      "u": "D2",
      "v": "D1",
      "cost": 1.299234708453402
    },
    {
      "u": "D2",
      "v": "V1",
      "cost": 5.499719702716587
    },
    {
      "u": "D2",
      "v": "V2",
      "cost": 8.150731817774375
    },
    {
      "u": "D2",
      "v": "V3",
      "cost": 6.868125886734666
    },
    {
      "u": "D2",
      "v": "V4",
      "cost": 8.47236025548893
    },
    {
      "u": "D2",
      "v": "V5",
      "cost": 2.713362648846291
    },
    {
      "u": "D2",
      "v": "V6",
      "cost": 9.901824728422765
    },
    {
      "u": "D2",
      "v": "V7",
      "cost": 10.742468512367862
    },
    {
      "u": "D2",
      "v": "V8",
      "cost": 4.252674594171832
    },
    {
      "u": "V1",
      "v": "D1",
      "cost": 4.650751603487872
    },
    {
      "u": "V1",
      "v": "D2",
      "cost": 5.499719702716587
    },
    {
      "u": "V1",
      "v": "V2",
      "cost": 8.521730116433515
    },
    {
      "u": "V1",
      "v": "V3",
      "cost": 5.6663406218887244
    },
    {
      "u": "V1",
      "v": "V4",
      "cost": 4.448957875019311
    },
    {
      "u": "V1",
      "v": "V5",
      "cost": 3.317176330534929
    },
    {
      "u": "V1",
      "v": "V6",
      "cost": 5.477055561430185
    },
    {
      "u": "V1",
      "v": "V7",
      "cost": 9.64027487047572
    },
    {
      "u": "V1",
      "v": "V8",
      "cost": 2.0137339726569627
    },
    {
      "u": "V2",
      "v": "D1",
      "cost": 8.840724694201334
    },
    {
      "u": "V2",
      "v": "D2",
      "cost": 8.150731817774375
    },
    {
      "u": "V2",
      "v": "V1",
      "cost": 8.521730116433515
    },
    {
      "u": "V2",
      "v": "V3",
      "cost": 3.0468103727538853
    },
    {
      "u": "V2",
      "v": "V4",
      "cost": 6.55102689796196
    },
    {
      "u": "V2",
      "v": "V5",
      "cost": 6.62623562267622
    },
    {
      "u": "V2",
      "v": "V6",
      "cost": 7.642866344322975
    },
    {
      "u": "V2",
      "v": "V7",
      "cost": 3.145093292779153
    },
    {
      "u": "V2",
      "v": "V8",
      "cost": 6.735620234345489
    },
    {
      "u": "V3",
      "v": "D1",
      "cost": 7.143790374921051
    },
    {
      "u": "V3",
      "v": "D2",
      "cost": 6.868125886734666
    },
    {
      "u": "V3",
      "v": "V1",
      "cost": 5.6663406218887244
    },
    {
      "u": "V3",
      "v": "V2",
      "cost": 3.0468103727538853
    },
    {
      "u": "V3",
      "v": "V4",
      "cost": 3.680808152619289
    },
    {
      "u": "V3",
      "v": "V5",
      "cost": 4.592576427129607
    },
    {
      "u": "V3",
      "v": "V6",
      "cost": 4.9717862448150525
    },
    {
      "u": "V3",
      "v": "V7",
      "cost": 4.173261136356761
    },
    {
      "u": "V3",
      "v": "V8",
      "cost": 4.125038064895637
    },
    {
      "u": "V4",
      "v": "D1",
      "cost": 8.163039219931585
    },
    {
      "u": "V4",
      "v": "D2",
      "cost": 8.47236025548893
    },
    {
      "u": "V4",
      "v": "V1",
      "cost": 4.448957875019311
    },
    {
      "u": "V4",
      "v": "V2",
      "cost": 6.55102689796196
    },
    {
      "u": "V4",
      "v": "V3",
      "cost": 3.680808152619289
    },
    {
      "u": "V4",
      "v": "V5",
      "cost": 5.759758397739971
    },
    {
      "u": "V4",
      "v": "V6",
      "cost": 1.4865041898016447
    },
    {
      "u": "V4",
      "v": "V7",
      "cost": 6.235662997368273
    },
    {
      "u": "V4",
      "v": "V8",
      "cost": 4.32921368014997
    },
    {
      "u": "V5",
      "v": "D1",
      "cost": 2.594484674753143
    },
    {
      "u": "V5",
      "v": "D2",
      "cost": 2.713362648846291
    },
    {
      "u": "V5",
      "v": "V1",
      "cost": 3.317176330534929
    },
    {
      "u": "V5",
      "v": "V2",
      "cost": 6.62623562267622
    },
    {
      "u": "V5",
      "v": "V3",
      "cost": 4.592576427129607
    },
    {
      "u": "V5",
      "v": "V4",
      "cost": 5.759758397739971
    },
    {
      "u": "V5",
      "v": "V6",
      "cost": 7.189630428881636
    },
    {
      "u": "V5",
      "v": "V7",
      "cost": 8.714241881301101
    },
    {
      "u": "V5",
      "v": "V8",
      "cost": 1.6128542086774107
    },
    {
      "u": "V6",
      "v": "D1",
      "cost": 9.521900705923208
    },
    {
      "u": "V6",
      "v": "D2",
      "cost": 9.901824728422765
    },
    {
      "u": "V6",
      "v": "V1",
      "cost": 5.477055561430185
    },
    {
      "u": "V6",
      "v": "V2",
      "cost": 7.642866344322975
    },
    {
      "u": "V6",
      "v": "V3",
      "cost": 4.9717862448150525
    },
    {
      "u": "V6",
      "v": "V4",
      "cost": 1.4865041898016447
    },
    {
      "u": "V6",
      "v": "V5",
      "cost": 7.189630428881636
    },
    {
      "u": "V6",
      "v": "V7",
      "cost": 6.766921908912143
    },
    {
      "u": "V6",
      "v": "V8",
      "cost": 5.699755996515913
    },
    {
      "u": "V7",
      "v": "D1",
      "cost": 11.1989649220497
    },
    {
      "u": "V7",
      "v": "D2",
      "cost": 10.742468512367862
    },
    {
      "u": "V7",
      "v": "V1",
      "cost": 9.64027487047572
    },
    {
      "u": "V7",
      "v": "V2",
      "cost": 3.145093292779153
    },
    {
      "u": "V7",
      "v": "V3",
      "cost": 4.173261136356761
    },
    {
      "u": "V7",
      "v": "V4",
      "cost": 6.235662997368273
    },
    {
      "u": "V7",
      "v": "V5",
      "cost": 8.714241881301101
    },
    {
      "u": "V7",
      "v": "V6",
      "cost": 6.766921908912143
    },
    {
      "u": "V7",
      "v": "V8",
      "cost": 8.278215851179342
    },
    {
      "u": "V8",
      "v": "D1",
      "cost": 3.8340276876887214
    },
    {
      "u": "V8",
      "v": "D2",
      "cost": 4.252674594171832
    },
    {
      "u": "V8",
      "v": "V1",
      "cost": 2.0137339726569627
    },
    {
      "u": "V8",
      "v": "V2",
      "cost": 6.735620234345489
    },
    {
      "u": "V8",
      "v": "V3",
      "cost": 4.125038064895637
    },
    {
      "u": "V8",
      "v": "V4",
      "cost": 4.32921368014997
    },
    {
      "u": "V8",
      "v": "V5",
      "cost": 1.6128542086774107
    },
    {
      "u": "V8",
      "v": "V6",
      "cost": 5.699755996515913
    },
    {
      "u": "V8",
      "v": "V7",
      "cost": 8.278215851179342
    }
  ],
  "number_of_uav": null
}