{
  "n_center": 2,
  "n_community": 8,
  "n_warehouse": 6,
  "set_F": [
    "F1",
    "F2",
    "F3",
    "F4",
    "F5",
    "F6"
  ],
  "set_D": [
    "D1",
    "D2"
  ],
  "set_V": [
    "V1",
    "V2",
    "V3",
    "V4",
    "V5",
    "V6",
    "V7",
    "V8"
  ],
  "set_A": [
    "('F1', 'D1')",
    "('F1', 'D2')",
    "('F2', 'D1')",
    "('F2', 'D2')",
    "('F3', 'D1')",
    "('F3', 'D2')",
    "('F4', 'D1')",
    "('F4', 'D2')",
    "('F5', 'D1')",
    "('F5', 'D2')",
    "('F6', 'D1')",
    "('F6', 'D2')",
    "('D1', 'D2')",
    "('D1', 'V1')",
    "('D1', 'V2')",
    "('D1', 'V3')",
    "('D1', 'V4')",
    "('D1', 'V5')",
    "('D1', 'V6')",
    "('D1', 'V7')",
    "('D1', 'V8')",
    "('D2', 'D1')",
    "('D2', 'V1')",
    "('D2', 'V2')",
    "('D2', 'V3')",
    "('D2', 'V4')",
    "('D2', 'V5')",
    "('D2', 'V6')",
    "('D2', 'V7')",
    "('D2', 'V8')",
    "('V1', 'D1')",
    "('V1', 'D2')",
    "('V1', 'V2')",
    "('V1', 'V3')",
    "('V1', 'V4')",
    "('V1', 'V5')",
    "('V1', 'V6')",
    "('V1', 'V7')",
    "('V1', 'V8')",
    "('V2', 'D1')",
    "('V2', 'D2')",
    "('V2', 'V1')",
    "('V2', 'V3')",
    "('V2', 'V4')",
    "('V2', 'V5')",
    "('V2', 'V6')",
    "('V2', 'V7')",
    "('V2', 'V8')",
    "('V3', 'D1')",
    "('V3', 'D2')",
    "('V3', 'V1')",
    "('V3', 'V2')",
    "('V3', 'V4')",
    "('V3', 'V5')",
    "('V3', 'V6')",
    "('V3', 'V7')",
    "('V3', 'V8')",
    "('V4', 'D1')",
    "('V4', 'D2')",
    "('V4', 'V1')",
    "('V4', 'V2')",
    "('V4', 'V3')",
    "('V4', 'V5')",
    "('V4', 'V6')",
    "('V4', 'V7')",
    "('V4', 'V8')",
    "('V5', 'D1')",
    "('V5', 'D2')",
    "('V5', 'V1')",
    "('V5', 'V2')",
    "('V5', 'V3')",
    "('V5', 'V4')",
    "('V5', 'V6')",
    "('V5', 'V7')",
    "('V5', 'V8')",
    "('V6', 'D1')",
    "('V6', 'D2')",
    "('V6', 'V1')",
    "('V6', 'V2')",
    "('V6', 'V3')",
    "('V6', 'V4')",
    "('V6', 'V5')",
    "('V6', 'V7')",
    "('V6', 'V8')",
    "('V7', 'D1')",
    "('V7', 'D2')",
    "('V7', 'V1')",
    "('V7', 'V2')",
    "('V7', 'V3')",
    "('V7', 'V4')",
    "('V7', 'V5')",
    "('V7', 'V6')",
    "('V7', 'V8')",
    "('V8', 'D1')",
    "('V8', 'D2')",
    "('V8', 'V1')",
    "('V8', 'V2')",
    "('V8', 'V3')",
    "('V8', 'V4')",
    "('V8', 'V5')",
    "('V8', 'V6')",
    "('V8', 'V7')"
  ],
  "set_L": [
    "L1",
    "L2",
    "L3",
    "L4",
    "L5"
  ],
  "set_T": [
    "T1",
    "T2",
    "T3",
    "T4",
    "T5",
    "T6",
    "T7",
    "T8"
  ],
  "set_U": [
    "U1",
    "U2",
    "U3",
    "U4",
    "U5",
    "U6",
    "U7",
    "U8"
  ],
  "par_d": {
    "V1": 22,
    "V2": 8,
    "V3": 25,
    "V4": 5,
    "V5": 5,
    "V6": 36,
    "V7": 33,
    "V8": 28
  },
  "par_r": 205,
  "par_n": 250,
  "par_h": 50,
  "par_m": 180,
  "par_v": 22,
  "par_l": {
    "L1": 72,
    "L2": 108,
    "L3": 144,
    "L4": 180,
    "L5": 216
  },
  "par_f": {
    "D1": 89.0,
    "D2": 72.0
  },
  "par_o_items": [
    {
      "j": "D1",
      "l": "L1",
      "value": 28.0
    },
    {
      "j": "D1",
      "l": "L2",
      "value": 41.0
    },
    {
      "j": "D1",
      "l": "L3",
      "value": 53.0
    },
    {
      "j": "D1",
      "l": "L4",
      "value": 64.0
    },
    {
      "j": "D1",
      "l": "L5",
      "value": 76.0
    },
    {
      "j": "D2",
      "l": "L1",
      "value": 28.0
    },
    {
      "j": "D2",
      "l": "L2",
      "value": 41.0
    },
    {
      "j": "D2",
      "l": "L3",
      "value": 53.0
    },
    {
      "j": "D2",
      "l": "L4",
      "value": 64.0
    },
    {
      "j": "D2",
      "l": "L5",
      "value": 76.0
    }
  ],
  "par_s_items": [
    {
      "j": "D1",
      "l": "L1",
      "value": 72.0
    },
    {
      "j": "D1",
      "l": "L2",
      "value": 108.0
    },
    {
      "j": "D1",
      "l": "L3",
      "value": 144.0
    },
    {
      "j": "D1",
      "l": "L4",
      "value": 180.0
    },
    {
      "j": "D1",
      "l": "L5",
      "value": 216.0
    },
    {
      "j": "D2",
      "l": "L1",
      "value": 72.0
    },
    {
      "j": "D2",
      "l": "L2",
      "value": 108.0
    },
    {
      "j": "D2",
      "l": "L3",
      "value": 144.0
    },
    {
      "j": "D2",
      "l": "L4",
      "value": 180.0
    },
    {
      "j": "D2",
      "l": "L5",
      "value": 216.0
    }
  ],
  "par_t": 162.0,
  "par_c": {
    "('F1', 'D1')": 17.236992342094055,
    "('F1', 'D2')": 7.164987610373995,
    "('F2', 'D1')": 20.345421374042875,
    "('F2', 'D2')": 14.218889855788886,
    "('F3', 'D1')": 7.589105301175745,
    "('F3', 'D2')": 16.449997618048048,
    "('F4', 'D1')": 12.785595654814827,
    "('F4', 'D2')": 21.589594031388025,
    "('F5', 'D1')": 18.4026504142102,
    "('F5', 'D2')": 6.737229623815725,
    "('F6', 'D1')": 10.03664738612422,
    "('F6', 'D2')": 13.80198215378787,
    "('D1', 'D2')": 11.797444103169706,
    "('D1', 'V1')": 6.968878975619063,
    "('D1', 'V2')": 10.411616518472794,
    "('D1', 'V3')": 5.769060598844982,
    "('D1', 'V4')": 11.219560336416256,
    "('D1', 'V5')": 10.978167812477095,
    "('D1', 'V6')": 2.7187537292173714,
    "('D1', 'V7')": 7.142597960725576,
    "('D1', 'V8')": 8.897153227395547,
    "('D2', 'D1')": 11.797444103169706,
    "('D2', 'V1')": 7.628818442827097,
    "('D2', 'V2')": 7.322026785418917,
    "('D2', 'V3')": 6.1772118074717755,
    "('D2', 'V4')": 2.8424832709809023,
    "('D2', 'V5')": 1.1274406366320988,
    "('D2', 'V6')": 11.620823567617203,
    "('D2', 'V7')": 10.822887359075043,
    "('D2', 'V8')": 9.110225133224118,
    "('V1', 'D1')": 6.968878975619063,
    "('V1', 'D2')": 7.628818442827097,
    "('V1', 'V2')": 3.4428211687177805,
    "('V1', 'V3')": 5.235138922083872,
    "('V1', 'V4')": 5.63222059793263,
    "('V1', 'V5')": 6.511922831179642,
    "('V1', 'V6')": 5.256863889045981,
    "('V1', 'V7')": 3.2140572643407865,
    "('V1', 'V8')": 2.521299075808413,
    "('V2', 'D1')": 10.411616518472794,
    "('V2', 'D2')": 7.322026785418917,
    "('V2', 'V1')": 3.4428211687177805,
    "('V2', 'V3')": 7.7524113698683665,
    "('V2', 'V4')": 4.558879581092733,
    "('V2', 'V5')": 6.268899363794271,
    "('V2', 'V6')": 8.578202936354808,
    "('V2', 'V7')": 5.124544334873292,
    "('V2', 'V8')": 2.518666981262323,
    "('V3', 'D1')": 5.769060598844982,
    "('V3', 'D2')": 6.1772118074717755,
    "('V3', 'V1')": 5.235138922083872,
    "('V3', 'V2')": 7.7524113698683665,
    "('V3', 'V4')": 6.343047180456466,
    "('V3', 'V5')": 5.524265315796196,
    "('V3', 'V6')": 6.335321003090259,
    "('V3', 'V7')": 7.8192085052911695,
    "('V3', 'V8')": 7.740680457998631,
    "('V4', 'D1')": 11.219560336416256,
    "('V4', 'D2')": 2.8424832709809023,
    "('V4', 'V1')": 5.63222059793263,
    "('V4', 'V2')": 4.558879581092733,
    "('V4', 'V3')": 6.343047180456466,
    "('V4', 'V5')": 1.9484169408487093,
    "('V4', 'V6')": 10.402727007160756,
    "('V4', 'V7')": 8.646592140393702,
    "('V4', 'V8')": 6.591168266473697,
    "('V5', 'D1')": 10.978167812477095,
    "('V5', 'D2')": 1.1274406366320988,
    "('V5', 'V1')": 6.511922831179642,
    "('V5', 'V2')": 6.268899363794271,
    "('V5', 'V3')": 5.524265315796196,
    "('V5', 'V4')": 1.9484169408487093,
    "('V5', 'V6')": 10.640262162583157,
    "('V5', 'V7')": 9.700206145994107,
    "('V5', 'V8')": 7.991870348774052,
    "('V6', 'D1')": 2.7187537292173714,
    "('V6', 'D2')": 11.620823567617203,
    "('V6', 'V1')": 5.256863889045981,
    "('V6', 'V2')": 8.578202936354808,
    "('V6', 'V3')": 6.335321003090259,
    "('V6', 'V4')": 10.402727007160756,
    "('V6', 'V5')": 10.640262162583157,
    "('V6', 'V7')": 4.577542526765056,
    "('V6', 'V8')": 6.675806651074357,
    "('V7', 'D1')": 7.142597960725576,
    "('V7', 'D2')": 10.822887359075043,
    "('V7', 'V1')": 3.2140572643407865,
    "('V7', 'V2')": 5.124544334873292,
    "('V7', 'V3')": 7.8192085052911695,
    "('V7', 'V4')": 8.646592140393702,
    "('V7', 'V5')": 9.700206145994107,
    "('V7', 'V6')": 4.577542526765056,
    "('V7', 'V8')": 2.6646879433677397,
    "('V8', 'D1')": 8.897153227395547,
    "('V8', 'D2')": 9.110225133224118,
    "('V8', 'V1')": 2.521299075808413,
    "('V8', 'V2')": 2.518666981262323,
    "('V8', 'V3')": 7.740680457998631,
    "('V8', 'V4')": 6.591168266473697,
    "('V8', 'V5')": 7.991870348774052,
    "('V8', 'V6')": 6.675806651074357,
    "('V8', 'V7')": 2.6646879433677397
  },
  "par_a": [
    72,
    108,
    144,
    180,
    216
  ],
  "_distance": {
    "('F1', 'F1')": 0.0,
    "('F1', 'F2')": 19.49670370556939,
    "('F1', 'F3')": 19.491252116343084,
    "('F1', 'F4')": 28.392996907245188,
    "('F1', 'F5')": 4.393374343603247,
    "('F1', 'F6')": 14.84354925338783,
    "('F1', 'D1')": 17.236992342094055,
    "('F1', 'D2')": 7.164987610373995,
    "('F1', 'V1')": 14.637608401755575,
    "('F1', 'V2')": 14.433538163764329,
    "('F1', 'V3')": 11.585035768652094,
    "('F1', 'V4')": 9.877751206596185,
    "('F1', 'V5')": 8.279245295840168,
    "('F1', 'V6')": 17.84123834146405,
    "('F1', 'V7')": 17.851582917187024,
    "('F1', 'V8')": 16.27102625184514,
    "('F2', 'F1')": 19.49670370556939,
    "('F2', 'F2')": 0.0,
    "('F2', 'F3')": 27.505865271159,
    "('F2', 'F4')": 22.025676469379476,
    "('F2', 'F5')": 15.91749413837507,
    "('F2', 'F6')": 26.923802988154527,
    "('F2', 'D1')": 20.345421374042875,
    "('F2', 'D2')": 14.218889855788886,
    "('F2', 'V1')": 13.416985733305674,
    "('F2', 'V2')": 10.020246286120287,
    "('F2', 'V3')": 17.434917556552307,
    "('F2', 'V4')": 11.875581650913302,
    "('F2', 'V5')": 13.70811068248667,
    "('F2', 'V6')": 18.235643696378865,
    "('F2', 'V7')": 13.933282776540059,
    "('F2', 'V8')": 11.559944465259743,
    "('F3', 'F1')": 19.491252116343084,
    "('F3', 'F2')": 27.505865271159,
    "('F3', 'F3')": 0.0,
    "('F3', 'F4')": 18.064040724732045,
    "('F3', 'F5')": 22.09184683377859,
    "('F3', 'F6')": 5.975302484106604,
    "('F3', 'D1')": 7.589105301175745,
    "('F3', 'D2')": 16.449997618048048,
    "('F3', 'V1')": 14.137454199716844,
    "('F3', 'V2')": 17.48685800533024,
    "('F3', 'V3')": 10.654017150681627,
    "('F3', 'V4')": 16.996639479958034,
    "('F3', 'V5')": 16.030676046790504,
    "('F3', 'V6')": 10.248254656847827,
    "('F3', 'V7')": 14.730693869795338,
    "('F3', 'V8')": 16.330888697780292,
    "('F4', 'F1')": 28.392996907245188,
    "('F4', 'F2')": 22.025676469379476,
    "('F4', 'F3')": 18.064040724732045,
    "('F4', 'F4')": 0.0,
    "('F4', 'F5')": 28.13649542400792,
    "('F4', 'F6')": 22.454075348726015,
    "('F4', 'D1')": 12.785595654814827,
    "('F4', 'D2')": 21.589594031388025,
    "('F4', 'V1')": 13.995257651527783,
    "('F4', 'V2')": 15.762701120594745,
    "('F4', 'V3')": 17.199086974399343,
    "('F4', 'V4')": 19.55378580362152,
    "('F4', 'V5')": 20.486545439738904,
    "('F4', 'V6')": 10.96138304707844,
    "('F4', 'V7')": 10.911363477172694,
    "('F4', 'V8')": 13.264052505830245,
    "('F5', 'F1')": 4.393374343603247,
    "('F5', 'F2')": 15.91749413837507,
    "('F5', 'F3')": 22.09184683377859,
    "('F5', 'F4')": 28.13649542400792,
    "('F5', 'F5')": 0.0,
    "('F5', 'F6')": 18.168864160126116,
    "('F5', 'D1')": 18.4026504142102,
    "('F5', 'D2')": 6.737229623815725,
    "('F5', 'V1')": 14.148500273363878,
    "('F5', 'V2')": 12.91808318433226,
    "('F5', 'V3')": 12.656225522987594,
    "('F5', 'V4')": 8.615587213987968,
    "('F5', 'V5')": 7.756752487716037,
    "('F5', 'V6')": 18.357499936154216,
    "('F5', 'V7')": 17.24778681395971,
    "('F5', 'V8')": 15.168360064893605,
    "('F6', 'F1')": 14.84354925338783,
    "('F6', 'F2')": 26.923802988154527,
    "('F6', 'F3')": 5.975302484106604,
    "('F6', 'F4')": 22.454075348726015,
    "('F6', 'F5')": 18.168864160126116,
    "('F6', 'F6')": 0.0,
    "('F6', 'D1')": 10.03664738612422,
    "('F6', 'D2')": 13.80198215378787,
    "('F6', 'V1')": 14.51055181930657,
    "('F6', 'V2')": 17.324105804868992,
    "('F6', 'V3')": 9.577665984014262,
    "('F6', 'V4')": 15.293126799596529,
    "('F6', 'V5')": 13.785241697180293,
    "('F6', 'V6')": 12.592982810009092,
    "('F6', 'V7')": 16.283021237827402,
    "('F6', 'V8')": 17.011231150726744,
    "('D1', 'F1')": 17.236992342094055,
    "('D1', 'F2')": 20.345421374042875,
    "('D1', 'F3')": 7.589105301175745,
    "('D1', 'F4')": 12.785595654814827,
    "('D1', 'F5')": 18.4026504142102,
    "('D1', 'F6')": 10.03664738612422,
    "('D1', 'D1')": 0.0,
    "('D1', 'D2')": 11.797444103169706,
    "('D1', 'V1')": 6.968878975619063,
    "('D1', 'V2')": 10.411616518472794,
    "('D1', 'V3')": 5.769060598844982,
    "('D1', 'V4')": 11.219560336416256,
    "('D1', 'V5')": 10.978167812477095,
    "('D1', 'V6')": 2.7187537292173714,
    "('D1', 'V7')": 7.142597960725576,
    "('D1', 'V8')": 8.897153227395547,
    "('D2', 'F1')": 7.164987610373995,
    "('D2', 'F2')": 14.218889855788886,
    "('D2', 'F3')": 16.449997618048048,
    "('D2', 'F4')": 21.589594031388025,
    "('D2', 'F5')": 6.737229623815725,
    "('D2', 'F6')": 13.80198215378787,
    "('D2', 'D1')": 11.797444103169706,
    "('D2', 'D2')": 0.0,
    "('D2', 'V1')": 7.628818442827097,
    "('D2', 'V2')": 7.322026785418917,
    "('D2', 'V3')": 6.1772118074717755,
    "('D2', 'V4')": 2.8424832709809023,
    "('D2', 'V5')": 1.1274406366320988,
    "('D2', 'V6')": 11.620823567617203,
    "('D2', 'V7')": 10.822887359075043,
    "('D2', 'V8')": 9.110225133224118,
    "('V1', 'F1')": 14.637608401755575,
    "('V1', 'F2')": 13.416985733305674,
    "('V1', 'F3')": 14.137454199716844,
    "('V1', 'F4')": 13.995257651527783,
    "('V1', 'F5')": 14.148500273363878,
    "('V1', 'F6')": 14.51055181930657,
    "('V1', 'D1')": 6.968878975619063,
    "('V1', 'D2')": 7.628818442827097,
    "('V1', 'V1')": 0.0,
    "('V1', 'V2')": 3.4428211687177805,
    "('V1', 'V3')": 5.235138922083872,
    "('V1', 'V4')": 5.63222059793263,
    "('V1', 'V5')": 6.511922831179642,
    "('V1', 'V6')": 5.256863889045981,
    "('V1', 'V7')": 3.2140572643407865,
    "('V1', 'V8')": 2.521299075808413,
    "('V2', 'F1')": 14.433538163764329,
    "('V2', 'F2')": 10.020246286120287,
    "('V2', 'F3')": 17.48685800533024,
    "('V2', 'F4')": 15.762701120594745,
    "('V2', 'F5')": 12.91808318433226,
    "('V2', 'F6')": 17.324105804868992,
    "('V2', 'D1')": 10.411616518472794,
    "('V2', 'D2')": 7.322026785418917,
    "('V2', 'V1')": 3.4428211687177805,
    "('V2', 'V2')": 0.0,
    "('V2', 'V3')": 7.7524113698683665,
    "('V2', 'V4')": 4.558879581092733,
    "('V2', 'V5')": 6.268899363794271,
    "('V2', 'V6')": 8.578202936354808,
    "('V2', 'V7')": 5.124544334873292,
    "('V2', 'V8')": 2.518666981262323,
    "('V3', 'F1')": 11.585035768652094,
    "('V3', 'F2')": 17.434917556552307,
    "('V3', 'F3')": 10.654017150681627,
    "('V3', 'F4')": 17.199086974399343,
    "('V3', 'F5')": 12.656225522987594,
    "('V3', 'F6')": 9.577665984014262,
    "('V3', 'D1')": 5.769060598844982,
    "('V3', 'D2')": 6.1772118074717755,
    "('V3', 'V1')": 5.235138922083872,
    "('V3', 'V2')": 7.7524113698683665,
    "('V3', 'V3')": 0.0,
    "('V3', 'V4')": 6.343047180456466,
    "('V3', 'V5')": 5.524265315796196,
    "('V3', 'V6')": 6.335321003090259,
    "('V3', 'V7')": 7.8192085052911695,
    "('V3', 'V8')": 7.740680457998631,
    "('V4', 'F1')": 9.877751206596185,
    "('V4', 'F2')": 11.875581650913302,
    "('V4', 'F3')": 16.996639479958034,
    "('V4', 'F4')": 19.55378580362152,
    "('V4', 'F5')": 8.615587213987968,
    "('V4', 'F6')": 15.293126799596529,
    "('V4', 'D1')": 11.219560336416256,
    "('V4', 'D2')": 2.8424832709809023,
    "('V4', 'V1')": 5.63222059793263,
    "('V4', 'V2')": 4.558879581092733,
    "('V4', 'V3')": 6.343047180456466,
    "('V4', 'V4')": 0.0,
    "('V4', 'V5')": 1.9484169408487093,
    "('V4', 'V6')": 10.402727007160756,
    "('V4', 'V7')": 8.646592140393702,
    "('V4', 'V8')": 6.591168266473697,
    "('V5', 'F1')": 8.279245295840168,
    "('V5', 'F2')": 13.70811068248667,
    "('V5', 'F3')": 16.030676046790504,
    "('V5', 'F4')": 20.486545439738904,
    "('V5', 'F5')": 7.756752487716037,
    "('V5', 'F6')": 13.785241697180293,
    "('V5', 'D1')": 10.978167812477095,
    "('V5', 'D2')": 1.1274406366320988,
    "('V5', 'V1')": 6.511922831179642,
    "('V5', 'V2')": 6.268899363794271,
    "('V5', 'V3')": 5.524265315796196,
    "('V5', 'V4')": 1.9484169408487093,
    "('V5', 'V5')": 0.0,
    "('V5', 'V6')": 10.640262162583157,
    "('V5', 'V7')": 9.700206145994107,
    "('V5', 'V8')": 7.991870348774052,
    "('V6', 'F1')": 17.84123834146405,
    "('V6', 'F2')": 18.235643696378865,
    "('V6', 'F3')": 10.248254656847827,
    "('V6', 'F4')": 10.96138304707844,
    "('V6', 'F5')": 18.357499936154216,
    "('V6', 'F6')": 12.592982810009092,
    "('V6', 'D1')": 2.7187537292173714,
    "('V6', 'D2')": 11.620823567617203,
    "('V6', 'V1')": 5.256863889045981,
    "('V6', 'V2')": 8.578202936354808,
    "('V6', 'V3')": 6.335321003090259,
    "('V6', 'V4')": 10.402727007160756,
    "('V6', 'V5')": 10.640262162583157,
    "('V6', 'V6')": 0.0,
    "('V6', 'V7')": 4.577542526765056,
    "('V6', 'V8')": 6.675806651074357,
    "('V7', 'F1')": 17.851582917187024,
    "('V7', 'F2')": 13.933282776540059,
    "('V7', 'F3')": 14.730693869795338,
    "('V7', 'F4')": 10.911363477172694,
    "('V7', 'F5')": 17.24778681395971,
    "('V7', 'F6')": 16.283021237827402,
    "('V7', 'D1')": 7.142597960725576,
    "('V7', 'D2')": 10.822887359075043,
    "('V7', 'V1')": 3.2140572643407865,
    "('V7', 'V2')": 5.124544334873292,
    "('V7', 'V3')": 7.8192085052911695,
    "('V7', 'V4')": 8.646592140393702,
    "('V7', 'V5')": 9.700206145994107,
    "('V7', 'V6')": 4.577542526765056,
    "('V7', 'V7')": 0.0,
    "('V7', 'V8')": 2.6646879433677397,
    "('V8', 'F1')": 16.27102625184514,
    "('V8', 'F2')": 11.559944465259743,
    "('V8', 'F3')": 16.330888697780292,
    "('V8', 'F4')": 13.264052505830245,
    "('V8', 'F5')": 15.168360064893605,
    "('V8', 'F6')": 17.011231150726744,
    "('V8', 'D1')": 8.897153227395547,
    "('V8', 'D2')": 9.110225133224118,
    "('V8', 'V1')": 2.521299075808413,
    "('V8', 'V2')": 2.518666981262323,
    "('V8', 'V3')": 7.740680457998631,
    "('V8', 'V4')": 6.591168266473697,
    "('V8', 'V5')": 7.991870348774052,
    "('V8', 'V6')": 6.675806651074357,
    "('V8', 'V7')": 2.6646879433677397,
    "('V8', 'V8')": 0.0
  },
  "tij": {
    "('F1', 'D1')": 17.23699234209406,
    "('F1', 'D2')": 7.164987610373995,
    "('F2', 'D1')": 20.345421374042875,
    "('F2', 'D2')": 14.218889855788886,
    "('F3', 'D1')": 7.589105301175745,
    "('F3', 'D2')": 16.449997618048048,
    "('F4', 'D1')": 12.785595654814829,
    "('F4', 'D2')": 21.589594031388025,
    "('F5', 'D1')": 18.4026504142102,
    "('F5', 'D2')": 6.737229623815725,
    "('F6', 'D1')": 10.03664738612422,
    "('F6', 'D2')": 13.80198215378787,
    "('D1', 'D2')": 17.696166154754557,
    "('D1', 'V1')": 10.453318463428594,
    "('D1', 'V2')": 15.617424777709193,
    "('D1', 'V3')": 8.653590898267472,
    "('D1', 'V4')": 16.829340504624383,
    "('D1', 'V5')": 16.46725171871564,
    "('D1', 'V6')": 4.0781305938260575,
    "('D1', 'V7')": 10.713896941088363,
    "('D1', 'V8')": 13.345729841093322,
    "('D2', 'D1')": 17.696166154754557,
    "('D2', 'V1')": 11.443227664240645,
    "('D2', 'V2')": 10.983040178128375,
    "('D2', 'V3')": 9.265817711207664,
    "('D2', 'V4')": 4.263724906471354,
    "('D2', 'V5')": 1.6911609549481483,
    "('D2', 'V6')": 17.431235351425805,
    "('D2', 'V7')": 16.234331038612563,
    "('D2', 'V8')": 13.665337699836178,
    "('V1', 'D1')": 10.453318463428594,
    "('V1', 'D2')": 11.443227664240645,
    "('V1', 'V2')": 5.164231753076671,
    "('V1', 'V3')": 7.852708383125808,
    "('V1', 'V4')": 8.448330896898945,
    "('V1', 'V5')": 9.767884246769462,
    "('V1', 'V6')": 7.885295833568972,
    "('V1', 'V7')": 4.82108589651118,
    "('V1', 'V8')": 3.7819486137126193,
    "('V2', 'D1')": 15.617424777709193,
    "('V2', 'D2')": 10.983040178128375,
    "('V2', 'V1')": 5.164231753076671,
    "('V2', 'V3')": 11.62861705480255,
    "('V2', 'V4')": 6.838319371639099,
    "('V2', 'V5')": 9.403349045691407,
    "('V2', 'V6')": 12.867304404532211,
    "('V2', 'V7')": 7.686816502309938,
    "('V2', 'V8')": 3.7780004718934848,
    "('V3', 'D1')": 8.653590898267472,
    "('V3', 'D2')": 9.265817711207664,
    "('V3', 'V1')": 7.852708383125808,
    "('V3', 'V2')": 11.62861705480255,
    "('V3', 'V4')": 9.5145707706847,
    "('V3', 'V5')": 8.286397973694294,
    "('V3', 'V6')": 9.50298150463539,
    "('V3', 'V7')": 11.728812757936755,
    "('V3', 'V8')": 11.611020686997946,
    "('V4', 'D1')": 16.829340504624383,
    "('V4', 'D2')": 4.263724906471354,
    "('V4', 'V1')": 8.448330896898945,
    "('V4', 'V2')": 6.838319371639099,
    "('V4', 'V3')": 9.5145707706847,
    "('V4', 'V5')": 2.922625411273064,
    "('V4', 'V6')": 15.604090510741134,
    "('V4', 'V7')": 12.969888210590554,
    "('V4', 'V8')": 9.886752399710545,
    "('V5', 'D1')": 16.46725171871564,
    "('V5', 'D2')": 1.6911609549481483,
    "('V5', 'V1')": 9.767884246769462,
    "('V5', 'V2')": 9.403349045691407,
    "('V5', 'V3')": 8.286397973694294,
    "('V5', 'V4')": 2.922625411273064,
    "('V5', 'V6')": 15.960393243874737,
    "('V5', 'V7')": 14.55030921899116,
    "('V5', 'V8')": 11.987805523161077,
    "('V6', 'D1')": 4.0781305938260575,
    "('V6', 'D2')": 17.431235351425805,
    "('V6', 'V1')": 7.885295833568972,
    "('V6', 'V2')": 12.867304404532211,
    "('V6', 'V3')": 9.50298150463539,
    "('V6', 'V4')": 15.604090510741134,
    "('V6', 'V5')": 15.960393243874737,
    "('V6', 'V7')": 6.866313790147584,
    "('V6', 'V8')": 10.013709976611535,
    "('V7', 'D1')": 10.713896941088363,
    "('V7', 'D2')": 16.234331038612563,
    "('V7', 'V1')": 4.82108589651118,
    "('V7', 'V2')": 7.686816502309938,
    "('V7', 'V3')": 11.728812757936755,
    "('V7', 'V4')": 12.969888210590554,
    "('V7', 'V5')": 14.55030921899116,
    "('V7', 'V6')": 6.866313790147584,
    "('V7', 'V8')": 3.99703191505161,
    "('V8', 'D1')": 13.345729841093322,
    "('V8', 'D2')": 13.665337699836178,
    "('V8', 'V1')": 3.7819486137126193,
    "('V8', 'V2')": 3.7780004718934848,
    "('V8', 'V3')": 11.611020686997946,
    "('V8', 'V4')": 9.886752399710545,
    "('V8', 'V5')": 11.987805523161077,
    "('V8', 'V6')": 10.013709976611535,
    "('V8', 'V7')": 3.99703191505161
  },
  "waktu": {
    "('F1', 'D1')": 17.23699234209406,
    "('F1', 'D2')": 7.164987610373995,
    "('F2', 'D1')": 20.345421374042875,
    "('F2', 'D2')": 14.218889855788886,
    "('F3', 'D1')": 7.589105301175745,
    "('F3', 'D2')": 16.449997618048048,
    "('F4', 'D1')": 12.785595654814829,
    "('F4', 'D2')": 21.589594031388025,
    "('F5', 'D1')": 18.4026504142102,
    "('F5', 'D2')": 6.737229623815725,
    "('F6', 'D1')": 10.03664738612422,
    "('F6', 'D2')": 13.80198215378787,
    "('D1', 'D2')": 17.696166154754557,
    "('D1', 'V1')": 10.453318463428594,
    "('D1', 'V2')": 15.617424777709193,
    "('D1', 'V3')": 8.653590898267472,
    "('D1', 'V4')": 16.829340504624383,
    "('D1', 'V5')": 16.46725171871564,
    "('D1', 'V6')": 4.0781305938260575,
    "('D1', 'V7')": 10.713896941088363,
    "('D1', 'V8')": 13.345729841093322,
    "('D2', 'D1')": 17.696166154754557,
    "('D2', 'V1')": 11.443227664240645,
    "('D2', 'V2')": 10.983040178128375,
    "('D2', 'V3')": 9.265817711207664,
    "('D2', 'V4')": 4.263724906471354,
    "('D2', 'V5')": 1.6911609549481483,
    "('D2', 'V6')": 17.431235351425805,
    "('D2', 'V7')": 16.234331038612563,
    "('D2', 'V8')": 13.665337699836178,
    "('V1', 'D1')": 10.453318463428594,
    "('V1', 'D2')": 11.443227664240645,
    "('V1', 'V2')": 5.164231753076671,
    "('V1', 'V3')": 7.852708383125808,
    "('V1', 'V4')": 8.448330896898945,
    "('V1', 'V5')": 9.767884246769462,
    "('V1', 'V6')": 7.885295833568972,
    "('V1', 'V7')": 4.82108589651118,
    "('V1', 'V8')": 3.7819486137126193,
    "('V2', 'D1')": 15.617424777709193,
    "('V2', 'D2')": 10.983040178128375,
    "('V2', 'V1')": 5.164231753076671,
    "('V2', 'V3')": 11.62861705480255,
    "('V2', 'V4')": 6.838319371639099,
    "('V2', 'V5')": 9.403349045691407,
    "('V2', 'V6')": 12.867304404532211,
    "('V2', 'V7')": 7.686816502309938,
    "('V2', 'V8')": 3.7780004718934848,
    "('V3', 'D1')": 8.653590898267472,
    "('V3', 'D2')": 9.265817711207664,
    "('V3', 'V1')": 7.852708383125808,
    "('V3', 'V2')": 11.62861705480255,
    "('V3', 'V4')": 9.5145707706847,
    "('V3', 'V5')": 8.286397973694294,
    "('V3', 'V6')": 9.50298150463539,
    "('V3', 'V7')": 11.728812757936755,
    "('V3', 'V8')": 11.611020686997946,
    "('V4', 'D1')": 16.829340504624383,
    "('V4', 'D2')": 4.263724906471354,
    "('V4', 'V1')": 8.448330896898945,
    "('V4', 'V2')": 6.838319371639099,
    "('V4', 'V3')": 9.5145707706847,
    "('V4', 'V5')": 2.922625411273064,
    "('V4', 'V6')": 15.604090510741134,
    "('V4', 'V7')": 12.969888210590554,
    "('V4', 'V8')": 9.886752399710545,
    "('V5', 'D1')": 16.46725171871564,
    "('V5', 'D2')": 1.6911609549481483,
    "('V5', 'V1')": 9.767884246769462,
    "('V5', 'V2')": 9.403349045691407,
    "('V5', 'V3')": 8.286397973694294,
    "('V5', 'V4')": 2.922625411273064,
    "('V5', 'V6')": 15.960393243874737,
    "('V5', 'V7')": 14.55030921899116,
    "('V5', 'V8')": 11.987805523161077,
    "('V6', 'D1')": 4.0781305938260575,
    "('V6', 'D2')": 17.431235351425805,
    "('V6', 'V1')": 7.885295833568972,
    "('V6', 'V2')": 12.867304404532211,
    "('V6', 'V3')": 9.50298150463539,
    "('V6', 'V4')": 15.604090510741134,
    "('V6', 'V5')": 15.960393243874737,
    "('V6', 'V7')": 6.866313790147584,
    "('V6', 'V8')": 10.013709976611535,
    "('V7', 'D1')": 10.713896941088363,
    "('V7', 'D2')": 16.234331038612563,
    "('V7', 'V1')": 4.82108589651118,
    "('V7', 'V2')": 7.686816502309938,
    "('V7', 'V3')": 11.728812757936755,
    "('V7', 'V4')": 12.969888210590554,
    "('V7', 'V5')": 14.55030921899116,
    "('V7', 'V6')": 6.866313790147584,
    "('V7', 'V8')": 3.99703191505161,
    "('V8', 'D1')": 13.345729841093322,
    "('V8', 'D2')": 13.665337699836178,
    "('V8', 'V1')": 3.7819486137126193,
    "('V8', 'V2')": 3.7780004718934848,
    "('V8', 'V3')": 11.611020686997946,
    "('V8', 'V4')": 9.886752399710545,
    "('V8', 'V5')": 11.987805523161077,
    "('V8', 'V6')": 10.013709976611535,
    "('V8', 'V7')": 3.99703191505161
  },
  "truck_arcs": [
    {
      "p": "F1",
      "j": "D1",
      "cost": 17.236992342094055
    },
    {
      "p": "F1",
      "j": "D2",
      "cost": 7.164987610373995
    },
    {
      "p": "F2",
      "j": "D1",
      "cost": 20.345421374042875
    },
    {
      "p": "F2",
      "j": "D2",
      "cost": 14.218889855788886
    },
    {
      "p": "F3",
      "j": "D1",
      "cost": 7.589105301175745
    },
    {
      "p": "F3",
      "j": "D2",
      "cost": 16.449997618048048
    },
    {
      "p": "F4",
      "j": "D1",
      "cost": 12.785595654814827
    },
    {
      "p": "F4",
      "j": "D2",
      "cost": 21.589594031388025
    },
    {
      "p": "F5",
      "j": "D1",
      "cost": 18.4026504142102
    },
    {
      "p": "F5",
      "j": "D2",
      "cost": 6.737229623815725
    },
    {
      "p": "F6",
      "j": "D1",
      "cost": 10.03664738612422
    },
    {
      "p": "F6",
      "j": "D2",
      "cost": 13.80198215378787
    }
  ],
  "uav_arcs": [
    {
      "u": "D1",
      "v": "D2",
      "cost": 11.797444103169706
    },
    {
      "u": "D1",
      "v": "V1",
      "cost": 6.968878975619063
    },
    {
      "u": "D1",
      "v": "V2",
      "cost": 10.411616518472794
    },
    {
      "u": "D1",
      "v": "V3",
      "cost": 5.769060598844982
    },
    {
      "u": "D1",
      "v": "V4",
      "cost": 11.219560336416256
    },
    {
      "u": "D1",
      "v": "V5",
      "cost": 10.978167812477095
    },
    {
      "u": "D1",
      "v": "V6",
      "cost": 2.7187537292173714
    },
    {
      "u": "D1",
      "v": "V7",
      "cost": 7.142597960725576
    },
    {
      "u": "D1",
      "v": "V8",
      "cost": 8.897153227395547
    },
    {
      "u": "D2",
      "v": "D1",
      "cost": 11.797444103169706
    },
    {
      "u": "D2",
      "v": "V1",
      "cost": 7.628818442827097
    },
    {
      "u": "D2",
      "v": "V2",
      "cost": 7.322026785418917
    },
    {
      "u": "D2",
      "v": "V3",
      "cost": 6.1772118074717755
    },
    {
      "u": "D2",
      "v": "V4",
      "cost": 2.8424832709809023
    },
    {
      "u": "D2",
      "v": "V5",
      "cost": 1.1274406366320988
    },
    {
      "u": "D2",
      "v": "V6",
      "cost": 11.620823567617203
    },
    {
      "u": "D2",
      "v": "V7",
      "cost": 10.822887359075043
    },
    {
      "u": "D2",
      "v": "V8",
      "cost": 9.110225133224118
    },
    {
      "u": "V1",
      "v": "D1",
      "cost": 6.968878975619063
    },
    {
      "u": "V1",
      "v": "D2",
      "cost": 7.628818442827097
    },
    {
      "u": "V1",
      "v": "V2",
      "cost": 3.4428211687177805
    },
    {
      "u": "V1",
      "v": "V3",
      "cost": 5.235138922083872
    },
    {
      "u": "V1",
      "v": "V4",
      "cost": 5.63222059793263
    },
    {
      "u": "V1",
      "v": "V5",
      "cost": 6.511922831179642
    },
    {
      "u": "V1",
      "v": "V6",
      "cost": 5.256863889045981
    },
    {
      "u": "V1",
      "v": "V7",
      "cost": 3.2140572643407865
    },
    {
      "u": "V1",
      "v": "V8",
      "cost": 2.521299075808413
    },
    {
      "u": "V2",
      "v": "D1",
      "cost": 10.411616518472794
    },
    {
      "u": "V2",
      "v": "D2",
      "cost": 7.322026785418917
    },
    {
      "u": "V2",
      "v": "V1",
      "cost": 3.4428211687177805
    },
    {
      "u": "V2",
      "v": "V3",
      "cost": 7.7524113698683665
    },
    {
      "u": "V2",
      "v": "V4",
      "cost": 4.558879581092733
    },
    {
      "u": "V2",
      "v": "V5",
      "cost": 6.268899363794271
    },
    {
      "u": "V2",
      "v": "V6",
      "cost": 8.578202936354808
    },
    {
      "u": "V2",
      "v": "V7",
      "cost": 5.124544334873292
    },
    {
      "u": "V2",
      "v": "V8",
      "cost": 2.518666981262323
    },
    {
      "u": "V3",
      "v": "D1",
      "cost": 5.769060598844982
    },
    {
      "u": "V3",
      "v": "D2",
      "cost": 6.1772118074717755
    },
    {
      "u": "V3",
      "v": "V1",
      "cost": 5.235138922083872
    },
    {
      "u": "V3",
      "v": "V2",
      "cost": 7.7524113698683665
    },
    {
      "u": "V3",
      "v": "V4",
      "cost": 6.343047180456466
    },
    {
      "u": "V3",
      "v": "V5",
      "cost": 5.524265315796196
    },
    {
      "u": "V3",
      "v": "V6",
      "cost": 6.335321003090259
    },
    {
      "u": "V3",
      "v": "V7",
      "cost": 7.8192085052911695
    },
    {
      "u": "V3",
      "v": "V8",
      "cost": 7.740680457998631
    },
    {
      "u": "V4",
      "v": "D1",
      "cost": 11.219560336416256
    },
    {
      "u": "V4",
      "v": "D2",
      "cost": 2.8424832709809023
    },
    {
      "u": "V4",
      "v": "V1",
      "cost": 5.63222059793263
    },
    {
      "u": "V4",
      "v": "V2",
      "cost": 4.558879581092733
    },
    {
      "u": "V4",
      "v": "V3",
      "cost": 6.343047180456466
    },
    {
      "u": "V4",
      "v": "V5",
      "cost": 1.9484169408487093
    },
    {
      "u": "V4",
      "v": "V6",
      "cost": 10.402727007160756
    },
    {
      "u": "V4",
      "v": "V7",
      "cost": 8.646592140393702
    },
    {
      "u": "V4",
      "v": "V8",
      "cost": 6.591168266473697
    },
    {
      "u": "V5",
      "v": "D1",
      "cost": 10.978167812477095
    },
    {
      "u": "V5",
      "v": "D2",
      "cost": 1.1274406366320988
    },
    {
      "u": "V5",
      "v": "V1",
      "cost": 6.511922831179642
    },
    {
      "u": "V5",
      "v": "V2",
      "cost": 6.268899363794271
    },
    {
      "u": "V5",
      "v": "V3",
      "cost": 5.524265315796196
    },
    {
      "u": "V5",
      "v": "V4",
      "cost": 1.9484169408487093
    },
    {
      "u": "V5",
      "v": "V6",
      "cost": 10.640262162583157
    },
    {
      "u": "V5",
      "v": "V7",
      "cost": 9.700206145994107
    },
    {
      "u": "V5",
      "v": "V8",
      "cost": 7.991870348774052
    },
    {
      "u": "V6",
      "v": "D1",
      "cost": 2.7187537292173714
    },
    {
      "u": "V6",
      "v": "D2",
      "cost": 11.620823567617203
    },
    {
      "u": "V6",
      "v": "V1",
      "cost": 5.256863889045981
    },
    {
      "u": "V6",
      "v": "V2",
      "cost": 8.578202936354808
    },
    {
      "u": "V6",
      "v": "V3",
      "cost": 6.335321003090259
    },
    {
      "u": "V6",
      "v": "V4",
      "cost": 10.402727007160756
    },
    {
      "u": "V6",
      "v": "V5",
      "cost": 10.640262162583157
    },
    {
      "u": "V6",
      "v": "V7",
      "cost": 4.577542526765056
    },
    {
      "u": "V6",
      "v": "V8",
      "cost": 6.675806651074357
    },
    {
      "u": "V7",
      "v": "D1",
      "cost": 7.142597960725576
    },
    {
      "u": "V7",
      "v": "D2",
      "cost": 10.822887359075043
    },
    {
      "u": "V7",
      "v": "V1",
      "cost": 3.2140572643407865
    },
    {
      "u": "V7",
      "v": "V2",
      "cost": 5.124544334873292
    },
    {
      "u": "V7",
      "v": "V3",
      "cost": 7.8192085052911695
    },
    {
      "u": "V7",
      "v": "V4",
      "cost": 8.646592140393702
    },
    {
      "u": "V7",
      "v": "V5",
      "cost": 9.700206145994107
    },
    {
      "u": "V7",
      "v": "V6",
      "cost": 4.577542526765056
    },
    {
      "u": "V7",
      "v": "V8",
      "cost": 2.6646879433677397
    },
    {
      "u": "V8",
      "v": "D1",
      "cost": 8.897153227395547
    },
    {
      "u": "V8",
      "v": "D2",
      "cost": 9.110225133224118
    },
    {
      "u": "V8",
      "v": "V1",
      "cost": 2.521299075808413
    },
    {
      "u": "V8",
      "v": "V2",
      "cost": 2.518666981262323
    },
    {
      "u": "V8",
      "v": "V3",
      "cost": 7.740680457998631
    },
    {
      "u": "V8",
      "v": "V4",
      "cost": 6.591168266473697
    },
    {
      "u": "V8",
      "v": "V5",
      "cost": 7.991870348774052
    },
    {
      "u": "V8",
      "v": "V6",
      "cost": 6.675806651074357
    },
    {
      "u": "V8",
      "v": "V7",
      "cost": 2.6646879433677397
    }
  ],
  "number_of_uav": null
}