{
  "n_center": 2,
  "n_community": 8,
  "n_warehouse": 6,
  "set_F": [
    "F1",
    "F2",
    "F3",
    "F4",
    "F5",
    "F6"
  ],
  "set_D": [
    "D1",
    "D2"
  ],
  "set_V": [
    "V1",
    "V2",
    "V3",
    "V4",
    "V5",
    "V6",
    "V7",
    "V8"
  ],
  "set_A": [
    "('F1', 'D1')",
    "('F1', 'D2')",
    "('F2', 'D1')",
    "('F2', 'D2')",
    "('F3', 'D1')",
    "('F3', 'D2')",
    "('F4', 'D1')",
    "('F4', 'D2')",
    "('F5', 'D1')",
    "('F5', 'D2')",
    "('F6', 'D1')",
    "('F6', 'D2')",
    "('D1', 'D2')",
    "('D1', 'V1')",
    "('D1', 'V2')",
    "('D1', 'V3')",
    "('D1', 'V4')",
    "('D1', 'V5')",
    "('D1', 'V6')",
    "('D1', 'V7')",
    "('D1', 'V8')",
    "('D2', 'D1')",
    "('D2', 'V1')",
    "('D2', 'V2')",
    "('D2', 'V3')",
    "('D2', 'V4')",
    "('D2', 'V5')",
    "('D2', 'V6')",
    "('D2', 'V7')",
    "('D2', 'V8')",
    "('V1', 'D1')",
    "('V1', 'D2')",
    "('V1', 'V2')",
    "('V1', 'V3')",
    "('V1', 'V4')",
    "('V1', 'V5')",
    "('V1', 'V6')",
    "('V1', 'V7')",
    "('V1', 'V8')",
    "('V2', 'D1')",
    "('V2', 'D2')",
    "('V2', 'V1')",
    "('V2', 'V3')",
    "('V2', 'V4')",
    "('V2', 'V5')",
    "('V2', 'V6')",
    "('V2', 'V7')",
    "('V2', 'V8')",
    "('V3', 'D1')",
    "('V3', 'D2')",
    "('V3', 'V1')",
    "('V3', 'V2')",
    "('V3', 'V4')",
    "('V3', 'V5')",
    "('V3', 'V6')",
    "('V3', 'V7')",
    "('V3', 'V8')",
    "('V4', 'D1')",
    "('V4', 'D2')",
    "('V4', 'V1')",
    "('V4', 'V2')",
    "('V4', 'V3')",
    "('V4', 'V5')",
    "('V4', 'V6')",
    "('V4', 'V7')",
    "('V4', 'V8')",
    "('V5', 'D1')",
    "('V5', 'D2')",
    "('V5', 'V1')",
    "('V5', 'V2')",
    "('V5', 'V3')",
    "('V5', 'V4')",
    "('V5', 'V6')",
    "('V5', 'V7')",
    "('V5', 'V8')",
    "('V6', 'D1')",
    "('V6', 'D2')",
    "('V6', 'V1')",
    "('V6', 'V2')",
    "('V6', 'V3')",
    "('V6', 'V4')",
    "('V6', 'V5')",
    "('V6', 'V7')",
    "('V6', 'V8')",
    "('V7', 'D1')",
    "('V7', 'D2')",
    "('V7', 'V1')",
    "('V7', 'V2')",
    "('V7', 'V3')",
    "('V7', 'V4')",
    "('V7', 'V5')",
    "('V7', 'V6')",
    "('V7', 'V8')",
    "('V8', 'D1')",
    "('V8', 'D2')",
    "('V8', 'V1')",
    "('V8', 'V2')",
    "('V8', 'V3')",
    "('V8', 'V4')",
    "('V8', 'V5')",
    "('V8', 'V6')",
    "('V8', 'V7')"
  ],
  "set_L": [
    "L1",
    "L2",
    "L3",
    "L4",
    "L5"
  ],
  "set_T": [
    "T1",
    "T2",
    "T3",
    "T4",
    "T5",
    "T6",
    "T7",
    "T8"
  ],
  "set_U": [
    "U1",
    "U2",
    "U3",
    "U4",
    "U5",
    "U6",
    "U7",
    "U8"
  ],
  "par_d": {
    "V1": 27,
    "V2": 5,
    "V3": 18,
    "V4": 28,
    "V5": 10,
    "V6": 16,
    "V7": 35,
    "V8": 9
  },
  "par_r": 159,
  "par_n": 250,
  "par_h": 50,
  "par_m": 180,
  "par_v": 27,
  "par_l": {
    "L1": 84,
    "L2": 96,
    "L3": 108,
    "L4": 132,
    "L5": 144
  },
  "par_f": {
    "D1": 117.0,
    "D2": 68.0
  },
  "par_o_items": [
    {
      "j": "D1",
      "l": "L1",
      "value": 32.0
    },
    {
      "j": "D1",
      "l": "L2",
      "value": 36.0
    },
    {
      "j": "D1",
      "l": "L3",
      "value": 41.0
    },
    {
      "j": "D1",
      "l": "L4",
      "value": 49.0
    },
    {
      "j": "D1",
      "l": "L5",
      "value": 53.0
    },
    {
      "j": "D2",
      "l": "L1",
      "value": 32.0
    },
    {
      "j": "D2",
      "l": "L2",
      "value": 36.0
    },
    {
      "j": "D2",
      "l": "L3",
      "value": 41.0
    },
    {
      "j": "D2",
      "l": "L4",
      "value": 49.0
    },
    {
      "j": "D2",
      "l": "L5",
      "value": 53.0
    }
  ],
  "par_s_items": [
    {
      "j": "D1",
      "l": "L1",
      "value": 84.0
    },
    {
      "j": "D1",
      "l": "L2",
      "value": 96.0
    },
    {
      "j": "D1",
      "l": "L3",
      "value": 108.0
    },
    {
      "j": "D1",
      "l": "L4",
      "value": 132.0
    },
    {
      "j": "D1",
      "l": "L5",
      "value": 144.0
    },
    {
      "j": "D2",
      "l": "L1",
      "value": 84.0
    },
    {
      "j": "D2",
      "l": "L2",
      "value": 96.0
    },
    {
      "j": "D2",
      "l": "L3",
      "value": 108.0
    },
    {
      "j": "D2",
      "l": "L4",
      "value": 132.0
    },
    {
      "j": "D2",
      "l": "L5",
      "value": 144.0
    }
  ],
  "par_t": 148.0,
  "par_c": {
    "('F1', 'D1')": 12.645772725485367,
    "('F1', 'D2')": 15.285545503922332,
    "('F2', 'D1')": 19.00918694172361,
    "('F2', 'D2')": 17.458444360511937,
    "('F3', 'D1')": 11.768146238181647,
    "('F3', 'D2')": 9.156614281947512,
    "('F4', 'D1')": 20.572745629731326,
    "('F4', 'D2')": 21.96242244791921,
    "('F5', 'D1')": 19.38940644649362,
    "('F5', 'D2')": 18.415468776293412,
    "('F6', 'D1')": 18.068880604339274,
    "('F6', 'D2')": 16.03794713379504,
    "('D1', 'D2')": 2.7451491368321266,
    "('D1', 'V1')": 7.0489829997630915,
    "('D1', 'V2')": 2.5153972699824125,
    "('D1', 'V3')": 6.873701973988647,
    "('D1', 'V4')": 11.371795048988199,
    "('D1', 'V5')": 7.899639163031038,
    "('D1', 'V6')": 8.73169946073496,
    "('D1', 'V7')": 6.719672439926517,
    "('D1', 'V8')": 10.640119056982746,
    "('D2', 'D1')": 2.7451491368321266,
    "('D2', 'V1')": 8.548585691841739,
    "('D2', 'V2')": 1.5709208275838338,
    "('D2', 'V3')": 8.680725892390454,
    "('D2', 'V4')": 10.852899283537969,
    "('D2', 'V5')": 9.542836649349121,
    "('D2', 'V6')": 9.848265417876245,
    "('D2', 'V7')": 7.6308771012055265,
    "('D2', 'V8')": 9.336820011879409,
    "('V1', 'D1')": 7.0489829997630915,
    "('V1', 'D2')": 8.548585691841739,
    "('V1', 'V2')": 7.051709369344101,
    "('V1', 'V3')": 1.088073609899168,
    "('V1', 'V4')": 7.733216314096844,
    "('V1', 'V5')": 1.068462219210068,
    "('V1', 'V6')": 2.0215286596865294,
    "('V1', 'V7')": 1.8906127521288427,
    "('V1', 'V8')": 9.285996872844413,
    "('V2', 'D1')": 2.5153972699824125,
    "('V2', 'D2')": 1.5709208275838338,
    "('V2', 'V1')": 7.051709369344101,
    "('V2', 'V3')": 7.262931036082428,
    "('V2', 'V4')": 9.510644297718683,
    "('V2', 'V5')": 8.068192258792559,
    "('V2', 'V6')": 8.288649511153572,
    "('V2', 'V7')": 6.065369821243559,
    "('V2', 'V8')": 8.331191701313092,
    "('V3', 'D1')": 6.873701973988647,
    "('V3', 'D2')": 8.680725892390454,
    "('V3', 'V1')": 1.088073609899168,
    "('V3', 'V2')": 7.262931036082428,
    "('V3', 'V4')": 8.819813341560854,
    "('V3', 'V5')": 1.1409465359000905,
    "('V3', 'V6')": 2.95291027751879,
    "('V3', 'V7')": 2.8759137935783743,
    "('V3', 'V8')": 10.29191583685699,
    "('V4', 'D1')": 11.371795048988199,
    "('V4', 'D2')": 10.852899283537969,
    "('V4', 'V1')": 7.733216314096844,
    "('V4', 'V2')": 9.510644297718683,
    "('V4', 'V3')": 8.819813341560854,
    "('V4', 'V5')": 8.308688182916812,
    "('V4', 'V6')": 6.363345743005531,
    "('V4', 'V7')": 6.132230452792245,
    "('V4', 'V8')": 3.387713384138845,
    "('V5', 'D1')": 7.899639163031038,
    "('V5', 'D2')": 9.542836649349121,
    "('V5', 'V1')": 1.068462219210068,
    "('V5', 'V2')": 8.068192258792559,
    "('V5', 'V3')": 1.1409465359000905,
    "('V5', 'V4')": 8.308688182916812,
    "('V5', 'V6')": 2.076566085091608,
    "('V5', 'V7')": 2.850164446497531,
    "('V5', 'V8')": 10.125348288135521,
    "('V6', 'D1')": 8.73169946073496,
    "('V6', 'D2')": 9.848265417876245,
    "('V6', 'V1')": 2.0215286596865294,
    "('V6', 'V2')": 8.288649511153572,
    "('V6', 'V3')": 2.95291027751879,
    "('V6', 'V4')": 6.363345743005531,
    "('V6', 'V5')": 2.076566085091608,
    "('V6', 'V7')": 2.2393169610878787,
    "('V6', 'V8')": 8.526571509389962,
    "('V7', 'D1')": 6.719672439926517,
    "('V7', 'D2')": 7.6308771012055265,
    "('V7', 'V1')": 1.8906127521288427,
    "('V7', 'V2')": 6.065369821243559,
    "('V7', 'V3')": 2.8759137935783743,
    "('V7', 'V4')": 6.132230452792245,
    "('V7', 'V5')": 2.850164446497531,
    "('V7', 'V6')": 2.2393169610878787,
    "('V7', 'V8')": 7.416887371164298,
    "('V8', 'D1')": 10.640119056982746,
    "('V8', 'D2')": 9.336820011879409,
    "('V8', 'V1')": 9.285996872844413,
    "('V8', 'V2')": 8.331191701313092,
    "('V8', 'V3')": 10.29191583685699,
    "('V8', 'V4')": 3.387713384138845,
    "('V8', 'V5')": 10.125348288135521,
    "('V8', 'V6')": 8.526571509389962,
    "('V8', 'V7')": 7.416887371164298
  },
  "par_a": [
    84,
    96,
    108,
    132,
    144
  ],
  "_distance": {
    "('F1', 'F1')": 0.0,
    "('F1', 'F2')": 30.284984570197228,
    "('F1', 'F3')": 23.390848116680267,
    "('F1', 'F4')": 22.27639694408995,
    "('F1', 'F5')": 29.412938780096642,
    "('F1', 'F6')": 30.182171735984944,
    "('F1', 'D1')": 12.645772725485367,
    "('F1', 'D2')": 15.285545503922332,
    "('F1', 'V1')": 13.748345041060999,
    "('F1', 'V2')": 15.070869499299647,
    "('F1', 'V3')": 12.679367525573785,
    "('F1', 'V4')": 21.3442296553904,
    "('F1', 'V5')": 13.496559349015062,
    "('F1', 'V6')": 15.561521345260354,
    "('F1', 'V7')": 15.212100757769994,
    "('F1', 'V8')": 22.067967442345346,
    "('F2', 'F1')": 30.284984570197228,
    "('F2', 'F2')": 0.0,
    "('F2', 'F3')": 18.20288322932092,
    "('F2', 'F4')": 21.32349429925317,
    "('F2', 'F5')": 4.449441827528708,
    "('F2', 'F6')": 4.252879886852349,
    "('F2', 'D1')": 19.00918694172361,
    "('F2', 'D2')": 17.458444360511937,
    "('F2', 'V1')": 16.896832252795583,
    "('F2', 'V2')": 16.630725670153655,
    "('F2', 'V3')": 17.97647669332558,
    "('F2', 'V4')": 9.201355155980117,
    "('F2', 'V5')": 17.509016833165877,
    "('F2', 'V6')": 15.553180305519893,
    "('F2', 'V7')": 15.189382006497466,
    "('F2', 'V8')": 8.398002278130773,
    "('F3', 'F1')": 23.390848116680267,
    "('F3', 'F2')": 18.20288322932092,
    "('F3', 'F3')": 0.0,
    "('F3', 'F4')": 29.858302591086343,
    "('F3', 'F5')": 21.07424998871849,
    "('F3', 'F6')": 14.873191651865367,
    "('F3', 'D1')": 11.768146238181647,
    "('F3', 'D2')": 9.156614281947512,
    "('F3', 'V1')": 17.166739899550535,
    "('F3', 'V2')": 10.33864582767471,
    "('F3', 'V3')": 17.534242481404394,
    "('F3', 'V4')": 16.073686780348183,
    "('F3', 'V5')": 18.225206203919246,
    "('F3', 'V6')": 17.969216673624754,
    "('F3', 'V7')": 15.778883131978068,
    "('F3', 'V8')": 12.994661476763094,
    "('F4', 'F1')": 22.27639694408995,
    "('F4', 'F2')": 21.32349429925317,
    "('F4', 'F3')": 29.858302591086343,
    "('F4', 'F4')": 0.0,
    "('F4', 'F5')": 17.48569095076135,
    "('F4', 'F6')": 24.37023252066922,
    "('F4', 'D1')": 20.572745629731326,
    "('F4', 'D2')": 21.96242244791921,
    "('F4', 'V1')": 13.538303786596188,
    "('F4', 'V2')": 20.409312756683555,
    "('F4', 'V3')": 13.752935690684891,
    "('F4', 'V4')": 14.88022497421137,
    "('F4', 'V5')": 12.680765879459884,
    "('F4', 'V6')": 12.125199817067175,
    "('F4', 'V7')": 14.361179839712731,
    "('F4', 'V8')": 18.236838327823065,
    "('F5', 'F1')": 29.412938780096642,
    "('F5', 'F2')": 4.449441827528708,
    "('F5', 'F3')": 21.07424998871849,
    "('F5', 'F4')": 17.48569095076135,
    "('F5', 'F5')": 0.0,
    "('F5', 'F6')": 8.558365068061073,
    "('F5', 'D1')": 19.38940644649362,
    "('F5', 'D2')": 18.415468776293412,
    "('F5', 'V1')": 15.67199661282043,
    "('F5', 'V2')": 17.28134647056592,
    "('F5', 'V3')": 16.750792141155458,
    "('F5', 'V4')": 8.211088784576381,
    "('F5', 'V5')": 16.040989076583998,
    "('F5', 'V6')": 13.970408330305334,
    "('F5', 'V7')": 14.255211321036898,
    "('F5', 'V8')": 9.132275500333119,
    "('F6', 'F1')": 30.182171735984944,
    "('F6', 'F2')": 4.252879886852349,
    "('F6', 'F3')": 14.873191651865367,
    "('F6', 'F4')": 24.37023252066922,
    "('F6', 'F5')": 8.558365068061073,
    "('F6', 'F6')": 0.0,
    "('F6', 'D1')": 18.068880604339274,
    "('F6', 'D2')": 16.03794713379504,
    "('F6', 'V1')": 17.603603958376084,
    "('F6', 'V2')": 15.56402077104141,
    "('F6', 'V3')": 18.621359262762166,
    "('F6', 'V4')": 10.53362770981054,
    "('F6', 'V5')": 18.404937774742052,
    "('F6', 'V6')": 16.675119511056,
    "('F6', 'V7')": 15.745450105922856,
    "('F6', 'V8')": 8.333777555931334,
    "('D1', 'F1')": 12.645772725485367,
    "('D1', 'F2')": 19.00918694172361,
    "('D1', 'F3')": 11.768146238181647,
    "('D1', 'F4')": 20.572745629731326,
    "('D1', 'F5')": 19.38940644649362,
    "('D1', 'F6')": 18.068880604339274,
    "('D1', 'D1')": 0.0,
    "('D1', 'D2')": 2.7451491368321266,
    "('D1', 'V1')": 7.0489829997630915,
    "('D1', 'V2')": 2.5153972699824125,
    "('D1', 'V3')": 6.873701973988647,
    "('D1', 'V4')": 11.371795048988199,
    "('D1', 'V5')": 7.899639163031038,
    "('D1', 'V6')": 8.73169946073496,
    "('D1', 'V7')": 6.719672439926517,
    "('D1', 'V8')": 10.640119056982746,
    "('D2', 'F1')": 15.285545503922332,
    "('D2', 'F2')": 17.458444360511937,
    "('D2', 'F3')": 9.156614281947512,
    "('D2', 'F4')": 21.96242244791921,
    "('D2', 'F5')": 18.415468776293412,
    "('D2', 'F6')": 16.03794713379504,
    "('D2', 'D1')": 2.7451491368321266,
    "('D2', 'D2')": 0.0,
    "('D2', 'V1')": 8.548585691841739,
    "('D2', 'V2')": 1.5709208275838338,
    "('D2', 'V3')": 8.680725892390454,
    "('D2', 'V4')": 10.852899283537969,
    "('D2', 'V5')": 9.542836649349121,
    "('D2', 'V6')": 9.848265417876245,
    "('D2', 'V7')": 7.6308771012055265,
    "('D2', 'V8')": 9.336820011879409,
    "('V1', 'F1')": 13.748345041060999,
    "('V1', 'F2')": 16.896832252795583,
    "('V1', 'F3')": 17.166739899550535,
    "('V1', 'F4')": 13.538303786596188,
    "('V1', 'F5')": 15.67199661282043,
    "('V1', 'F6')": 17.603603958376084,
    "('V1', 'D1')": 7.0489829997630915,
    "('V1', 'D2')": 8.548585691841739,
    "('V1', 'V1')": 0.0,
    "('V1', 'V2')": 7.051709369344101,
    "('V1', 'V3')": 1.088073609899168,
    "('V1', 'V4')": 7.733216314096844,
    "('V1', 'V5')": 1.068462219210068,
    "('V1', 'V6')": 2.0215286596865294,
    "('V1', 'V7')": 1.8906127521288427,
    "('V1', 'V8')": 9.285996872844413,
    "('V2', 'F1')": 15.070869499299647,
    "('V2', 'F2')": 16.630725670153655,
    "('V2', 'F3')": 10.33864582767471,
    "('V2', 'F4')": 20.409312756683555,
    "('V2', 'F5')": 17.28134647056592,
    "('V2', 'F6')": 15.56402077104141,
    "('V2', 'D1')": 2.5153972699824125,
    "('V2', 'D2')": 1.5709208275838338,
    "('V2', 'V1')": 7.051709369344101,
    "('V2', 'V2')": 0.0,
    "('V2', 'V3')": 7.262931036082428,
    "('V2', 'V4')": 9.510644297718683,
    "('V2', 'V5')": 8.068192258792559,
    "('V2', 'V6')": 8.288649511153572,
    "('V2', 'V7')": 6.065369821243559,
    "('V2', 'V8')": 8.331191701313092,
    "('V3', 'F1')": 12.679367525573785,
    "('V3', 'F2')": 17.97647669332558,
    "('V3', 'F3')": 17.534242481404394,
    "('V3', 'F4')": 13.752935690684891,
    "('V3', 'F5')": 16.750792141155458,
    "('V3', 'F6')": 18.621359262762166,
    "('V3', 'D1')": 6.873701973988647,
    "('V3', 'D2')": 8.680725892390454,
    "('V3', 'V1')": 1.088073609899168,
    "('V3', 'V2')": 7.262931036082428,
    "('V3', 'V3')": 0.0,
    "('V3', 'V4')": 8.819813341560854,
    "('V3', 'V5')": 1.1409465359000905,
    "('V3', 'V6')": 2.95291027751879,
    "('V3', 'V7')": 2.8759137935783743,
    "('V3', 'V8')": 10.29191583685699,
    "('V4', 'F1')": 21.3442296553904,
    "('V4', 'F2')": 9.201355155980117,
    "('V4', 'F3')": 16.073686780348183,
    "('V4', 'F4')": 14.88022497421137,
    "('V4', 'F5')": 8.211088784576381,
    "('V4', 'F6')": 10.53362770981054,
    "('V4', 'D1')": 11.371795048988199,
    "('V4', 'D2')": 10.852899283537969,
    "('V4', 'V1')": 7.733216314096844,
    "('V4', 'V2')": 9.510644297718683,
    "('V4', 'V3')": 8.819813341560854,
    "('V4', 'V4')": 0.0,
    "('V4', 'V5')": 8.308688182916812,
    "('V4', 'V6')": 6.363345743005531,
    "('V4', 'V7')": 6.132230452792245,
    "('V4', 'V8')": 3.387713384138845,
    "('V5', 'F1')": 13.496559349015062,
    "('V5', 'F2')": 17.509016833165877,
    "('V5', 'F3')": 18.225206203919246,
    "('V5', 'F4')": 12.680765879459884,
    "('V5', 'F5')": 16.040989076583998,
    "('V5', 'F6')": 18.404937774742052,
    "('V5', 'D1')": 7.899639163031038,
    "('V5', 'D2')": 9.542836649349121,
    "('V5', 'V1')": 1.068462219210068,
    "('V5', 'V2')": 8.068192258792559,
    "('V5', 'V3')": 1.1409465359000905,
    "('V5', 'V4')": 8.308688182916812,
    "('V5', 'V5')": 0.0,
    "('V5', 'V6')": 2.076566085091608,
    "('V5', 'V7')": 2.850164446497531,
    "('V5', 'V8')": 10.125348288135521,
    "('V6', 'F1')": 15.561521345260354,
    "('V6', 'F2')": 15.553180305519893,
    "('V6', 'F3')": 17.969216673624754,
    "('V6', 'F4')": 12.125199817067175,
    "('V6', 'F5')": 13.970408330305334,
    "('V6', 'F6')": 16.675119511056,
    "('V6', 'D1')": 8.73169946073496,
    "('V6', 'D2')": 9.848265417876245,
    "('V6', 'V1')": 2.0215286596865294,
    "('V6', 'V2')": 8.288649511153572,
    "('V6', 'V3')": 2.95291027751879,
    "('V6', 'V4')": 6.363345743005531,
    "('V6', 'V5')": 2.076566085091608,
    "('V6', 'V6')": 0.0,
    "('V6', 'V7')": 2.2393169610878787,
    "('V6', 'V8')": 8.526571509389962,
    "('V7', 'F1')": 15.212100757769994,
    "('V7', 'F2')": 15.189382006497466,
    "('V7', 'F3')": 15.778883131978068,
    "('V7', 'F4')": 14.361179839712731,
    "('V7', 'F5')": 14.255211321036898,
    "('V7', 'F6')": 15.745450105922856,
    "('V7', 'D1')": 6.719672439926517,
    "('V7', 'D2')": 7.6308771012055265,
    "('V7', 'V1')": 1.8906127521288427,
    "('V7', 'V2')": 6.065369821243559,
    "('V7', 'V3')": 2.8759137935783743,
    "('V7', 'V4')": 6.132230452792245,
    "('V7', 'V5')": 2.850164446497531,
    "('V7', 'V6')": 2.2393169610878787,
    "('V7', 'V7')": 0.0,
    "('V7', 'V8')": 7.416887371164298,
    "('V8', 'F1')": 22.067967442345346,
    "('V8', 'F2')": 8.398002278130773,
    "('V8', 'F3')": 12.994661476763094,
    "('V8', 'F4')": 18.236838327823065,
    "('V8', 'F5')": 9.132275500333119,
    "('V8', 'F6')": 8.333777555931334,
    "('V8', 'D1')": 10.640119056982746,
    "('V8', 'D2')": 9.336820011879409,
    "('V8', 'V1')": 9.285996872844413,
    "('V8', 'V2')": 8.331191701313092,
    "('V8', 'V3')": 10.29191583685699,
    "('V8', 'V4')": 3.387713384138845,
    "('V8', 'V5')": 10.125348288135521,
    "('V8', 'V6')": 8.526571509389962,
    "('V8', 'V7')": 7.416887371164298,
    "('V8', 'V8')": 0.0
  },
  "tij": {
    "('F1', 'D1')": 12.645772725485367,
    "('F1', 'D2')": 15.285545503922332,
    "('F2', 'D1')": 19.00918694172361,
    "('F2', 'D2')": 17.458444360511937,
    "('F3', 'D1')": 11.768146238181647,
    "('F3', 'D2')": 9.156614281947514,
    "('F4', 'D1')": 20.572745629731326,
    "('F4', 'D2')": 21.96242244791921,
    "('F5', 'D1')": 19.38940644649362,
    "('F5', 'D2')": 18.415468776293412,
    "('F6', 'D1')": 18.068880604339274,
    "('F6', 'D2')": 16.03794713379504,
    "('D1', 'D2')": 4.11772370524819,
    "('D1', 'V1')": 10.573474499644636,
    "('D1', 'V2')": 3.7730959049736184,
    "('D1', 'V3')": 10.310552960982971,
    "('D1', 'V4')": 17.0576925734823,
    "('D1', 'V5')": 11.849458744546556,
    "('D1', 'V6')": 13.09754919110244,
    "('D1', 'V7')": 10.079508659889775,
    "('D1', 'V8')": 15.96017858547412,
    "('D2', 'D1')": 4.11772370524819,
    "('D2', 'V1')": 12.822878537762609,
    "('D2', 'V2')": 2.356381241375751,
    "('D2', 'V3')": 13.02108883858568,
    "('D2', 'V4')": 16.279348925306955,
    "('D2', 'V5')": 14.314254974023683,
    "('D2', 'V6')": 14.77239812681437,
    "('D2', 'V7')": 11.44631565180829,
    "('D2', 'V8')": 14.005230017819112,
    "('V1', 'D1')": 10.573474499644636,
    "('V1', 'D2')": 12.822878537762609,
    "('V1', 'V2')": 10.577564054016152,
    "('V1', 'V3')": 1.6321104148487517,
    "('V1', 'V4')": 11.599824471145265,
    "('V1', 'V5')": 1.6026933288151017,
    "('V1', 'V6')": 3.032292989529794,
    "('V1', 'V7')": 2.835919128193264,
    "('V1', 'V8')": 13.92899530926662,
    "('V2', 'D1')": 3.7730959049736184,
    "('V2', 'D2')": 2.356381241375751,
    "('V2', 'V1')": 10.577564054016152,
    "('V2', 'V3')": 10.894396554123642,
    "('V2', 'V4')": 14.265966446578025,
    "('V2', 'V5')": 12.102288388188837,
    "('V2', 'V6')": 12.432974266730358,
    "('V2', 'V7')": 9.098054731865338,
    "('V2', 'V8')": 12.496787551969637,
    "('V3', 'D1')": 10.310552960982971,
    "('V3', 'D2')": 13.02108883858568,
    "('V3', 'V1')": 1.6321104148487517,
    "('V3', 'V2')": 10.894396554123642,
    "('V3', 'V4')": 13.22972001234128,
    "('V3', 'V5')": 1.7114198038501356,
    "('V3', 'V6')": 4.429365416278185,
    "('V3', 'V7')": 4.313870690367561,
    "('V3', 'V8')": 15.437873755285485,
    "('V4', 'D1')": 17.0576925734823,
    "('V4', 'D2')": 16.279348925306955,
    "('V4', 'V1')": 11.599824471145265,
    "('V4', 'V2')": 14.265966446578025,
    "('V4', 'V3')": 13.22972001234128,
    "('V4', 'V5')": 12.46303227437522,
    "('V4', 'V6')": 9.545018614508297,
    "('V4', 'V7')": 9.198345679188368,
    "('V4', 'V8')": 5.081570076208267,
    "('V5', 'D1')": 11.849458744546556,
    "('V5', 'D2')": 14.314254974023683,
    "('V5', 'V1')": 1.6026933288151017,
    "('V5', 'V2')": 12.102288388188837,
    "('V5', 'V3')": 1.7114198038501356,
    "('V5', 'V4')": 12.46303227437522,
    "('V5', 'V6')": 3.114849127637412,
    "('V5', 'V7')": 4.275246669746297,
    "('V5', 'V8')": 15.188022432203283,
    "('V6', 'D1')": 13.09754919110244,
    "('V6', 'D2')": 14.77239812681437,
    "('V6', 'V1')": 3.032292989529794,
    "('V6', 'V2')": 12.432974266730358,
    "('V6', 'V3')": 4.429365416278185,
    "('V6', 'V4')": 9.545018614508297,
    "('V6', 'V5')": 3.114849127637412,
    "('V6', 'V7')": 3.358975441631818,
    "('V6', 'V8')": 12.789857264084942,
    "('V7', 'D1')": 10.079508659889775,
    "('V7', 'D2')": 11.44631565180829,
    "('V7', 'V1')": 2.835919128193264,
    "('V7', 'V2')": 9.098054731865338,
    "('V7', 'V3')": 4.313870690367561,
    "('V7', 'V4')": 9.198345679188368,
    "('V7', 'V5')": 4.275246669746297,
    "('V7', 'V6')": 3.358975441631818,
    "('V7', 'V8')": 11.125331056746449,
    "('V8', 'D1')": 15.96017858547412,
    "('V8', 'D2')": 14.005230017819112,
    "('V8', 'V1')": 13.92899530926662,
    "('V8', 'V2')": 12.496787551969637,
    "('V8', 'V3')": 15.437873755285485,
    "('V8', 'V4')": 5.081570076208267,
    "('V8', 'V5')": 15.188022432203283,
    "('V8', 'V6')": 12.789857264084942,
    "('V8', 'V7')": 11.125331056746449
  },
  "waktu": {
    "('F1', 'D1')": 12.645772725485367,
    "('F1', 'D2')": 15.285545503922332,
    "('F2', 'D1')": 19.00918694172361,
    "('F2', 'D2')": 17.458444360511937,
    "('F3', 'D1')": 11.768146238181647,
    "('F3', 'D2')": 9.156614281947514,
    "('F4', 'D1')": 20.572745629731326,
    "('F4', 'D2')": 21.96242244791921,
    "('F5', 'D1')": 19.38940644649362,
    "('F5', 'D2')": 18.415468776293412,
    "('F6', 'D1')": 18.068880604339274,
    "('F6', 'D2')": 16.03794713379504,
    "('D1', 'D2')": 4.11772370524819,
    "('D1', 'V1')": 10.573474499644636,
    "('D1', 'V2')": 3.7730959049736184,
    "('D1', 'V3')": 10.310552960982971,
    "('D1', 'V4')": 17.0576925734823,
    "('D1', 'V5')": 11.849458744546556,
    "('D1', 'V6')": 13.09754919110244,
    "('D1', 'V7')": 10.079508659889775,
    "('D1', 'V8')": 15.96017858547412,
    "('D2', 'D1')": 4.11772370524819,
    "('D2', 'V1')": 12.822878537762609,
    "('D2', 'V2')": 2.356381241375751,
    "('D2', 'V3')": 13.02108883858568,
    "('D2', 'V4')": 16.279348925306955,
    "('D2', 'V5')": 14.314254974023683,
    "('D2', 'V6')": 14.77239812681437,
    "('D2', 'V7')": 11.44631565180829,
    "('D2', 'V8')": 14.005230017819112,
    "('V1', 'D1')": 10.573474499644636,
    "('V1', 'D2')": 12.822878537762609,
    "('V1', 'V2')": 10.577564054016152,
    "('V1', 'V3')": 1.6321104148487517,
    "('V1', 'V4')": 11.599824471145265,
    "('V1', 'V5')": 1.6026933288151017,
    "('V1', 'V6')": 3.032292989529794,
    "('V1', 'V7')": 2.835919128193264,
    "('V1', 'V8')": 13.92899530926662,
    "('V2', 'D1')": 3.7730959049736184,
    "('V2', 'D2')": 2.356381241375751,
    "('V2', 'V1')": 10.577564054016152,
    "('V2', 'V3')": 10.894396554123642,
    "('V2', 'V4')": 14.265966446578025,
    "('V2', 'V5')": 12.102288388188837,
    "('V2', 'V6')": 12.432974266730358,
    "('V2', 'V7')": 9.098054731865338,
    "('V2', 'V8')": 12.496787551969637,
    "('V3', 'D1')": 10.310552960982971,
    "('V3', 'D2')": 13.02108883858568,
    "('V3', 'V1')": 1.6321104148487517,
    "('V3', 'V2')": 10.894396554123642,
    "('V3', 'V4')": 13.22972001234128,
    "('V3', 'V5')": 1.7114198038501356,
    "('V3', 'V6')": 4.429365416278185,
    "('V3', 'V7')": 4.313870690367561,
    "('V3', 'V8')": 15.437873755285485,
    "('V4', 'D1')": 17.0576925734823,
    "('V4', 'D2')": 16.279348925306955,
    "('V4', 'V1')": 11.599824471145265,
    "('V4', 'V2')": 14.265966446578025,
    "('V4', 'V3')": 13.22972001234128,
    "('V4', 'V5')": 12.46303227437522,
    "('V4', 'V6')": 9.545018614508297,
    "('V4', 'V7')": 9.198345679188368,
    "('V4', 'V8')": 5.081570076208267,
    "('V5', 'D1')": 11.849458744546556,
    "('V5', 'D2')": 14.314254974023683,
    "('V5', 'V1')": 1.6026933288151017,
    "('V5', 'V2')": 12.102288388188837,
    "('V5', 'V3')": 1.7114198038501356,
    "('V5', 'V4')": 12.46303227437522,
    "('V5', 'V6')": 3.114849127637412,
    "('V5', 'V7')": 4.275246669746297,
    "('V5', 'V8')": 15.188022432203283,
    "('V6', 'D1')": 13.09754919110244,
    "('V6', 'D2')": 14.77239812681437,
    "('V6', 'V1')": 3.032292989529794,
    "('V6', 'V2')": 12.432974266730358,
    "('V6', 'V3')": 4.429365416278185,
    "('V6', 'V4')": 9.545018614508297,
    "('V6', 'V5')": 3.114849127637412,
    "('V6', 'V7')": 3.358975441631818,
    "('V6', 'V8')": 12.789857264084942,
    "('V7', 'D1')": 10.079508659889775,
    "('V7', 'D2')": 11.44631565180829,
    "('V7', 'V1')": 2.835919128193264,
    "('V7', 'V2')": 9.098054731865338,
    "('V7', 'V3')": 4.313870690367561,
    "('V7', 'V4')": 9.198345679188368,
    "('V7', 'V5')": 4.275246669746297,
    "('V7', 'V6')": 3.358975441631818,
    "('V7', 'V8')": 11.125331056746449,
    "('V8', 'D1')": 15.96017858547412,
    "('V8', 'D2')": 14.005230017819112,
    "('V8', 'V1')": 13.92899530926662,
    "('V8', 'V2')": 12.496787551969637,
    "('V8', 'V3')": 15.437873755285485,
    "('V8', 'V4')": 5.081570076208267,
    "('V8', 'V5')": 15.188022432203283,
    "('V8', 'V6')": 12.789857264084942,
    "('V8', 'V7')": 11.125331056746449
  },
  "truck_arcs": [
    {
      "p": "F1",
      "j": "D1",
      "cost": 12.645772725485367
    },
    {
      "p": "F1",
      "j": "D2",
      "cost": 15.285545503922332
    },
    {
      "p": "F2",
      "j": "D1",
      "cost": 19.00918694172361
    },
    {
      "p": "F2",
      "j": "D2",
      "cost": 17.458444360511937
    },
    {
      "p": "F3",
      "j": "D1",
      "cost": 11.768146238181647
    },
    {
      "p": "F3",
      "j": "D2",
      "cost": 9.156614281947512
    },
    {
      "p": "F4",
      "j": "D1",
      "cost": 20.572745629731326
    },
    {
      "p": "F4",
      "j": "D2",
      "cost": 21.96242244791921
    },
    {
      "p": "F5",
      "j": "D1",
      "cost": 19.38940644649362
    },
    {
      "p": "F5",
      "j": "D2",
      "cost": 18.415468776293412
    },
    {
      "p": "F6",
      "j": "D1",
      "cost": 18.068880604339274
    },
    {
      "p": "F6",
      "j": "D2",
      "cost": 16.03794713379504
    }
  ],
  "uav_arcs": [
    {
      "u": "D1",
      "v": "D2",
      "cost": 2.7451491368321266
    },
    {
      "u": "D1",
      "v": "V1",
      "cost": 7.0489829997630915
    },
    {
      "u": "D1",
      "v": "V2",
      "cost": 2.5153972699824125
    },
    {
      "u": "D1",
      "v": "V3",
      "cost": 6.873701973988647
    },
    {
      "u": "D1",
      "v": "V4",
      "cost": 11.371795048988199
    },
    {
      "u": "D1",
      "v": "V5",
      "cost": 7.899639163031038
    },
    {
      "u": "D1",
      "v": "V6",
      "cost": 8.73169946073496
    },
    {
      "u": "D1",
      "v": "V7",
      "cost": 6.719672439926517
    },
    {
      "u": "D1",
      "v": "V8",
      "cost": 10.640119056982746
    },
    {
      "u": "D2",
      "v": "D1",
      "cost": 2.7451491368321266
    },
    {
      "u": "D2",
      "v": "V1",
      "cost": 8.548585691841739
    },
    {
      "u": "D2",
      "v": "V2",
      "cost": 1.5709208275838338
    },
    {
      "u": "D2",
      "v": "V3",
      "cost": 8.680725892390454
    },
    {
      "u": "D2",
      "v": "V4",
      "cost": 10.852899283537969
    },
    {
      "u": "D2",
      "v": "V5",
      "cost": 9.542836649349121
    },
    {
      "u": "D2",
      "v": "V6",
      "cost": 9.848265417876245
    },
    {
      "u": "D2",
      "v": "V7",
      "cost": 7.6308771012055265
    },
    {
      "u": "D2",
      "v": "V8",
      "cost": 9.336820011879409
    },
    {
      "u": "V1",
      "v": "D1",
      "cost": 7.0489829997630915
    },
    {
      "u": "V1",
      "v": "D2",
      "cost": 8.548585691841739
    },
    {
      "u": "V1",
      "v": "V2",
      "cost": 7.051709369344101
    },
    {
      "u": "V1",
      "v": "V3",
      "cost": 1.088073609899168
    },
    {
      "u": "V1",
      "v": "V4",
      "cost": 7.733216314096844
    },
    {
      "u": "V1",
      "v": "V5",
      "cost": 1.068462219210068
    },
    {
      "u": "V1",
      "v": "V6",
      "cost": 2.0215286596865294
    },
    {
      "u": "V1",
      "v": "V7",
      "cost": 1.8906127521288427
    },
    {
      "u": "V1",
      "v": "V8",
      "cost": 9.285996872844413
    },
    {
      "u": "V2",
      "v": "D1",
      "cost": 2.5153972699824125
    },
    {
      "u": "V2",
      "v": "D2",
      "cost": 1.5709208275838338
    },
    {
      "u": "V2",
      "v": "V1",
      "cost": 7.051709369344101
    },
    {
      "u": "V2",
      "v": "V3",
      "cost": 7.262931036082428
    },
    {
      "u": "V2",
      "v": "V4",
      "cost": 9.510644297718683
    },
    {
      "u": "V2",
      "v": "V5",
      "cost": 8.068192258792559
    },
    {
      "u": "V2",
      "v": "V6",
      "cost": 8.288649511153572
    },
    {
      "u": "V2",
      "v": "V7",
      "cost": 6.065369821243559
    },
    {
      "u": "V2",
      "v": "V8",
      "cost": 8.331191701313092
    },
    {
      "u": "V3",
      "v": "D1",
      "cost": 6.873701973988647
    },
    {
      "u": "V3",
      "v": "D2",
      "cost": 8.680725892390454
    },
    {
      "u": "V3",
      "v": "V1",
      "cost": 1.088073609899168
    },
    {
      "u": "V3",
      "v": "V2",
      "cost": 7.262931036082428
    },
    {
      "u": "V3",
      "v": "V4",
      "cost": 8.819813341560854
    },
    {
      "u": "V3",
      "v": "V5",
      "cost": 1.1409465359000905
    },
    {
      "u": "V3",
      "v": "V6",
      "cost": 2.95291027751879
    },
    {
      "u": "V3",
      "v": "V7",
      "cost": 2.8759137935783743
    },
    {
      "u": "V3",
      "v": "V8",
      "cost": 10.29191583685699
    },
    {
      "u": "V4",
      "v": "D1",
      "cost": 11.371795048988199
    },
    {
      "u": "V4",
      "v": "D2",
      "cost": 10.852899283537969
    },
    {
      "u": "V4",
      "v": "V1",
      "cost": 7.733216314096844
    },
    {
      "u": "V4",
      "v": "V2",
      "cost": 9.510644297718683
    },
    {
      "u": "V4",
      "v": "V3",
      "cost": 8.819813341560854
    },
    {
      "u": "V4",
      "v": "V5",
      "cost": 8.308688182916812
    },
    {
      "u": "V4",
      "v": "V6",
      "cost": 6.363345743005531
    },
    {
      "u": "V4",
      "v": "V7",
      "cost": 6.132230452792245
    },
    {
      "u": "V4",
      "v": "V8",
      "cost": 3.387713384138845
    },
    {
      "u": "V5",
      "v": "D1",
      "cost": 7.899639163031038
    },
    {
      "u": "V5",
      "v": "D2",
      "cost": 9.542836649349121
    },
    {
      "u": "V5",
      "v": "V1",
      "cost": 1.068462219210068
    },
    {
      "u": "V5",
      "v": "V2",
      "cost": 8.068192258792559
    },
    {
      "u": "V5",
      "v": "V3",
      "cost": 1.1409465359000905
    },
    {
      "u": "V5",
      "v": "V4",
      "cost": 8.308688182916812
    },
    {
      "u": "V5",
      "v": "V6",
      "cost": 2.076566085091608
    },
    {
      "u": "V5",
      "v": "V7",
      "cost": 2.850164446497531
    },
    {
      "u": "V5",
      "v": "V8",
      "cost": 10.125348288135521
    },
    {
      "u": "V6",
      "v": "D1",
      "cost": 8.73169946073496
    },
    {
      "u": "V6",
      "v": "D2",
      "cost": 9.848265417876245
    },
    {
      "u": "V6",
      "v": "V1",
      "cost": 2.0215286596865294
    },
    {
      "u": "V6",
      "v": "V2",
      "cost": 8.288649511153572
    },
    {
      "u": "V6",
      "v": "V3",
      "cost": 2.95291027751879
    },
    {
      "u": "V6",
      "v": "V4",
      "cost": 6.363345743005531
    },
    {
      "u": "V6",
      "v": "V5",
      "cost": 2.076566085091608
    },
    {
      "u": "V6",
      "v": "V7",
      "cost": 2.2393169610878787
    },
    {
      "u": "V6",
      "v": "V8",
      "cost": 8.526571509389962
    },
    {
      "u": "V7",
      "v": "D1",
      "cost": 6.719672439926517
    },
    {
      "u": "V7",
      "v": "D2",
      "cost": 7.6308771012055265
    },
    {
      "u": "V7",
      "v": "V1",
      "cost": 1.8906127521288427
    },
    {
      "u": "V7",
      "v": "V2",
      "cost": 6.065369821243559
    },
    {
      "u": "V7",
      "v": "V3",
      "cost": 2.8759137935783743
    },
    {
      "u": "V7",
      "v": "V4",
      "cost": 6.132230452792245
    },
    {
      "u": "V7",
      "v": "V5",
      "cost": 2.850164446497531
    },
    {
      "u": "V7",
      "v": "V6",
      "cost": 2.2393169610878787
    },
    {
      "u": "V7",
      "v": "V8",
      "cost": 7.416887371164298
    },
    {
      "u": "V8",
      "v": "D1",
      "cost": 10.640119056982746
    },
    {
      "u": "V8",
      "v": "D2",
      "cost": 9.336820011879409
    },
    {
      "u": "V8",
      "v": "V1",
      "cost": 9.285996872844413
    },
    {
      "u": "V8",
      "v": "V2",
      "cost": 8.331191701313092
    },
    {
      "u": "V8",
      "v": "V3",
      "cost": 10.29191583685699
    },
    {
      "u": "V8",
      "v": "V4",
      "cost": 3.387713384138845
    },
    {
      "u": "V8",
      "v": "V5",
      "cost": 10.125348288135521
    },
    {
      "u": "V8",
      "v": "V6",
      "cost": 8.526571509389962
    },
    {
      "u": "V8",
      "v": "V7",
      "cost": 7.416887371164298
    }
  ],
  "number_of_uav": null
}