{
  "n_center": 3,
  "n_community": 8,
  "n_warehouse": 6,
  "set_F": [
    "F1",
    "F2",
    "F3",
    "F4",
    "F5",
    "F6"
  ],
  "set_D": [
    "D1",
    "D2",
    "D3"
  ],
  "set_V": [
    "V1",
    "V2",
    "V3",
    "V4",
    "V5",
    "V6",
    "V7",
    "V8"
  ],
  "set_A": [
    "('F1', 'D1')",
    "('F1', 'D2')",
    "('F1', 'D3')",
    "('F2', 'D1')",
    "('F2', 'D2')",
    "('F2', 'D3')",
    "('F3', 'D1')",
    "('F3', 'D2')",
    "('F3', 'D3')",
    "('F4', 'D1')",
    "('F4', 'D2')",
    "('F4', 'D3')",
    "('F5', 'D1')",
    "('F5', 'D2')",
    "('F5', 'D3')",
    "('F6', 'D1')",
    "('F6', 'D2')",
    "('F6', 'D3')",
    "('D1', 'D2')",
    "('D1', 'D3')",
    "('D1', 'V1')",
    "('D1', 'V2')",
    "('D1', 'V3')",
    "('D1', 'V4')",
    "('D1', 'V5')",
    "('D1', 'V6')",
    "('D1', 'V7')",
    "('D1', 'V8')",
    "('D2', 'D1')",
    "('D2', 'D3')",
    "('D2', 'V1')",
    "('D2', 'V2')",
    "('D2', 'V3')",
    "('D2', 'V4')",
    "('D2', 'V5')",
    "('D2', 'V6')",
    "('D2', 'V7')",
    "('D2', 'V8')",
    "('D3', 'D1')",
    "('D3', 'D2')",
    "('D3', 'V1')",
    "('D3', 'V2')",
    "('D3', 'V3')",
    "('D3', 'V4')",
    "('D3', 'V5')",
    "('D3', 'V6')",
    "('D3', 'V7')",
    "('D3', 'V8')",
    "('V1', 'D1')",
    "('V1', 'D2')",
    "('V1', 'D3')",
    "('V1', 'V2')",
    "('V1', 'V3')",
    "('V1', 'V4')",
    "('V1', 'V5')",
    "('V1', 'V6')",
    "('V1', 'V7')",
    "('V1', 'V8')",
    "('V2', 'D1')",
    "('V2', 'D2')",
    "('V2', 'D3')",
    "('V2', 'V1')",
    "('V2', 'V3')",
    "('V2', 'V4')",
    "('V2', 'V5')",
    "('V2', 'V6')",
    "('V2', 'V7')",
    "('V2', 'V8')",
    "('V3', 'D1')",
    "('V3', 'D2')",
    "('V3', 'D3')",
    "('V3', 'V1')",
    "('V3', 'V2')",
    "('V3', 'V4')",
    "('V3', 'V5')",
    "('V3', 'V6')",
    "('V3', 'V7')",
    "('V3', 'V8')",
    "('V4', 'D1')",
    "('V4', 'D2')",
    "('V4', 'D3')",
    "('V4', 'V1')",
    "('V4', 'V2')",
    "('V4', 'V3')",
    "('V4', 'V5')",
    "('V4', 'V6')",
    "('V4', 'V7')",
    "('V4', 'V8')",
    "('V5', 'D1')",
    "('V5', 'D2')",
    "('V5', 'D3')",
    "('V5', 'V1')",
    "('V5', 'V2')",
    "('V5', 'V3')",
    "('V5', 'V4')",
    "('V5', 'V6')",
    "('V5', 'V7')",
    "('V5', 'V8')",
    "('V6', 'D1')",
    "('V6', 'D2')",
    "('V6', 'D3')",
    "('V6', 'V1')",
    "('V6', 'V2')",
    "('V6', 'V3')",
    "('V6', 'V4')",
    "('V6', 'V5')",
    "('V6', 'V7')",
    "('V6', 'V8')",
    "('V7', 'D1')",
    "('V7', 'D2')",
    "('V7', 'D3')",
    "('V7', 'V1')",
    "('V7', 'V2')",
    "('V7', 'V3')",
    "('V7', 'V4')",
    "('V7', 'V5')",
    "('V7', 'V6')",
    "('V7', 'V8')",
    "('V8', 'D1')",
    "('V8', 'D2')",
    "('V8', 'D3')",
    "('V8', 'V1')",
    "('V8', 'V2')",
    "('V8', 'V3')",
    "('V8', 'V4')",
    "('V8', 'V5')",
    "('V8', 'V6')",
    "('V8', 'V7')"
  ],
  "set_L": [
    "L1",
    "L2",
    "L3",
    "L4",
    "L5"
  ],
  "set_T": [
    "T1",
    "T2",
    "T3",
    "T4",
    "T5",
    "T6",
    "T7",
    "T8"
  ],
  "set_U": [
    "U1",
    "U2",
    "U3",
    "U4",
    "U5",
    "U6",
    "U7",
    "U8"
  ],
  "par_d": {
    "V1": 17,
    "V2": 36,
    "V3": 39,
    "V4": 6,
    "V5": 31,
    "V6": 18,
    "V7": 39,
    "V8": 20
  },
  "par_r": 212,
  "par_n": 250,
  "par_h": 50,
  "par_m": 180,
  "par_v": 28,
  "par_l": {
    "L1": 60,
    "L2": 72,
    "L3": 108,
    "L4": 144,
    "L5": 192
  },
  "par_f": {
    "D1": 85.0,
    "D2": 101.0,
    "D3": 118.0
  },
  "par_o_items": [
    {
      "j": "D1",
      "l": "L1",
      "value": 24.0
    },
    {
      "j": "D1",
      "l": "L2",
      "value": 28.0
    },
    {
      "j": "D1",
      "l": "L3",
      "value": 41.0
    },
    {
      "j": "D1",
      "l": "L4",
      "value": 53.0
    },
    {
      "j": "D1",
      "l": "L5",
      "value": 68.0
    },
    {
      "j": "D2",
      "l": "L1",
      "value": 24.0
    },
    {
      "j": "D2",
      "l": "L2",
      "value": 28.0
    },
    {
      "j": "D2",
      "l": "L3",
      "value": 41.0
    },
    {
      "j": "D2",
      "l": "L4",
      "value": 53.0
    },
    {
      "j": "D2",
      "l": "L5",
      "value": 68.0
    },
    {
      "j": "D3",
      "l": "L1",
      "value": 24.0
    },
    {
      "j": "D3",
      "l": "L2",
      "value": 28.0
    },
    {
      "j": "D3",
      "l": "L3",
      "value": 41.0
    },
    {
      "j": "D3",
      "l": "L4",
      "value": 53.0
    },
    {
      "j": "D3",
      "l": "L5",
      "value": 68.0
    }
  ],
  "par_s_items": [
    {
      "j": "D1",
      "l": "L1",
      "value": 60.0
    },
    {
      "j": "D1",
      "l": "L2",
      "value": 72.0
    },
    {
      "j": "D1",
      "l": "L3",
      "value": 108.0
    },
    {
      "j": "D1",
      "l": "L4",
      "value": 144.0
    },
    {
      "j": "D1",
      "l": "L5",
      "value": 192.0
    },
    {
      "j": "D2",
      "l": "L1",
      "value": 60.0
    },
    {
      "j": "D2",
      "l": "L2",
      "value": 72.0
    },
    {
      "j": "D2",
      "l": "L3",
      "value": 108.0
    },
    {
      "j": "D2",
      "l": "L4",
      "value": 144.0
    },
    {
      "j": "D2",
      "l": "L5",
      "value": 192.0
    },
    {
      "j": "D3",
      "l": "L1",
      "value": 60.0
    },
    {
      "j": "D3",
      "l": "L2",
      "value": 72.0
    },
    {
      "j": "D3",
      "l": "L3",
      "value": 108.0
    },
    {
      "j": "D3",
      "l": "L4",
      "value": 144.0
    },
    {
      "j": "D3",
      "l": "L5",
      "value": 192.0
    }
  ],
  "par_t": 206.0,
  "par_c": {
    "('F1', 'D1')": 21.572165396480028,
    "('F1', 'D2')": 20.19204240726718,
    "('F1', 'D3')": 9.68790418047533,
    "('F2', 'D1')": 14.693118843935958,
    "('F2', 'D2')": 21.380364451578444,
    "('F2', 'D3')": 13.988882633203163,
    "('F3', 'D1')": 6.867761774646926,
    "('F3', 'D2')": 12.561890206634052,
    "('F3', 'D3')": 18.80771730614723,
    "('F4', 'D1')": 16.454039163432853,
    "('F4', 'D2')": 8.253618916625237,
    "('F4', 'D3')": 17.198748620848754,
    "('F5', 'D1')": 14.752825044258083,
    "('F5', 'D2')": 6.944554582989685,
    "('F5', 'D3')": 18.323534390947263,
    "('F6', 'D1')": 14.610375488320091,
    "('F6', 'D2')": 19.564981873359372,
    "('F6', 'D3')": 9.699369066969494,
    "('D1', 'D2')": 8.204719158084997,
    "('D1', 'D3')": 11.96767117601182,
    "('D1', 'V1')": 2.575781575996715,
    "('D1', 'V2')": 4.044911495926358,
    "('D1', 'V3')": 4.418949186373259,
    "('D1', 'V4')": 1.8965933239272172,
    "('D1', 'V5')": 5.9596801320229105,
    "('D1', 'V6')": 8.033449717892223,
    "('D1', 'V7')": 8.781475378653655,
    "('D1', 'V8')": 5.416323862924074,
    "('D2', 'D1')": 8.204719158084997,
    "('D2', 'D3')": 12.487217439974039,
    "('D2', 'V1')": 9.104433281426605,
    "('D2', 'V2')": 7.496763323845093,
    "('D2', 'V3')": 9.495219919253012,
    "('D2', 'V4')": 6.985035269761515,
    "('D2', 'V5')": 7.234202772810844,
    "('D2', 'V6')": 9.208155571197672,
    "('D2', 'V7')": 4.447496343227664,
    "('D2', 'V8')": 3.136616024045616,
    "('D3', 'D1')": 11.96767117601182,
    "('D3', 'D2')": 12.487217439974039,
    "('D3', 'V1')": 9.77776330897892,
    "('D3', 'V2')": 7.986628787898743,
    "('D3', 'V3')": 7.912393987514644,
    "('D3', 'V4')": 10.35276800786518,
    "('D3', 'V5')": 6.396964167937856,
    "('D3', 'V6')": 4.017999962146816,
    "('D3', 'V7')": 8.275560792991534,
    "('D3', 'V8')": 10.52001728317856,
    "('V1', 'D1')": 2.575781575996715,
    "('V1', 'D2')": 9.104433281426605,
    "('V1', 'D3')": 9.77776330897892,
    "('V1', 'V2')": 2.5061865818421993,
    "('V1', 'V3')": 1.927520810394661,
    "('V1', 'V4')": 2.232537489462602,
    "('V1', 'V5')": 4.450696755669757,
    "('V1', 'V6')": 6.042554736888711,
    "('V1', 'V7')": 8.357149151865757,
    "('V1', 'V8')": 5.991082045702609,
    "('V2', 'D1')": 4.044911495926358,
    "('V2', 'D2')": 7.496763323845093,
    "('V2', 'D3')": 7.986628787898743,
    "('V2', 'V1')": 2.5061865818421993,
    "('V2', 'V3')": 2.01430226712474,
    "('V2', 'V4')": 2.370681326366867,
    "('V2', 'V5')": 1.9973500528491173,
    "('V2', 'V6')": 4.004030716373123,
    "('V2', 'V7')": 5.965901068604166,
    "('V2', 'V8')": 4.408584391461645,
    "('V3', 'D1')": 4.418949186373259,
    "('V3', 'D2')": 9.495219919253012,
    "('V3', 'D3')": 7.912393987514644,
    "('V3', 'V1')": 1.927520810394661,
    "('V3', 'V2')": 2.01430226712474,
    "('V3', 'V4')": 3.4485028265570987,
    "('V3', 'V5')": 3.351226462465047,
    "('V3', 'V6')": 4.355641793882117,
    "('V3', 'V7')": 7.798332375375782,
    "('V3', 'V8')": 6.384157543852455,
    "('V4', 'D1')": 1.8965933239272172,
    "('V4', 'D2')": 6.985035269761515,
    "('V4', 'D3')": 10.35276800786518,
    "('V4', 'V1')": 2.232537489462602,
    "('V4', 'V2')": 2.370681326366867,
    "('V4', 'V3')": 3.4485028265570987,
    "('V4', 'V5')": 4.147386984954815,
    "('V4', 'V6')": 6.354542628933717,
    "('V4', 'V7')": 6.962361821272289,
    "('V4', 'V8')": 3.9461790627083246,
    "('V5', 'D1')": 5.9596801320229105,
    "('V5', 'D2')": 7.234202772810844,
    "('V5', 'D3')": 6.396964167937856,
    "('V5', 'V1')": 4.450696755669757,
    "('V5', 'V2')": 1.9973500528491173,
    "('V5', 'V3')": 3.351226462465047,
    "('V5', 'V4')": 4.147386984954815,
    "('V5', 'V6')": 2.409601799845318,
    "('V5', 'V7')": 4.57231074950378,
    "('V5', 'V8')": 4.52182226535495,
    "('V6', 'D1')": 8.033449717892223,
    "('V6', 'D2')": 9.208155571197672,
    "('V6', 'D3')": 4.017999962146816,
    "('V6', 'V1')": 6.042554736888711,
    "('V6', 'V2')": 4.004030716373123,
    "('V6', 'V3')": 4.355641793882117,
    "('V6', 'V4')": 6.354542628933717,
    "('V6', 'V5')": 2.409601799845318,
    "('V6', 'V7')": 5.652967327893284,
    "('V6', 'V8')": 6.790572160596348,
    "('V7', 'D1')": 8.781475378653655,
    "('V7', 'D2')": 4.447496343227664,
    "('V7', 'D3')": 8.275560792991534,
    "('V7', 'V1')": 8.357149151865757,
    "('V7', 'V2')": 5.965901068604166,
    "('V7', 'V3')": 7.798332375375782,
    "('V7', 'V4')": 6.962361821272289,
    "('V7', 'V5')": 4.57231074950378,
    "('V7', 'V6')": 5.652967327893284,
    "('V7', 'V8')": 3.9811056063458805,
    "('V8', 'D1')": 5.416323862924074,
    "('V8', 'D2')": 3.136616024045616,
    "('V8', 'D3')": 10.52001728317856,
    "('V8', 'V1')": 5.991082045702609,
    "('V8', 'V2')": 4.408584391461645,
    "('V8', 'V3')": 6.384157543852455,
    "('V8', 'V4')": 3.9461790627083246,
    "('V8', 'V5')": 4.52182226535495,
    "('V8', 'V6')": 6.790572160596348,
    "('V8', 'V7')": 3.9811056063458805
  },
  "par_a": [
    60,
    72,
    108,
    144,
    192
  ],
  "_distance": {
    "('F1', 'F1')": 0.0,
    "('F1', 'F2')": 20.781435828634077,
    "('F1', 'F3')": 28.43695946109284,
    "('F1', 'F4')": 21.687343422597532,
    "('F1', 'F5')": 24.24421673052518,
    "('F1', 'F6')": 15.484498486492125,
    "('F1', 'D1')": 21.572165396480028,
    "('F1', 'D2')": 20.19204240726718,
    "('F1', 'D3')": 9.68790418047533,
    "('F1', 'V1')": 19.45930576897638,
    "('F1', 'V2')": 17.538102113939704,
    "('F1', 'V3')": 17.600262055387063,
    "('F1', 'V4')": 19.863935092154815,
    "('F1', 'V5')": 15.747710642587874,
    "('F1', 'V6')": 13.538833916421144,
    "('F1', 'V7')": 15.777750863310686,
    "('F1', 'V8')": 19.164639229099883,
    "('F2', 'F1')": 20.781435828634077,
    "('F2', 'F2')": 0.0,
    "('F2', 'F3')": 18.334098992509574,
    "('F2', 'F4')": 28.76856045767032,
    "('F2', 'F5')": 28.321543586676384,
    "('F2', 'F6')": 5.336393144052733,
    "('F2', 'D1')": 14.693118843935958,
    "('F2', 'D2')": 21.380364451578444,
    "('F2', 'D3')": 13.988882633203163,
    "('F2', 'V1')": 12.638707836363272,
    "('F2', 'V2')": 13.88533684302572,
    "('F2', 'V3')": 11.88648900364792,
    "('F2', 'V4')": 14.863181052771,
    "('F2', 'V5')": 14.586597007104697,
    "('F2', 'V6')": 13.729155402887262,
    "('F2', 'V7')": 19.08801412757465,
    "('F2', 'V8')": 18.268929486596193,
    "('F3', 'F1')": 28.43695946109284,
    "('F3', 'F2')": 18.334098992509574,
    "('F3', 'F3')": 0.0,
    "('F3', 'F4')": 20.236893572916053,
    "('F3', 'F5')": 17.374456352175745,
    "('F3', 'F6')": 19.886359155929565,
    "('F3', 'D1')": 6.867761774646926,
    "('F3', 'D2')": 12.561890206634052,
    "('F3', 'D3')": 18.80771730614723,
    "('F3', 'V1')": 9.102081588618544,
    "('F3', 'V2')": 10.911346813439213,
    "('F3', 'V3')": 11.027326334249636,
    "('F3', 'V4')": 8.648457454737215,
    "('F3', 'V5')": 12.79245897384186,
    "('F3', 'V6')": 14.899605126496642,
    "('F3', 'V7')": 14.840871892226229,
    "('F3', 'V8')": 10.915465058591314,
    "('F4', 'F1')": 21.687343422597532,
    "('F4', 'F2')": 28.76856045767032,
    "('F4', 'F3')": 20.236893572916053,
    "('F4', 'F4')": 0.0,
    "('F4', 'F5')": 4.00908219031344,
    "('F4', 'F6')": 26.052667885934618,
    "('F4', 'D1')": 16.454039163432853,
    "('F4', 'D2')": 8.253618916625237,
    "('F4', 'D3')": 17.198748620848754,
    "('F4', 'V1')": 17.128693747362092,
    "('F4', 'V2')": 15.140336649283459,
    "('F4', 'V3')": 17.134124998316995,
    "('F4', 'V4')": 15.131758374482331,
    "('F4', 'V5')": 14.182822321574951,
    "('F4', 'V6')": 15.33795643865277,
    "('F4', 'V7')": 9.726839775007718,
    "('F4', 'V8')": 11.186568436467802,
    "('F5', 'F1')": 24.24421673052518,
    "('F5', 'F2')": 28.321543586676384,
    "('F5', 'F3')": 17.374456352175745,
    "('F5', 'F4')": 4.00908219031344,
    "('F5', 'F5')": 0.0,
    "('F5', 'F6')": 26.306510245355604,
    "('F5', 'D1')": 14.752825044258083,
    "('F5', 'D2')": 6.944554582989685,
    "('F5', 'D3')": 18.323534390947263,
    "('F5', 'V1')": 15.985201951808968,
    "('F5', 'V2')": 14.436211080135333,
    "('F5', 'V3')": 16.438681962222656,
    "('F5', 'V4')": 13.804686781020354,
    "('F5', 'V5')": 13.994429741376017,
    "('F5', 'V6')": 15.675284349115598,
    "('F5', 'V7')": 10.136746398578222,
    "('F5', 'V8')": 10.074036581269596,
    "('F6', 'F1')": 15.484498486492125,
    "('F6', 'F2')": 5.336393144052733,
    "('F6', 'F3')": 19.886359155929565,
    "('F6', 'F4')": 26.052667885934618,
    "('F6', 'F5')": 26.306510245355604,
    "('F6', 'F6')": 0.0,
    "('F6', 'D1')": 14.610375488320091,
    "('F6', 'D2')": 19.564981873359372,
    "('F6', 'D3')": 9.699369066969494,
    "('F6', 'V1')": 12.114134238659467,
    "('F6', 'V2')": 12.380453318812311,
    "('F6', 'V3')": 10.665221415148176,
    "('F6', 'V4')": 14.090730258350224,
    "('F6', 'V5')": 12.340445316428287,
    "('F6', 'V6')": 10.734175489531737,
    "('F6', 'V7')": 16.386521801200704,
    "('F6', 'V8')": 16.670179504419792,
    "('D1', 'F1')": 21.572165396480028,
    "('D1', 'F2')": 14.693118843935958,
    "('D1', 'F3')": 6.867761774646926,
    "('D1', 'F4')": 16.454039163432853,
    "('D1', 'F5')": 14.752825044258083,
    "('D1', 'F6')": 14.610375488320091,
    "('D1', 'D1')": 0.0,
    "('D1', 'D2')": 8.204719158084997,
    "('D1', 'D3')": 11.96767117601182,
    "('D1', 'V1')": 2.575781575996715,
    "('D1', 'V2')": 4.044911495926358,
    "('D1', 'V3')": 4.418949186373259,
    "('D1', 'V4')": 1.8965933239272172,
    "('D1', 'V5')": 5.9596801320229105,
    "('D1', 'V6')": 8.033449717892223,
    "('D1', 'V7')": 8.781475378653655,
    "('D1', 'V8')": 5.416323862924074,
    "('D2', 'F1')": 20.19204240726718,
    "('D2', 'F2')": 21.380364451578444,
    "('D2', 'F3')": 12.561890206634052,
    "('D2', 'F4')": 8.253618916625237,
    "('D2', 'F5')": 6.944554582989685,
    "('D2', 'F6')": 19.564981873359372,
    "('D2', 'D1')": 8.204719158084997,
    "('D2', 'D2')": 0.0,
    "('D2', 'D3')": 12.487217439974039,
    "('D2', 'V1')": 9.104433281426605,
    "('D2', 'V2')": 7.496763323845093,
    "('D2', 'V3')": 9.495219919253012,
    "('D2', 'V4')": 6.985035269761515,
    "('D2', 'V5')": 7.234202772810844,
    "('D2', 'V6')": 9.208155571197672,
    "('D2', 'V7')": 4.447496343227664,
    "('D2', 'V8')": 3.136616024045616,
    "('D3', 'F1')": 9.68790418047533,
    "('D3', 'F2')": 13.988882633203163,
    "('D3', 'F3')": 18.80771730614723,
    "('D3', 'F4')": 17.198748620848754,
    "('D3', 'F5')": 18.323534390947263,
    "('D3', 'F6')": 9.699369066969494,
    "('D3', 'D1')": 11.96767117601182,
    "('D3', 'D2')": 12.487217439974039,
    "('D3', 'D3')": 0.0,
    "('D3', 'V1')": 9.77776330897892,
    "('D3', 'V2')": 7.986628787898743,
    "('D3', 'V3')": 7.912393987514644,
    "('D3', 'V4')": 10.35276800786518,
    "('D3', 'V5')": 6.396964167937856,
    "('D3', 'V6')": 4.017999962146816,
    "('D3', 'V7')": 8.275560792991534,
    "('D3', 'V8')": 10.52001728317856,
    "('V1', 'F1')": 19.45930576897638,
    "('V1', 'F2')": 12.638707836363272,
    "('V1', 'F3')": 9.102081588618544,
    "('V1', 'F4')": 17.128693747362092,
    "('V1', 'F5')": 15.985201951808968,
    "('V1', 'F6')": 12.114134238659467,
    "('V1', 'D1')": 2.575781575996715,
    "('V1', 'D2')": 9.104433281426605,
    "('V1', 'D3')": 9.77776330897892,
    "('V1', 'V1')": 0.0,
    "('V1', 'V2')": 2.5061865818421993,
    "('V1', 'V3')": 1.927520810394661,
    "('V1', 'V4')": 2.232537489462602,
    "('V1', 'V5')": 4.450696755669757,
    "('V1', 'V6')": 6.042554736888711,
    "('V1', 'V7')": 8.357149151865757,
    "('V1', 'V8')": 5.991082045702609,
    "('V2', 'F1')": 17.538102113939704,
    "('V2', 'F2')": 13.88533684302572,
    "('V2', 'F3')": 10.911346813439213,
    "('V2', 'F4')": 15.140336649283459,
    "('V2', 'F5')": 14.436211080135333,
    "('V2', 'F6')": 12.380453318812311,
    "('V2', 'D1')": 4.044911495926358,
    "('V2', 'D2')": 7.496763323845093,
    "('V2', 'D3')": 7.986628787898743,
    "('V2', 'V1')": 2.5061865818421993,
    "('V2', 'V2')": 0.0,
    "('V2', 'V3')": 2.01430226712474,
    "('V2', 'V4')": 2.370681326366867,
    "('V2', 'V5')": 1.9973500528491173,
    "('V2', 'V6')": 4.004030716373123,
    "('V2', 'V7')": 5.965901068604166,
    "('V2', 'V8')": 4.408584391461645,
    "('V3', 'F1')": 17.600262055387063,
    "('V3', 'F2')": 11.88648900364792,
    "('V3', 'F3')": 11.027326334249636,
    "('V3', 'F4')": 17.134124998316995,
    "('V3', 'F5')": 16.438681962222656,
    "('V3', 'F6')": 10.665221415148176,
    "('V3', 'D1')": 4.418949186373259,
    "('V3', 'D2')": 9.495219919253012,
    "('V3', 'D3')": 7.912393987514644,
    "('V3', 'V1')": 1.927520810394661,
    "('V3', 'V2')": 2.01430226712474,
    "('V3', 'V3')": 0.0,
    "('V3', 'V4')": 3.4485028265570987,
    "('V3', 'V5')": 3.351226462465047,
    "('V3', 'V6')": 4.355641793882117,
    "('V3', 'V7')": 7.798332375375782,
    "('V3', 'V8')": 6.384157543852455,
    "('V4', 'F1')": 19.863935092154815,
    "('V4', 'F2')": 14.863181052771,
    "('V4', 'F3')": 8.648457454737215,
    "('V4', 'F4')": 15.131758374482331,
    "('V4', 'F5')": 13.804686781020354,
    "('V4', 'F6')": 14.090730258350224,
    "('V4', 'D1')": 1.8965933239272172,
    "('V4', 'D2')": 6.985035269761515,
    "('V4', 'D3')": 10.35276800786518,
    "('V4', 'V1')": 2.232537489462602,
    "('V4', 'V2')": 2.370681326366867,
    "('V4', 'V3')": 3.4485028265570987,
    "('V4', 'V4')": 0.0,
    "('V4', 'V5')": 4.147386984954815,
    "('V4', 'V6')": 6.354542628933717,
    "('V4', 'V7')": 6.962361821272289,
    "('V4', 'V8')": 3.9461790627083246,
    "('V5', 'F1')": 15.747710642587874,
    "('V5', 'F2')": 14.586597007104697,
    "('V5', 'F3')": 12.79245897384186,
    "('V5', 'F4')": 14.182822321574951,
    "('V5', 'F5')": 13.994429741376017,
    "('V5', 'F6')": 12.340445316428287,
    "('V5', 'D1')": 5.9596801320229105,
    "('V5', 'D2')": 7.234202772810844,
    "('V5', 'D3')": 6.396964167937856,
    "('V5', 'V1')": 4.450696755669757,
    "('V5', 'V2')": 1.9973500528491173,
    "('V5', 'V3')": 3.351226462465047,
    "('V5', 'V4')": 4.147386984954815,
    "('V5', 'V5')": 0.0,
    "('V5', 'V6')": 2.409601799845318,
    "('V5', 'V7')": 4.57231074950378,
    "('V5', 'V8')": 4.52182226535495,
    "('V6', 'F1')": 13.538833916421144,
    "('V6', 'F2')": 13.729155402887262,
    "('V6', 'F3')": 14.899605126496642,
    "('V6', 'F4')": 15.33795643865277,
    "('V6', 'F5')": 15.675284349115598,
    "('V6', 'F6')": 10.734175489531737,
    "('V6', 'D1')": 8.033449717892223,
    "('V6', 'D2')": 9.208155571197672,
    "('V6', 'D3')": 4.017999962146816,
    "('V6', 'V1')": 6.042554736888711,
    "('V6', 'V2')": 4.004030716373123,
    "('V6', 'V3')": 4.355641793882117,
    "('V6', 'V4')": 6.354542628933717,
    "('V6', 'V5')": 2.409601799845318,
    "('V6', 'V6')": 0.0,
    "('V6', 'V7')": 5.652967327893284,
    "('V6', 'V8')": 6.790572160596348,
    "('V7', 'F1')": 15.777750863310686,
    "('V7', 'F2')": 19.08801412757465,
    "('V7', 'F3')": 14.840871892226229,
    "('V7', 'F4')": 9.726839775007718,
    "('V7', 'F5')": 10.136746398578222,
    "('V7', 'F6')": 16.386521801200704,
    "('V7', 'D1')": 8.781475378653655,
    "('V7', 'D2')": 4.447496343227664,
    "('V7', 'D3')": 8.275560792991534,
    "('V7', 'V1')": 8.357149151865757,
    "('V7', 'V2')": 5.965901068604166,
    "('V7', 'V3')": 7.798332375375782,
    "('V7', 'V4')": 6.962361821272289,
    "('V7', 'V5')": 4.57231074950378,
    "('V7', 'V6')": 5.652967327893284,
    "('V7', 'V7')": 0.0,
    "('V7', 'V8')": 3.9811056063458805,
    "('V8', 'F1')": 19.164639229099883,
    "('V8', 'F2')": 18.268929486596193,
    "('V8', 'F3')": 10.915465058591314,
    "('V8', 'F4')": 11.186568436467802,
    "('V8', 'F5')": 10.074036581269596,
    "('V8', 'F6')": 16.670179504419792,
    "('V8', 'D1')": 5.416323862924074,
    "('V8', 'D2')": 3.136616024045616,
    "('V8', 'D3')": 10.52001728317856,
    "('V8', 'V1')": 5.991082045702609,
    "('V8', 'V2')": 4.408584391461645,
    "('V8', 'V3')": 6.384157543852455,
    "('V8', 'V4')": 3.9461790627083246,
    "('V8', 'V5')": 4.52182226535495,
    "('V8', 'V6')": 6.790572160596348,
    "('V8', 'V7')": 3.9811056063458805,
    "('V8', 'V8')": 0.0
  },
  "tij": {
    "('F1', 'D1')": 21.572165396480028,
    "('F1', 'D2')": 20.19204240726718,
    "('F1', 'D3')": 9.68790418047533,
    "('F2', 'D1')": 14.693118843935958,
    "('F2', 'D2')": 21.380364451578444,
    "('F2', 'D3')": 13.988882633203163,
    "('F3', 'D1')": 6.867761774646926,
    "('F3', 'D2')": 12.561890206634052,
    "('F3', 'D3')": 18.80771730614723,
    "('F4', 'D1')": 16.454039163432853,
    "('F4', 'D2')": 8.253618916625237,
    "('F4', 'D3')": 17.198748620848754,
    "('F5', 'D1')": 14.752825044258083,
    "('F5', 'D2')": 6.944554582989685,
    "('F5', 'D3')": 18.323534390947263,
    "('F6', 'D1')": 14.610375488320091,
    "('F6', 'D2')": 19.564981873359372,
    "('F6', 'D3')": 9.699369066969494,
    "('D1', 'D2')": 12.307078737127494,
    "('D1', 'D3')": 17.95150676401773,
    "('D1', 'V1')": 3.8636723639950725,
    "('D1', 'V2')": 6.067367243889537,
    "('D1', 'V3')": 6.628423779559888,
    "('D1', 'V4')": 2.844889985890826,
    "('D1', 'V5')": 8.939520198034366,
    "('D1', 'V6')": 12.050174576838334,
    "('D1', 'V7')": 13.172213067980483,
    "('D1', 'V8')": 8.12448579438611,
    "('D2', 'D1')": 12.307078737127494,
    "('D2', 'D3')": 18.730826159961058,
    "('D2', 'V1')": 13.65664992213991,
    "('D2', 'V2')": 11.24514498576764,
    "('D2', 'V3')": 14.242829878879519,
    "('D2', 'V4')": 10.477552904642273,
    "('D2', 'V5')": 10.851304159216266,
    "('D2', 'V6')": 13.812233356796508,
    "('D2', 'V7')": 6.671244514841495,
    "('D2', 'V8')": 4.704924036068424,
    "('D3', 'D1')": 17.95150676401773,
    "('D3', 'D2')": 18.730826159961058,
    "('D3', 'V1')": 14.66664496346838,
    "('D3', 'V2')": 11.979943181848116,
    "('D3', 'V3')": 11.868590981271966,
    "('D3', 'V4')": 15.529152011797771,
    "('D3', 'V5')": 9.595446251906784,
    "('D3', 'V6')": 6.026999943220224,
    "('D3', 'V7')": 12.413341189487301,
    "('D3', 'V8')": 15.780025924767841,
    "('V1', 'D1')": 3.8636723639950725,
    "('V1', 'D2')": 13.65664992213991,
    "('V1', 'D3')": 14.66664496346838,
    "('V1', 'V2')": 3.759279872763299,
    "('V1', 'V3')": 2.8912812155919916,
    "('V1', 'V4')": 3.3488062341939036,
    "('V1', 'V5')": 6.676045133504635,
    "('V1', 'V6')": 9.063832105333066,
    "('V1', 'V7')": 12.535723727798636,
    "('V1', 'V8')": 8.986623068553914,
    "('V2', 'D1')": 6.067367243889537,
    "('V2', 'D2')": 11.24514498576764,
    "('V2', 'D3')": 11.979943181848116,
    "('V2', 'V1')": 3.759279872763299,
    "('V2', 'V3')": 3.02145340068711,
    "('V2', 'V4')": 3.556021989550301,
    "('V2', 'V5')": 2.996025079273676,
    "('V2', 'V6')": 6.006046074559684,
    "('V2', 'V7')": 8.948851602906249,
    "('V2', 'V8')": 6.612876587192467,
    "('V3', 'D1')": 6.628423779559888,
    "('V3', 'D2')": 14.242829878879519,
    "('V3', 'D3')": 11.868590981271966,
    "('V3', 'V1')": 2.8912812155919916,
    "('V3', 'V2')": 3.02145340068711,
    "('V3', 'V4')": 5.1727542398356485,
    "('V3', 'V5')": 5.02683969369757,
    "('V3', 'V6')": 6.533462690823176,
    "('V3', 'V7')": 11.697498563063673,
    "('V3', 'V8')": 9.576236315778683,
    "('V4', 'D1')": 2.844889985890826,
    "('V4', 'D2')": 10.477552904642273,
    "('V4', 'D3')": 15.529152011797771,
    "('V4', 'V1')": 3.3488062341939036,
    "('V4', 'V2')": 3.556021989550301,
    "('V4', 'V3')": 5.1727542398356485,
    "('V4', 'V5')": 6.221080477432222,
    "('V4', 'V6')": 9.531813943400575,
    "('V4', 'V7')": 10.443542731908433,
    "('V4', 'V8')": 5.919268594062487,
    "('V5', 'D1')": 8.939520198034366,
    "('V5', 'D2')": 10.851304159216266,
    "('V5', 'D3')": 9.595446251906784,
    "('V5', 'V1')": 6.676045133504635,
    "('V5', 'V2')": 2.996025079273676,
    "('V5', 'V3')": 5.02683969369757,
    "('V5', 'V4')": 6.221080477432222,
    "('V5', 'V6')": 3.6144026997679766,
    "('V5', 'V7')": 6.858466124255669,
    "('V5', 'V8')": 6.782733398032424,
    "('V6', 'D1')": 12.050174576838334,
    "('V6', 'D2')": 13.812233356796508,
    "('V6', 'D3')": 6.026999943220224,
    "('V6', 'V1')": 9.063832105333066,
    "('V6', 'V2')": 6.006046074559684,
    "('V6', 'V3')": 6.533462690823176,
    "('V6', 'V4')": 9.531813943400575,
    "('V6', 'V5')": 3.6144026997679766,
    "('V6', 'V7')": 8.479450991839927,
    "('V6', 'V8')": 10.185858240894522,
    "('V7', 'D1')": 13.172213067980483,
    "('V7', 'D2')": 6.671244514841495,
    "('V7', 'D3')": 12.413341189487301,
    "('V7', 'V1')": 12.535723727798636,
    "('V7', 'V2')": 8.948851602906249,
    "('V7', 'V3')": 11.697498563063673,
    "('V7', 'V4')": 10.443542731908433,
    "('V7', 'V5')": 6.858466124255669,
    "('V7', 'V6')": 8.479450991839927,
    "('V7', 'V8')": 5.971658409518821,
    "('V8', 'D1')": 8.12448579438611,
    "('V8', 'D2')": 4.704924036068424,
    "('V8', 'D3')": 15.780025924767841,
    "('V8', 'V1')": 8.986623068553914,
    "('V8', 'V2')": 6.612876587192467,
    "('V8', 'V3')": 9.576236315778683,
    "('V8', 'V4')": 5.919268594062487,
    "('V8', 'V5')": 6.782733398032424,
    "('V8', 'V6')": 10.185858240894522,
    "('V8', 'V7')": 5.971658409518821
  },
  "waktu": {
    "('F1', 'D1')": 21.572165396480028,
    "('F1', 'D2')": 20.19204240726718,
    "('F1', 'D3')": 9.68790418047533,
    "('F2', 'D1')": 14.693118843935958,
    "('F2', 'D2')": 21.380364451578444,
    "('F2', 'D3')": 13.988882633203163,
    "('F3', 'D1')": 6.867761774646926,
    "('F3', 'D2')": 12.561890206634052,
    "('F3', 'D3')": 18.80771730614723,
    "('F4', 'D1')": 16.454039163432853,
    "('F4', 'D2')": 8.253618916625237,
    "('F4', 'D3')": 17.198748620848754,
    "('F5', 'D1')": 14.752825044258083,
    "('F5', 'D2')": 6.944554582989685,
    "('F5', 'D3')": 18.323534390947263,
    "('F6', 'D1')": 14.610375488320091,
    "('F6', 'D2')": 19.564981873359372,
    "('F6', 'D3')": 9.699369066969494,
    "('D1', 'D2')": 12.307078737127494,
    "('D1', 'D3')": 17.95150676401773,
    "('D1', 'V1')": 3.8636723639950725,
    "('D1', 'V2')": 6.067367243889537,
    "('D1', 'V3')": 6.628423779559888,
    "('D1', 'V4')": 2.844889985890826,
    "('D1', 'V5')": 8.939520198034366,
    "('D1', 'V6')": 12.050174576838334,
    "('D1', 'V7')": 13.172213067980483,
    "('D1', 'V8')": 8.12448579438611,
    "('D2', 'D1')": 12.307078737127494,
    "('D2', 'D3')": 18.730826159961058,
    "('D2', 'V1')": 13.65664992213991,
    "('D2', 'V2')": 11.24514498576764,
    "('D2', 'V3')": 14.242829878879519,
    "('D2', 'V4')": 10.477552904642273,
    "('D2', 'V5')": 10.851304159216266,
    "('D2', 'V6')": 13.812233356796508,
    "('D2', 'V7')": 6.671244514841495,
    "('D2', 'V8')": 4.704924036068424,
    "('D3', 'D1')": 17.95150676401773,
    "('D3', 'D2')": 18.730826159961058,
    "('D3', 'V1')": 14.66664496346838,
    "('D3', 'V2')": 11.979943181848116,
    "('D3', 'V3')": 11.868590981271966,
    "('D3', 'V4')": 15.529152011797771,
    "('D3', 'V5')": 9.595446251906784,
    "('D3', 'V6')": 6.026999943220224,
    "('D3', 'V7')": 12.413341189487301,
    "('D3', 'V8')": 15.780025924767841,
    "('V1', 'D1')": 3.8636723639950725,
    "('V1', 'D2')": 13.65664992213991,
    "('V1', 'D3')": 14.66664496346838,
    "('V1', 'V2')": 3.759279872763299,
    "('V1', 'V3')": 2.8912812155919916,
    "('V1', 'V4')": 3.3488062341939036,
    "('V1', 'V5')": 6.676045133504635,
    "('V1', 'V6')": 9.063832105333066,
    "('V1', 'V7')": 12.535723727798636,
    "('V1', 'V8')": 8.986623068553914,
    "('V2', 'D1')": 6.067367243889537,
    "('V2', 'D2')": 11.24514498576764,
    "('V2', 'D3')": 11.979943181848116,
    "('V2', 'V1')": 3.759279872763299,
    "('V2', 'V3')": 3.02145340068711,
    "('V2', 'V4')": 3.556021989550301,
    "('V2', 'V5')": 2.996025079273676,
    "('V2', 'V6')": 6.006046074559684,
    "('V2', 'V7')": 8.948851602906249,
    "('V2', 'V8')": 6.612876587192467,
    "('V3', 'D1')": 6.628423779559888,
    "('V3', 'D2')": 14.242829878879519,
    "('V3', 'D3')": 11.868590981271966,
    "('V3', 'V1')": 2.8912812155919916,
    "('V3', 'V2')": 3.02145340068711,
    "('V3', 'V4')": 5.1727542398356485,
    "('V3', 'V5')": 5.02683969369757,
    "('V3', 'V6')": 6.533462690823176,
    "('V3', 'V7')": 11.697498563063673,
    "('V3', 'V8')": 9.576236315778683,
    "('V4', 'D1')": 2.844889985890826,
    "('V4', 'D2')": 10.477552904642273,
    "('V4', 'D3')": 15.529152011797771,
    "('V4', 'V1')": 3.3488062341939036,
    "('V4', 'V2')": 3.556021989550301,
    "('V4', 'V3')": 5.1727542398356485,
    "('V4', 'V5')": 6.221080477432222,
    "('V4', 'V6')": 9.531813943400575,
    "('V4', 'V7')": 10.443542731908433,
    "('V4', 'V8')": 5.919268594062487,
    "('V5', 'D1')": 8.939520198034366,
    "('V5', 'D2')": 10.851304159216266,
    "('V5', 'D3')": 9.595446251906784,
    "('V5', 'V1')": 6.676045133504635,
    "('V5', 'V2')": 2.996025079273676,
    "('V5', 'V3')": 5.02683969369757,
    "('V5', 'V4')": 6.221080477432222,
    "('V5', 'V6')": 3.6144026997679766,
    "('V5', 'V7')": 6.858466124255669,
    "('V5', 'V8')": 6.782733398032424,
    "('V6', 'D1')": 12.050174576838334,
    "('V6', 'D2')": 13.812233356796508,
    "('V6', 'D3')": 6.026999943220224,
    "('V6', 'V1')": 9.063832105333066,
    "('V6', 'V2')": 6.006046074559684,
    "('V6', 'V3')": 6.533462690823176,
    "('V6', 'V4')": 9.531813943400575,
    "('V6', 'V5')": 3.6144026997679766,
    "('V6', 'V7')": 8.479450991839927,
    "('V6', 'V8')": 10.185858240894522,
    "('V7', 'D1')": 13.172213067980483,
    "('V7', 'D2')": 6.671244514841495,
    "('V7', 'D3')": 12.413341189487301,
    "('V7', 'V1')": 12.535723727798636,
    "('V7', 'V2')": 8.948851602906249,
    "('V7', 'V3')": 11.697498563063673,
    "('V7', 'V4')": 10.443542731908433,
    "('V7', 'V5')": 6.858466124255669,
    "('V7', 'V6')": 8.479450991839927,
    "('V7', 'V8')": 5.971658409518821,
    "('V8', 'D1')": 8.12448579438611,
    "('V8', 'D2')": 4.704924036068424,
    "('V8', 'D3')": 15.780025924767841,
    "('V8', 'V1')": 8.986623068553914,
    "('V8', 'V2')": 6.612876587192467,
    "('V8', 'V3')": 9.576236315778683,
    "('V8', 'V4')": 5.919268594062487,
    "('V8', 'V5')": 6.782733398032424,
    "('V8', 'V6')": 10.185858240894522,
    "('V8', 'V7')": 5.971658409518821
  },
  "truck_arcs": [
    {
      "p": "F1",
      "j": "D1",
      "cost": 21.572165396480028
    },
    {
      "p": "F1",
      "j": "D2",
      "cost": 20.19204240726718
    },
    {
      "p": "F1",
      "j": "D3",
      "cost": 9.68790418047533
    },
    {
      "p": "F2",
      "j": "D1",
      "cost": 14.693118843935958
    },
    {
      "p": "F2",
      "j": "D2",
      "cost": 21.380364451578444
    },
    {
      "p": "F2",
      "j": "D3",
      "cost": 13.988882633203163
    },
    {
      "p": "F3",
      "j": "D1",
      "cost": 6.867761774646926
    },
    {
      "p": "F3",
      "j": "D2",
      "cost": 12.561890206634052
    },
    {
      "p": "F3",
      "j": "D3",
      "cost": 18.80771730614723
    },
    {
      "p": "F4",
      "j": "D1",
      "cost": 16.454039163432853
    },
    {
      "p": "F4",
      "j": "D2",
      "cost": 8.253618916625237
    },
    {
      "p": "F4",
      "j": "D3",
      "cost": 17.198748620848754
    },
    {
      "p": "F5",
      "j": "D1",
      "cost": 14.752825044258083
    },
    {
      "p": "F5",
      "j": "D2",
      "cost": 6.944554582989685
    },
    {
      "p": "F5",
      "j": "D3",
      "cost": 18.323534390947263
    },
    {
      "p": "F6",
      "j": "D1",
      "cost": 14.610375488320091
    },
    {
      "p": "F6",
      "j": "D2",
      "cost": 19.564981873359372
    },
    {
      "p": "F6",
      "j": "D3",
      "cost": 9.699369066969494
    }
  ],
  "uav_arcs": [
    {
      "u": "D1",
      "v": "D2",
      "cost": 8.204719158084997
    },
    {
      "u": "D1",
      "v": "D3",
      "cost": 11.96767117601182
    },
    {
      "u": "D1",
      "v": "V1",
      "cost": 2.575781575996715
    },
    {
      "u": "D1",
      "v": "V2",
      "cost": 4.044911495926358
    },
    {
      "u": "D1",
      "v": "V3",
      "cost": 4.418949186373259
    },
    {
      "u": "D1",
      "v": "V4",
      "cost": 1.8965933239272172
    },
    {
      "u": "D1",
      "v": "V5",
      "cost": 5.9596801320229105
    },
    {
      "u": "D1",
      "v": "V6",
      "cost": 8.033449717892223
    },
    {
      "u": "D1",
      "v": "V7",
      "cost": 8.781475378653655
    },
    {
      "u": "D1",
      "v": "V8",
      "cost": 5.416323862924074
    },
    {
      "u": "D2",
      "v": "D1",
      "cost": 8.204719158084997
    },
    {
      "u": "D2",
      "v": "D3",
      "cost": 12.487217439974039
    },
    {
      "u": "D2",
      "v": "V1",
      "cost": 9.104433281426605
    },
    {
      "u": "D2",
      "v": "V2",
      "cost": 7.496763323845093
    },
    {
      "u": "D2",
      "v": "V3",
      "cost": 9.495219919253012
    },
    {
      "u": "D2",
      "v": "V4",
      "cost": 6.985035269761515
    },
    {
      "u": "D2",
      "v": "V5",
      "cost": 7.234202772810844
    },
    {
      "u": "D2",
      "v": "V6",
      "cost": 9.208155571197672
    },
    {
      "u": "D2",
      "v": "V7",
      "cost": 4.447496343227664
    },
    {
      "u": "D2",
      "v": "V8",
      "cost": 3.136616024045616
    },
    {
      "u": "D3",
      "v": "D1",
      "cost": 11.96767117601182
    },
    {
      "u": "D3",
      "v": "D2",
      "cost": 12.487217439974039
    },
    {
      "u": "D3",
      "v": "V1",
      "cost": 9.77776330897892
    },
    {
      "u": "D3",
      "v": "V2",
      "cost": 7.986628787898743
    },
    {
      "u": "D3",
      "v": "V3",
      "cost": 7.912393987514644
    },
    {
      "u": "D3",
      "v": "V4",
      "cost": 10.35276800786518
    },
    {
      "u": "D3",
      "v": "V5",
      "cost": 6.396964167937856
    },
    {
      "u": "D3",
      "v": "V6",
      "cost": 4.017999962146816
    },
    {
      "u": "D3",
      "v": "V7",
      "cost": 8.275560792991534
    },
    {
      "u": "D3",
      "v": "V8",
      "cost": 10.52001728317856
    },
    {
      "u": "V1",
      "v": "D1",
      "cost": 2.575781575996715
    },
    {
      "u": "V1",
      "v": "D2",
      "cost": 9.104433281426605
    },
    {
      "u": "V1",
      "v": "D3",
      "cost": 9.77776330897892
    },
    {
      "u": "V1",
      "v": "V2",
      "cost": 2.5061865818421993
    },
    {
      "u": "V1",
      "v": "V3",
      "cost": 1.927520810394661
    },
    {
      "u": "V1",
      "v": "V4",
      "cost": 2.232537489462602
    },
    {
      "u": "V1",
      "v": "V5",
      "cost": 4.450696755669757
    },
    {
      "u": "V1",
      "v": "V6",
      "cost": 6.042554736888711
    },
    {
      "u": "V1",
      "v": "V7",
      "cost": 8.357149151865757
    },
    {
      "u": "V1",
      "v": "V8",
      "cost": 5.991082045702609
    },
    {
      "u": "V2",
      "v": "D1",
      "cost": 4.044911495926358
    },
    {
      "u": "V2",
      "v": "D2",
      "cost": 7.496763323845093
    },
    {
      "u": "V2",
      "v": "D3",
      "cost": 7.986628787898743
    },
    {
      "u": "V2",
      "v": "V1",
      "cost": 2.5061865818421993
    },
    {
      "u": "V2",
      "v": "V3",
      "cost": 2.01430226712474
    },
    {
      "u": "V2",
      "v": "V4",
      "cost": 2.370681326366867
    },
    {
      "u": "V2",
      "v": "V5",
      "cost": 1.9973500528491173
    },
    {
      "u": "V2",
      "v": "V6",
      "cost": 4.004030716373123
    },
    {
      "u": "V2",
      "v": "V7",
      "cost": 5.965901068604166
    },
    {
      "u": "V2",
      "v": "V8",
      "cost": 4.408584391461645
    },
    {
      "u": "V3",
      "v": "D1",
      "cost": 4.418949186373259
    },
    {
      "u": "V3",
      "v": "D2",
      "cost": 9.495219919253012
    },
    {
      "u": "V3",
      "v": "D3",
      "cost": 7.912393987514644
    },
    {
      "u": "V3",
      "v": "V1",
      "cost": 1.927520810394661
    },
    {
      "u": "V3",
      "v": "V2",
      "cost": 2.01430226712474
    },
    {
      "u": "V3",
      "v": "V4",
      "cost": 3.4485028265570987
    },
    {
      "u": "V3",
      "v": "V5",
      "cost": 3.351226462465047
    },
    {
      "u": "V3",
      "v": "V6",
      "cost": 4.355641793882117
    },
    {
      "u": "V3",
      "v": "V7",
      "cost": 7.798332375375782
    },
    {
      "u": "V3",
      "v": "V8",
      "cost": 6.384157543852455
    },
    {
      "u": "V4",
      "v": "D1",
      "cost": 1.8965933239272172
    },
    {
      "u": "V4",
      "v": "D2",
      "cost": 6.985035269761515
    },
    {
      "u": "V4",
      "v": "D3",
      "cost": 10.35276800786518
    },
    {
      "u": "V4",
      "v": "V1",
      "cost": 2.232537489462602
    },
    {
      "u": "V4",
      "v": "V2",
      "cost": 2.370681326366867
    },
    {
      "u": "V4",
      "v": "V3",
      "cost": 3.4485028265570987
    },
    {
      "u": "V4",
      "v": "V5",
      "cost": 4.147386984954815
    },
    {
      "u": "V4",
      "v": "V6",
      "cost": 6.354542628933717
    },
    {
      "u": "V4",
      "v": "V7",
      "cost": 6.962361821272289
    },
    {
      "u": "V4",
      "v": "V8",
      "cost": 3.9461790627083246
    },
    {
      "u": "V5",
      "v": "D1",
      "cost": 5.9596801320229105
    },
    {
      "u": "V5",
      "v": "D2",
      "cost": 7.234202772810844
    },
    {
      "u": "V5",
      "v": "D3",
      "cost": 6.396964167937856
    },
    {
      "u": "V5",
      "v": "V1",
      "cost": 4.450696755669757
    },
    {
      "u": "V5",
      "v": "V2",
      "cost": 1.9973500528491173
    },
    {
      "u": "V5",
      "v": "V3",
      "cost": 3.351226462465047
    },
    {
      "u": "V5",
      "v": "V4",
      "cost": 4.147386984954815
    },
    {
      "u": "V5",
      "v": "V6",
      "cost": 2.409601799845318
    },
    {
      "u": "V5",
      "v": "V7",
      "cost": 4.57231074950378
    },
    {
      "u": "V5",
      "v": "V8",
      "cost": 4.52182226535495
    },
    {
      "u": "V6",
      "v": "D1",
      "cost": 8.033449717892223
    },
    {
      "u": "V6",
      "v": "D2",
      "cost": 9.208155571197672
    },
    {
      "u": "V6",
      "v": "D3",
      "cost": 4.017999962146816
    },
    {
      "u": "V6",
      "v": "V1",
      "cost": 6.042554736888711
    },
    {
      "u": "V6",
      "v": "V2",
      "cost": 4.004030716373123
    },
    {
      "u": "V6",
      "v": "V3",
      "cost": 4.355641793882117
    },
    {
      "u": "V6",
      "v": "V4",
      "cost": 6.354542628933717
    },
    {
      "u": "V6",
      "v": "V5",
      "cost": 2.409601799845318
    },
    {
      "u": "V6",
      "v": "V7",
      "cost": 5.652967327893284
    },
    {
      "u": "V6",
      "v": "V8",
      "cost": 6.790572160596348
    },
    {
      "u": "V7",
      "v": "D1",
      "cost": 8.781475378653655
    },
    {
      "u": "V7",
      "v": "D2",
      "cost": 4.447496343227664
    },
    {
      "u": "V7",
      "v": "D3",
      "cost": 8.275560792991534
    },
    {
      "u": "V7",
      "v": "V1",
      "cost": 8.357149151865757
    },
    {
      "u": "V7",
      "v": "V2",
      "cost": 5.965901068604166
    },
    {
      "u": "V7",
      "v": "V3",
      "cost": 7.798332375375782
    },
    {
      "u": "V7",
      "v": "V4",
      "cost": 6.962361821272289
    },
    {
      "u": "V7",
      "v": "V5",
      "cost": 4.57231074950378
    },
    {
      "u": "V7",
      "v": "V6",
      "cost": 5.652967327893284
    },
    {
      "u": "V7",
      "v": "V8",
      "cost": 3.9811056063458805
    },
    {
      "u": "V8",
      "v": "D1",
      "cost": 5.416323862924074
    },
    {
      "u": "V8",
      "v": "D2",
      "cost": 3.136616024045616
    },
    {
      "u": "V8",
      "v": "D3",
      "cost": 10.52001728317856
    },
    {
      "u": "V8",
      "v": "V1",
      "cost": 5.991082045702609
    },
    {
      "u": "V8",
      "v": "V2",
      "cost": 4.408584391461645
    },
    {
      "u": "V8",
      "v": "V3",
      "cost": 6.384157543852455
    },
    {
      "u": "V8",
      "v": "V4",
      "cost": 3.9461790627083246
    },
    {
      "u": "V8",
      "v": "V5",
      "cost": 4.52182226535495
    },
    {
      "u": "V8",
      "v": "V6",
      "cost": 6.790572160596348
    },
    {
      "u": "V8",
      "v": "V7",
      "cost": 3.9811056063458805
    }
  ],
  "number_of_uav": null
}