{
  "n_center": 3,
  "n_community": 8,
  "n_warehouse": 6,
  "set_F": [
    "F1",
    "F2",
    "F3",
    "F4",
    "F5",
    "F6"
  ],
  "set_D": [
    "D1",
    "D2",
    "D3"
  ],
  "set_V": [
    "V1",
    "V2",
    "V3",
    "V4",
    "V5",
    "V6",
    "V7",
    "V8"
  ],
  "set_A": [
    "('F1', 'D1')",
    "('F1', 'D2')",
    "('F1', 'D3')",
    "('F2', 'D1')",
    "('F2', 'D2')",
    "('F2', 'D3')",
    "('F3', 'D1')",
    "('F3', 'D2')",
    "('F3', 'D3')",
    "('F4', 'D1')",
    "('F4', 'D2')",
    "('F4', 'D3')",
    "('F5', 'D1')",
    "('F5', 'D2')",
    "('F5', 'D3')",
    "('F6', 'D1')",
    "('F6', 'D2')",
    "('F6', 'D3')",
    "('D1', 'D2')",
    "('D1', 'D3')",
    "('D1', 'V1')",
    "('D1', 'V2')",
    "('D1', 'V3')",
    "('D1', 'V4')",
    "('D1', 'V5')",
    "('D1', 'V6')",
    "('D1', 'V7')",
    "('D1', 'V8')",
    "('D2', 'D1')",
    "('D2', 'D3')",
    "('D2', 'V1')",
    "('D2', 'V2')",
    "('D2', 'V3')",
    "('D2', 'V4')",
    "('D2', 'V5')",
    "('D2', 'V6')",
    "('D2', 'V7')",
    "('D2', 'V8')",
    "('D3', 'D1')",
    "('D3', 'D2')",
    "('D3', 'V1')",
    "('D3', 'V2')",
    "('D3', 'V3')",
    "('D3', 'V4')",
    "('D3', 'V5')",
    "('D3', 'V6')",
    "('D3', 'V7')",
    "('D3', 'V8')",
    "('V1', 'D1')",
    "('V1', 'D2')",
    "('V1', 'D3')",
    "('V1', 'V2')",
    "('V1', 'V3')",
    "('V1', 'V4')",
    "('V1', 'V5')",
    "('V1', 'V6')",
    "('V1', 'V7')",
    "('V1', 'V8')",
    "('V2', 'D1')",
    "('V2', 'D2')",
    "('V2', 'D3')",
    "('V2', 'V1')",
    "('V2', 'V3')",
    "('V2', 'V4')",
    "('V2', 'V5')",
    "('V2', 'V6')",
    "('V2', 'V7')",
    "('V2', 'V8')",
    "('V3', 'D1')",
    "('V3', 'D2')",
    "('V3', 'D3')",
    "('V3', 'V1')",
    "('V3', 'V2')",
    "('V3', 'V4')",
    "('V3', 'V5')",
    "('V3', 'V6')",
    "('V3', 'V7')",
    "('V3', 'V8')",
    "('V4', 'D1')",
    "('V4', 'D2')",
    "('V4', 'D3')",
    "('V4', 'V1')",
    "('V4', 'V2')",
    "('V4', 'V3')",
    "('V4', 'V5')",
    "('V4', 'V6')",
    "('V4', 'V7')",
    "('V4', 'V8')",
    "('V5', 'D1')",
    "('V5', 'D2')",
    "('V5', 'D3')",
    "('V5', 'V1')",
    "('V5', 'V2')",
    "('V5', 'V3')",
    "('V5', 'V4')",
    "('V5', 'V6')",
    "('V5', 'V7')",
    "('V5', 'V8')",
    "('V6', 'D1')",
    "('V6', 'D2')",
    "('V6', 'D3')",
    "('V6', 'V1')",
    "('V6', 'V2')",
    "('V6', 'V3')",
    "('V6', 'V4')",
    "('V6', 'V5')",
    "('V6', 'V7')",
    "('V6', 'V8')",
    "('V7', 'D1')",
    "('V7', 'D2')",
    "('V7', 'D3')",
    "('V7', 'V1')",
    "('V7', 'V2')",
    "('V7', 'V3')",
    "('V7', 'V4')",
    "('V7', 'V5')",
    "('V7', 'V6')",
    "('V7', 'V8')",
    "('V8', 'D1')",
    "('V8', 'D2')",
    "('V8', 'D3')",
    "('V8', 'V1')",
    "('V8', 'V2')",
    "('V8', 'V3')",
    "('V8', 'V4')",
    "('V8', 'V5')",
    "('V8', 'V6')",
    "('V8', 'V7')"
  ],
  "set_L": [
    "L1",
    "L2",
    "L3",
    "L4",
    "L5"
  ],
  "set_T": [
    "T1",
    "T2",
    "T3",
    "T4",
    "T5",
    "T6",
    "T7",
    "T8"
  ],
  "set_U": [
    "U1",
    "U2",
    "U3",
    "U4",
    "U5",
    "U6",
    "U7",
    "U8"
  ],
  "par_d": {
    "V1": 23,
    "V2": 12,
    "V3": 14,
    "V4": 6,
    "V5": 39,
    "V6": 12,
    "V7": 11,
    "V8": 26
  },
  "par_r": 109,
  "par_n": 250,
  "par_h": 50,
  "par_m": 180,
  "par_v": 24,
  "par_l": {
    "L1": 36,
    "L2": 48,
    "L3": 72,
    "L4": 108,
    "L5": 144
  },
  "par_f": {
    "D1": 68.0,
    "D2": 114.0,
    "D3": 107.0
  },
  "par_o_items": [
    {
      "j": "D1",
      "l": "L1",
      "value": 15.0
    },
    {
      "j": "D1",
      "l": "L2",
      "value": 20.0
    },
    {
      "j": "D1",
      "l": "L3",
      "value": 28.0
    },
    {
      "j": "D1",
      "l": "L4",
      "value": 41.0
    },
    {
      "j": "D1",
      "l": "L5",
      "value": 53.0
    },
    {
      "j": "D2",
      "l": "L1",
      "value": 15.0
    },
    {
      "j": "D2",
      "l": "L2",
      "value": 20.0
    },
    {
      "j": "D2",
      "l": "L3",
      "value": 28.0
    },
    {
      "j": "D2",
      "l": "L4",
      "value": 41.0
    },
    {
      "j": "D2",
      "l": "L5",
      "value": 53.0
    },
    {
      "j": "D3",
      "l": "L1",
      "value": 15.0
    },
    {
      "j": "D3",
      "l": "L2",
      "value": 20.0
    },
    {
      "j": "D3",
      "l": "L3",
      "value": 28.0
    },
    {
      "j": "D3",
      "l": "L4",
      "value": 41.0
    },
    {
      "j": "D3",
      "l": "L5",
      "value": 53.0
    }
  ],
  "par_s_items": [
    {
      "j": "D1",
      "l": "L1",
      "value": 36.0
    },
    {
      "j": "D1",
      "l": "L2",
      "value": 48.0
    },
    {
      "j": "D1",
      "l": "L3",
      "value": 72.0
    },
    {
      "j": "D1",
      "l": "L4",
      "value": 108.0
    },
    {
      "j": "D1",
      "l": "L5",
      "value": 144.0
    },
    {
      "j": "D2",
      "l": "L1",
      "value": 36.0
    },
    {
      "j": "D2",
      "l": "L2",
      "value": 48.0
    },
    {
      "j": "D2",
      "l": "L3",
      "value": 72.0
    },
    {
      "j": "D2",
      "l": "L4",
      "value": 108.0
    },
    {
      "j": "D2",
      "l": "L5",
      "value": 144.0
    },
    {
      "j": "D3",
      "l": "L1",
      "value": 36.0
    },
    {
      "j": "D3",
      "l": "L2",
      "value": 48.0
    },
    {
      "j": "D3",
      "l": "L3",
      "value": 72.0
    },
    {
      "j": "D3",
      "l": "L4",
      "value": 108.0
    },
    {
      "j": "D3",
      "l": "L5",
      "value": 144.0
    }
  ],
  "par_t": 143.0,
  "par_c": {
    "('F1', 'D1')": 10.120529639151957,
    "('F1', 'D2')": 22.643828323877845,
    "('F1', 'D3')": 22.938497129558513,
    "('F2', 'D1')": 20.616111030974874,
    "('F2', 'D2')": 8.566535813690653,
    "('F2', 'D3')": 7.814513913705555,
    "('F3', 'D1')": 19.663839293674947,
    "('F3', 'D2')": 9.414614907718951,
    "('F3', 'D3')": 8.06922814885694,
    "('F4', 'D1')": 15.586551818504201,
    "('F4', 'D2')": 10.372525512715566,
    "('F4', 'D3')": 11.933249245322662,
    "('F5', 'D1')": 20.309755423081693,
    "('F5', 'D2')": 7.794031768336782,
    "('F5', 'D3')": 7.804709277502921,
    "('F6', 'D1')": 15.54379361844176,
    "('F6', 'D2')": 18.616234867294757,
    "('F6', 'D3')": 17.501168147873827,
    "('D1', 'D2')": 12.523618959581368,
    "('D1', 'D3')": 12.852146690358033,
    "('D1', 'V1')": 4.383609134545325,
    "('D1', 'V2')": 10.976539057830601,
    "('D1', 'V3')": 9.597013560910039,
    "('D1', 'V4')": 7.415816936612318,
    "('D1', 'V5')": 5.617332091985051,
    "('D1', 'V6')": 9.987814853062117,
    "('D1', 'V7')": 6.646564910600791,
    "('D1', 'V8')": 5.2551457805117545,
    "('D2', 'D1')": 12.523618959581368,
    "('D2', 'D3')": 1.563879076876812,
    "('D2', 'V1')": 10.278844086547728,
    "('D2', 'V2')": 3.0806612072321835,
    "('D2', 'V3')": 4.988621504690828,
    "('D2', 'V4')": 8.779478271011252,
    "('D2', 'V5')": 10.934878401768412,
    "('D2', 'V6')": 7.4829384691529315,
    "('D2', 'V7')": 6.187045445454901,
    "('D2', 'V8')": 7.271043276216781,
    "('D3', 'D1')": 12.852146690358033,
    "('D3', 'D2')": 1.563879076876812,
    "('D3', 'V1')": 10.112737918450012,
    "('D3', 'V2')": 2.2660654838473073,
    "('D3', 'V3')": 4.273961357040997,
    "('D3', 'V4')": 8.191653272844448,
    "('D3', 'V5')": 10.55773741156443,
    "('D3', 'V6')": 6.489276533611169,
    "('D3', 'V7')": 6.263238635040947,
    "('D3', 'V8')": 7.68899545452387,
    "('V1', 'D1')": 4.383609134545325,
    "('V1', 'D2')": 10.278844086547728,
    "('V1', 'D3')": 10.112737918450012,
    "('V1', 'V2')": 7.932039834240001,
    "('V1', 'V3')": 6.135630958600513,
    "('V1', 'V4')": 3.1030289642473634,
    "('V1', 'V5')": 1.5368488362847115,
    "('V1', 'V6')": 5.813857965298488,
    "('V1', 'V7')": 4.176517792388846,
    "('V1', 'V8')": 4.259246813651234,
    "('V2', 'D1')": 10.976539057830601,
    "('V2', 'D2')": 3.0806612072321835,
    "('V2', 'D3')": 2.2660654838473073,
    "('V2', 'V1')": 7.932039834240001,
    "('V2', 'V3')": 2.012714750619064,
    "('V2', 'V4')": 5.926606262225172,
    "('V2', 'V5')": 8.30623520815762,
    "('V2', 'V6')": 4.40261944515997,
    "('V2', 'V7')": 4.331957945538408,
    "('V2', 'V8')": 6.030324770690053,
    "('V3', 'D1')": 9.597013560910039,
    "('V3', 'D2')": 4.988621504690828,
    "('V3', 'D3')": 4.273961357040997,
    "('V3', 'V1')": 6.135630958600513,
    "('V3', 'V2')": 2.012714750619064,
    "('V3', 'V4')": 3.919343704567166,
    "('V3', 'V5')": 6.358983226852077,
    "('V3', 'V6')": 2.6617627244769904,
    "('V3', 'V7')": 3.2092826803054373,
    "('V3', 'V8')": 5.157297608596074,
    "('V4', 'D1')": 7.415816936612318,
    "('V4', 'D2')": 8.779478271011252,
    "('V4', 'D3')": 8.191653272844448,
    "('V4', 'V1')": 3.1030289642473634,
    "('V4', 'V2')": 5.926606262225172,
    "('V4', 'V3')": 3.919343704567166,
    "('V4', 'V5')": 2.640241638924256,
    "('V4', 'V6')": 2.7671847280206183,
    "('V4', 'V7')": 3.8677993236255603,
    "('V4', 'V8')": 5.2305705882457145,
    "('V5', 'D1')": 5.617332091985051,
    "('V5', 'D2')": 10.934878401768412,
    "('V5', 'D3')": 10.55773741156443,
    "('V5', 'V1')": 1.5368488362847115,
    "('V5', 'V2')": 8.30623520815762,
    "('V5', 'V3')": 6.358983226852077,
    "('V5', 'V4')": 2.640241638924256,
    "('V5', 'V6')": 5.368574631022438,
    "('V5', 'V7')": 5.128192299538524,
    "('V5', 'V8')": 5.6148295888888775,
    "('V6', 'D1')": 9.987814853062117,
    "('V6', 'D2')": 7.4829384691529315,
    "('V6', 'D3')": 6.489276533611169,
    "('V6', 'V1')": 5.813857965298488,
    "('V6', 'V2')": 4.40261944515997,
    "('V6', 'V3')": 2.6617627244769904,
    "('V6', 'V4')": 2.7671847280206183,
    "('V6', 'V5')": 5.368574631022438,
    "('V6', 'V7')": 4.810447279765589,
    "('V6', 'V8')": 6.686890453249635,
    "('V7', 'D1')": 6.646564910600791,
    "('V7', 'D2')": 6.187045445454901,
    "('V7', 'D3')": 6.263238635040947,
    "('V7', 'V1')": 4.176517792388846,
    "('V7', 'V2')": 4.331957945538408,
    "('V7', 'V3')": 3.2092826803054373,
    "('V7', 'V4')": 3.8677993236255603,
    "('V7', 'V5')": 5.128192299538524,
    "('V7', 'V6')": 4.810447279765589,
    "('V7', 'V8')": 1.9686356570796872,
    "('V8', 'D1')": 5.2551457805117545,
    "('V8', 'D2')": 7.271043276216781,
    "('V8', 'D3')": 7.68899545452387,
    "('V8', 'V1')": 4.259246813651234,
    "('V8', 'V2')": 6.030324770690053,
    "('V8', 'V3')": 5.157297608596074,
    "('V8', 'V4')": 5.2305705882457145,
    "('V8', 'V5')": 5.6148295888888775,
    "('V8', 'V6')": 6.686890453249635,
    "('V8', 'V7')": 1.9686356570796872
  },
  "par_a": [
    36,
    48,
    72,
    108,
    144
  ],
  "_distance": {
    "('F1', 'F1')": 0.0,
    "('F1', 'F2')": 30.64495888990126,
    "('F1', 'F3')": 29.296637794134288,
    "('F1', 'F4')": 24.067386737711473,
    "('F1', 'F5')": 30.42667615355092,
    "('F1', 'F6')": 19.730637086361803,
    "('F1', 'D1')": 10.120529639151957,
    "('F1', 'D2')": 22.643828323877845,
    "('F1', 'D3')": 22.938497129558513,
    "('F1', 'V1')": 13.388784364166437,
    "('F1', 'V2')": 20.973203116837414,
    "('F1', 'V3')": 19.399337273972183,
    "('F1', 'V4')": 16.352885390079873,
    "('F1', 'V5')": 13.80778255451795,
    "('F1', 'V6')": 19.120013375603016,
    "('F1', 'V7')": 16.685595645295486,
    "('F1', 'V8')": 15.373613772174274,
    "('F2', 'F1')": 30.64495888990126,
    "('F2', 'F2')": 0.0,
    "('F2', 'F3')": 4.491486304229057,
    "('F2', 'F4')": 16.388277105236448,
    "('F2', 'F5')": 4.038361659454671,
    "('F2', 'F6')": 21.722406441977547,
    "('F2', 'D1')": 20.616111030974874,
    "('F2', 'D2')": 8.566535813690653,
    "('F2', 'D3')": 7.814513913705555,
    "('F2', 'V1')": 17.49152112069758,
    "('F2', 'V2')": 9.671978600904465,
    "('F2', 'V3')": 11.356020461844059,
    "('F2', 'V4')": 14.997165241771917,
    "('F2', 'V5')": 17.601700556786504,
    "('F2', 'V6')": 12.519340906991003,
    "('F2', 'V7')": 13.976347906815906,
    "('F2', 'V8')": 15.499453610673658,
    "('F3', 'F1')": 29.296637794134288,
    "('F3', 'F2')": 4.491486304229057,
    "('F3', 'F3')": 0.0,
    "('F3', 'F4')": 19.020764331726124,
    "('F3', 'F5')": 8.269958304562225,
    "('F3', 'F6')": 17.90836864057516,
    "('F3', 'D1')": 19.663839293674947,
    "('F3', 'D2')": 9.414614907718951,
    "('F3', 'D3')": 8.06922814885694,
    "('F3', 'V1')": 15.90789395127834,
    "('F3', 'V2')": 9.02175892171159,
    "('F3', 'V3')": 10.071751965611824,
    "('F3', 'V4')": 13.010724215013735,
    "('F3', 'V5')": 15.637478444335471,
    "('F3', 'V6')": 10.272730745659652,
    "('F3', 'V7')": 13.180611664163319,
    "('F3', 'V8')": 15.011747024266612,
    "('F4', 'F1')": 24.067386737711473,
    "('F4', 'F2')": 16.388277105236448,
    "('F4', 'F3')": 19.020764331726124,
    "('F4', 'F4')": 0.0,
    "('F4', 'F5')": 13.132213394497459,
    "('F4', 'F6')": 27.471869443328877,
    "('F4', 'D1')": 15.586551818504201,
    "('F4', 'D2')": 10.372525512715566,
    "('F4', 'D3')": 11.933249245322662,
    "('F4', 'V1')": 16.313231154795933,
    "('F4', 'V2')": 12.851731316939768,
    "('F4', 'V3')": 14.078298585861727,
    "('F4', 'V4')": 16.671144773766503,
    "('F4', 'V5')": 17.654357154433185,
    "('F4', 'V6')": 16.709614669936325,
    "('F4', 'V7')": 12.825359959383569,
    "('F4', 'V8')": 12.057940763218996,
    "('F5', 'F1')": 30.42667615355092,
    "('F5', 'F2')": 4.038361659454671,
    "('F5', 'F3')": 8.269958304562225,
    "('F5', 'F4')": 13.132213394497459,
    "('F5', 'F5')": 0.0,
    "('F5', 'F6')": 24.16053345480015,
    "('F5', 'D1')": 20.309755423081693,
    "('F5', 'D2')": 7.794031768336782,
    "('F5', 'D3')": 7.804709277502921,
    "('F5', 'V1')": 17.90423790417655,
    "('F5', 'V2')": 10.046722759609414,
    "('F5', 'V3')": 12.017658796197688,
    "('F5', 'V4')": 15.92344265965485,
    "('F5', 'V5')": 18.35295749419172,
    "('F5', 'V6')": 13.868323944877213,
    "('F5', 'V7')": 13.930640446534401,
    "('F5', 'V8')": 15.054621604266723,
    "('F6', 'F1')": 19.730637086361803,
    "('F6', 'F2')": 21.722406441977547,
    "('F6', 'F3')": 17.90836864057516,
    "('F6', 'F4')": 27.471869443328877,
    "('F6', 'F5')": 24.16053345480015,
    "('F6', 'F6')": 0.0,
    "('F6', 'D1')": 15.54379361844176,
    "('F6', 'D2')": 18.616234867294757,
    "('F6', 'D3')": 17.501168147873827,
    "('F6', 'V1')": 12.063954059866166,
    "('F6', 'V2')": 15.538539846242445,
    "('F6', 'V3')": 13.76785915300939,
    "('F6', 'V4')": 10.819581872853037,
    "('F6', 'V5')": 10.52746797167325,
    "('F6', 'V6')": 11.149889173235483,
    "('F6', 'V7')": 14.686932123929857,
    "('F6', 'V8')": 15.852999414568801,
    "('D1', 'F1')": 10.120529639151957,
    "('D1', 'F2')": 20.616111030974874,
    "('D1', 'F3')": 19.663839293674947,
    "('D1', 'F4')": 15.586551818504201,
    "('D1', 'F5')": 20.309755423081693,
    "('D1', 'F6')": 15.54379361844176,
    "('D1', 'D1')": 0.0,
    "('D1', 'D2')": 12.523618959581368,
    "('D1', 'D3')": 12.852146690358033,
    "('D1', 'V1')": 4.383609134545325,
    "('D1', 'V2')": 10.976539057830601,
    "('D1', 'V3')": 9.597013560910039,
    "('D1', 'V4')": 7.415816936612318,
    "('D1', 'V5')": 5.617332091985051,
    "('D1', 'V6')": 9.987814853062117,
    "('D1', 'V7')": 6.646564910600791,
    "('D1', 'V8')": 5.2551457805117545,
    "('D2', 'F1')": 22.643828323877845,
    "('D2', 'F2')": 8.566535813690653,
    "('D2', 'F3')": 9.414614907718951,
    "('D2', 'F4')": 10.372525512715566,
    "('D2', 'F5')": 7.794031768336782,
    "('D2', 'F6')": 18.616234867294757,
    "('D2', 'D1')": 12.523618959581368,
    "('D2', 'D2')": 0.0,
    "('D2', 'D3')": 1.563879076876812,
    "('D2', 'V1')": 10.278844086547728,
    "('D2', 'V2')": 3.0806612072321835,
    "('D2', 'V3')": 4.988621504690828,
    "('D2', 'V4')": 8.779478271011252,
    "('D2', 'V5')": 10.934878401768412,
    "('D2', 'V6')": 7.4829384691529315,
    "('D2', 'V7')": 6.187045445454901,
    "('D2', 'V8')": 7.271043276216781,
    "('D3', 'F1')": 22.938497129558513,
    "('D3', 'F2')": 7.814513913705555,
    "('D3', 'F3')": 8.06922814885694,
    "('D3', 'F4')": 11.933249245322662,
    "('D3', 'F5')": 7.804709277502921,
    "('D3', 'F6')": 17.501168147873827,
    "('D3', 'D1')": 12.852146690358033,
    "('D3', 'D2')": 1.563879076876812,
    "('D3', 'D3')": 0.0,
    "('D3', 'V1')": 10.112737918450012,
    "('D3', 'V2')": 2.2660654838473073,
    "('D3', 'V3')": 4.273961357040997,
    "('D3', 'V4')": 8.191653272844448,
    "('D3', 'V5')": 10.55773741156443,
    "('D3', 'V6')": 6.489276533611169,
    "('D3', 'V7')": 6.263238635040947,
    "('D3', 'V8')": 7.68899545452387,
    "('V1', 'F1')": 13.388784364166437,
    "('V1', 'F2')": 17.49152112069758,
    "('V1', 'F3')": 15.90789395127834,
    "('V1', 'F4')": 16.313231154795933,
    "('V1', 'F5')": 17.90423790417655,
    "('V1', 'F6')": 12.063954059866166,
    "('V1', 'D1')": 4.383609134545325,
    "('V1', 'D2')": 10.278844086547728,
    "('V1', 'D3')": 10.112737918450012,
    "('V1', 'V1')": 0.0,
    "('V1', 'V2')": 7.932039834240001,
    "('V1', 'V3')": 6.135630958600513,
    "('V1', 'V4')": 3.1030289642473634,
    "('V1', 'V5')": 1.5368488362847115,
    "('V1', 'V6')": 5.813857965298488,
    "('V1', 'V7')": 4.176517792388846,
    "('V1', 'V8')": 4.259246813651234,
    "('V2', 'F1')": 20.973203116837414,
    "('V2', 'F2')": 9.671978600904465,
    "('V2', 'F3')": 9.02175892171159,
    "('V2', 'F4')": 12.851731316939768,
    "('V2', 'F5')": 10.046722759609414,
    "('V2', 'F6')": 15.538539846242445,
    "('V2', 'D1')": 10.976539057830601,
    "('V2', 'D2')": 3.0806612072321835,
    "('V2', 'D3')": 2.2660654838473073,
    "('V2', 'V1')": 7.932039834240001,
    "('V2', 'V2')": 0.0,
    "('V2', 'V3')": 2.012714750619064,
    "('V2', 'V4')": 5.926606262225172,
    "('V2', 'V5')": 8.30623520815762,
    "('V2', 'V6')": 4.40261944515997,
    "('V2', 'V7')": 4.331957945538408,
    "('V2', 'V8')": 6.030324770690053,
    "('V3', 'F1')": 19.399337273972183,
    "('V3', 'F2')": 11.356020461844059,
    "('V3', 'F3')": 10.071751965611824,
    "('V3', 'F4')": 14.078298585861727,
    "('V3', 'F5')": 12.017658796197688,
    "('V3', 'F6')": 13.76785915300939,
    "('V3', 'D1')": 9.597013560910039,
    "('V3', 'D2')": 4.988621504690828,
    "('V3', 'D3')": 4.273961357040997,
    "('V3', 'V1')": 6.135630958600513,
    "('V3', 'V2')": 2.012714750619064,
    "('V3', 'V3')": 0.0,
    "('V3', 'V4')": 3.919343704567166,
    "('V3', 'V5')": 6.358983226852077,
    "('V3', 'V6')": 2.6617627244769904,
    "('V3', 'V7')": 3.2092826803054373,
    "('V3', 'V8')": 5.157297608596074,
    "('V4', 'F1')": 16.352885390079873,
    "('V4', 'F2')": 14.997165241771917,
    "('V4', 'F3')": 13.010724215013735,
    "('V4', 'F4')": 16.671144773766503,
    "('V4', 'F5')": 15.92344265965485,
    "('V4', 'F6')": 10.819581872853037,
    "('V4', 'D1')": 7.415816936612318,
    "('V4', 'D2')": 8.779478271011252,
    "('V4', 'D3')": 8.191653272844448,
    "('V4', 'V1')": 3.1030289642473634,
    "('V4', 'V2')": 5.926606262225172,
    "('V4', 'V3')": 3.919343704567166,
    "('V4', 'V4')": 0.0,
    "('V4', 'V5')": 2.640241638924256,
    "('V4', 'V6')": 2.7671847280206183,
    "('V4', 'V7')": 3.8677993236255603,
    "('V4', 'V8')": 5.2305705882457145,
    "('V5', 'F1')": 13.80778255451795,
    "('V5', 'F2')": 17.601700556786504,
    "('V5', 'F3')": 15.637478444335471,
    "('V5', 'F4')": 17.654357154433185,
    "('V5', 'F5')": 18.35295749419172,
    "('V5', 'F6')": 10.52746797167325,
    "('V5', 'D1')": 5.617332091985051,
    "('V5', 'D2')": 10.934878401768412,
    "('V5', 'D3')": 10.55773741156443,
    "('V5', 'V1')": 1.5368488362847115,
    "('V5', 'V2')": 8.30623520815762,
    "('V5', 'V3')": 6.358983226852077,
    "('V5', 'V4')": 2.640241638924256,
    "('V5', 'V5')": 0.0,
    "('V5', 'V6')": 5.368574631022438,
    "('V5', 'V7')": 5.128192299538524,
    "('V5', 'V8')": 5.6148295888888775,
    "('V6', 'F1')": 19.120013375603016,
    "('V6', 'F2')": 12.519340906991003,
    "('V6', 'F3')": 10.272730745659652,
    "('V6', 'F4')": 16.709614669936325,
    "('V6', 'F5')": 13.868323944877213,
    "('V6', 'F6')": 11.149889173235483,
    "('V6', 'D1')": 9.987814853062117,
    "('V6', 'D2')": 7.4829384691529315,
    "('V6', 'D3')": 6.489276533611169,
    "('V6', 'V1')": 5.813857965298488,
    "('V6', 'V2')": 4.40261944515997,
    "('V6', 'V3')": 2.6617627244769904,
    "('V6', 'V4')": 2.7671847280206183,
    "('V6', 'V5')": 5.368574631022438,
    "('V6', 'V6')": 0.0,
    "('V6', 'V7')": 4.810447279765589,
    "('V6', 'V8')": 6.686890453249635,
    "('V7', 'F1')": 16.685595645295486,
    "('V7', 'F2')": 13.976347906815906,
    "('V7', 'F3')": 13.180611664163319,
    "('V7', 'F4')": 12.825359959383569,
    "('V7', 'F5')": 13.930640446534401,
    "('V7', 'F6')": 14.686932123929857,
    "('V7', 'D1')": 6.646564910600791,
    "('V7', 'D2')": 6.187045445454901,
    "('V7', 'D3')": 6.263238635040947,
    "('V7', 'V1')": 4.176517792388846,
    "('V7', 'V2')": 4.331957945538408,
    "('V7', 'V3')": 3.2092826803054373,
    "('V7', 'V4')": 3.8677993236255603,
    "('V7', 'V5')": 5.128192299538524,
    "('V7', 'V6')": 4.810447279765589,
    "('V7', 'V7')": 0.0,
    "('V7', 'V8')": 1.9686356570796872,
    "('V8', 'F1')": 15.373613772174274,
    "('V8', 'F2')": 15.499453610673658,
    "('V8', 'F3')": 15.011747024266612,
    "('V8', 'F4')": 12.057940763218996,
    "('V8', 'F5')": 15.054621604266723,
    "('V8', 'F6')": 15.852999414568801,
    "('V8', 'D1')": 5.2551457805117545,
    "('V8', 'D2')": 7.271043276216781,
    "('V8', 'D3')": 7.68899545452387,
    "('V8', 'V1')": 4.259246813651234,
    "('V8', 'V2')": 6.030324770690053,
    "('V8', 'V3')": 5.157297608596074,
    "('V8', 'V4')": 5.2305705882457145,
    "('V8', 'V5')": 5.6148295888888775,
    "('V8', 'V6')": 6.686890453249635,
    "('V8', 'V7')": 1.9686356570796872,
    "('V8', 'V8')": 0.0
  },
  "tij": {
    "('F1', 'D1')": 10.120529639151957,
    "('F1', 'D2')": 22.643828323877845,
    "('F1', 'D3')": 22.938497129558513,
    "('F2', 'D1')": 20.616111030974874,
    "('F2', 'D2')": 8.566535813690653,
    "('F2', 'D3')": 7.814513913705555,
    "('F3', 'D1')": 19.663839293674947,
    "('F3', 'D2')": 9.414614907718951,
    "('F3', 'D3')": 8.06922814885694,
    "('F4', 'D1')": 15.586551818504201,
    "('F4', 'D2')": 10.372525512715566,
    "('F4', 'D3')": 11.933249245322662,
    "('F5', 'D1')": 20.309755423081693,
    "('F5', 'D2')": 7.794031768336782,
    "('F5', 'D3')": 7.804709277502921,
    "('F6', 'D1')": 15.54379361844176,
    "('F6', 'D2')": 18.616234867294757,
    "('F6', 'D3')": 17.501168147873827,
    "('D1', 'D2')": 18.78542843937205,
    "('D1', 'D3')": 19.27822003553705,
    "('D1', 'V1')": 6.575413701817988,
    "('D1', 'V2')": 16.464808586745903,
    "('D1', 'V3')": 14.39552034136506,
    "('D1', 'V4')": 11.123725404918478,
    "('D1', 'V5')": 8.425998137977576,
    "('D1', 'V6')": 14.981722279593177,
    "('D1', 'V7')": 9.969847365901186,
    "('D1', 'V8')": 7.882718670767632,
    "('D2', 'D1')": 18.78542843937205,
    "('D2', 'D3')": 2.345818615315218,
    "('D2', 'V1')": 15.418266129821593,
    "('D2', 'V2')": 4.620991810848276,
    "('D2', 'V3')": 7.482932257036242,
    "('D2', 'V4')": 13.169217406516879,
    "('D2', 'V5')": 16.40231760265262,
    "('D2', 'V6')": 11.224407703729398,
    "('D2', 'V7')": 9.280568168182352,
    "('D2', 'V8')": 10.90656491432517,
    "('D3', 'D1')": 19.27822003553705,
    "('D3', 'D2')": 2.345818615315218,
    "('D3', 'V1')": 15.169106877675016,
    "('D3', 'V2')": 3.399098225770961,
    "('D3', 'V3')": 6.410942035561495,
    "('D3', 'V4')": 12.287479909266672,
    "('D3', 'V5')": 15.836606117346644,
    "('D3', 'V6')": 9.733914800416752,
    "('D3', 'V7')": 9.39485795256142,
    "('D3', 'V8')": 11.533493181785804,
    "('V1', 'D1')": 6.575413701817988,
    "('V1', 'D2')": 15.418266129821593,
    "('V1', 'D3')": 15.169106877675016,
    "('V1', 'V2')": 11.898059751360002,
    "('V1', 'V3')": 9.20344643790077,
    "('V1', 'V4')": 4.654543446371045,
    "('V1', 'V5')": 2.305273254427067,
    "('V1', 'V6')": 8.720786947947733,
    "('V1', 'V7')": 6.264776688583269,
    "('V1', 'V8')": 6.388870220476851,
    "('V2', 'D1')": 16.464808586745903,
    "('V2', 'D2')": 4.620991810848276,
    "('V2', 'D3')": 3.399098225770961,
    "('V2', 'V1')": 11.898059751360002,
    "('V2', 'V3')": 3.019072125928596,
    "('V2', 'V4')": 8.889909393337756,
    "('V2', 'V5')": 12.45935281223643,
    "('V2', 'V6')": 6.603929167739954,
    "('V2', 'V7')": 6.497936918307611,
    "('V2', 'V8')": 9.04548715603508,
    "('V3', 'D1')": 14.39552034136506,
    "('V3', 'D2')": 7.482932257036242,
    "('V3', 'D3')": 6.410942035561495,
    "('V3', 'V1')": 9.20344643790077,
    "('V3', 'V2')": 3.019072125928596,
    "('V3', 'V4')": 5.8790155568507485,
    "('V3', 'V5')": 9.538474840278116,
    "('V3', 'V6')": 3.9926440867154853,
    "('V3', 'V7')": 4.813924020458156,
    "('V3', 'V8')": 7.735946412894111,
    "('V4', 'D1')": 11.123725404918478,
    "('V4', 'D2')": 13.169217406516879,
    "('V4', 'D3')": 12.287479909266672,
    "('V4', 'V1')": 4.654543446371045,
    "('V4', 'V2')": 8.889909393337756,
    "('V4', 'V3')": 5.8790155568507485,
    "('V4', 'V5')": 3.9603624583863835,
    "('V4', 'V6')": 4.1507770920309275,
    "('V4', 'V7')": 5.801698985438341,
    "('V4', 'V8')": 7.845855882368572,
    "('V5', 'D1')": 8.425998137977576,
    "('V5', 'D2')": 16.40231760265262,
    "('V5', 'D3')": 15.836606117346644,
    "('V5', 'V1')": 2.305273254427067,
    "('V5', 'V2')": 12.45935281223643,
    "('V5', 'V3')": 9.538474840278116,
    "('V5', 'V4')": 3.9603624583863835,
    "('V5', 'V6')": 8.052861946533657,
    "('V5', 'V7')": 7.692288449307786,
    "('V5', 'V8')": 8.422244383333316,
    "('V6', 'D1')": 14.981722279593177,
    "('V6', 'D2')": 11.224407703729398,
    "('V6', 'D3')": 9.733914800416752,
    "('V6', 'V1')": 8.720786947947733,
    "('V6', 'V2')": 6.603929167739954,
    "('V6', 'V3')": 3.9926440867154853,
    "('V6', 'V4')": 4.1507770920309275,
    "('V6', 'V5')": 8.052861946533657,
    "('V6', 'V7')": 7.215670919648384,
    "('V6', 'V8')": 10.030335679874453,
    "('V7', 'D1')": 9.969847365901186,
    "('V7', 'D2')": 9.280568168182352,
    "('V7', 'D3')": 9.39485795256142,
    "('V7', 'V1')": 6.264776688583269,
    "('V7', 'V2')": 6.497936918307611,
    "('V7', 'V3')": 4.813924020458156,
    "('V7', 'V4')": 5.801698985438341,
    "('V7', 'V5')": 7.692288449307786,
    "('V7', 'V6')": 7.215670919648384,
    "('V7', 'V8')": 2.9529534856195307,
    "('V8', 'D1')": 7.882718670767632,
    "('V8', 'D2')": 10.90656491432517,
    "('V8', 'D3')": 11.533493181785804,
    "('V8', 'V1')": 6.388870220476851,
    "('V8', 'V2')": 9.04548715603508,
    "('V8', 'V3')": 7.735946412894111,
    "('V8', 'V4')": 7.845855882368572,
    "('V8', 'V5')": 8.422244383333316,
    "('V8', 'V6')": 10.030335679874453,
    "('V8', 'V7')": 2.9529534856195307
  },
  "waktu": {
    "('F1', 'D1')": 10.120529639151957,
    "('F1', 'D2')": 22.643828323877845,
    "('F1', 'D3')": 22.938497129558513,
    "('F2', 'D1')": 20.616111030974874,
    "('F2', 'D2')": 8.566535813690653,
    "('F2', 'D3')": 7.814513913705555,
    "('F3', 'D1')": 19.663839293674947,
    "('F3', 'D2')": 9.414614907718951,
    "('F3', 'D3')": 8.06922814885694,
    "('F4', 'D1')": 15.586551818504201,
    "('F4', 'D2')": 10.372525512715566,
    "('F4', 'D3')": 11.933249245322662,
    "('F5', 'D1')": 20.309755423081693,
    "('F5', 'D2')": 7.794031768336782,
    "('F5', 'D3')": 7.804709277502921,
    "('F6', 'D1')": 15.54379361844176,
    "('F6', 'D2')": 18.616234867294757,
    "('F6', 'D3')": 17.501168147873827,
    "('D1', 'D2')": 18.78542843937205,
    "('D1', 'D3')": 19.27822003553705,
    "('D1', 'V1')": 6.575413701817988,
    "('D1', 'V2')": 16.464808586745903,
    "('D1', 'V3')": 14.39552034136506,
    "('D1', 'V4')": 11.123725404918478,
    "('D1', 'V5')": 8.425998137977576,
    "('D1', 'V6')": 14.981722279593177,
    "('D1', 'V7')": 9.969847365901186,
    "('D1', 'V8')": 7.882718670767632,
    "('D2', 'D1')": 18.78542843937205,
    "('D2', 'D3')": 2.345818615315218,
    "('D2', 'V1')": 15.418266129821593,
    "('D2', 'V2')": 4.620991810848276,
    "('D2', 'V3')": 7.482932257036242,
    "('D2', 'V4')": 13.169217406516879,
    "('D2', 'V5')": 16.40231760265262,
    "('D2', 'V6')": 11.224407703729398,
    "('D2', 'V7')": 9.280568168182352,
    "('D2', 'V8')": 10.90656491432517,
    "('D3', 'D1')": 19.27822003553705,
    "('D3', 'D2')": 2.345818615315218,
    "('D3', 'V1')": 15.169106877675016,
    "('D3', 'V2')": 3.399098225770961,
    "('D3', 'V3')": 6.410942035561495,
    "('D3', 'V4')": 12.287479909266672,
    "('D3', 'V5')": 15.836606117346644,
    "('D3', 'V6')": 9.733914800416752,
    "('D3', 'V7')": 9.39485795256142,
    "('D3', 'V8')": 11.533493181785804,
    "('V1', 'D1')": 6.575413701817988,
    "('V1', 'D2')": 15.418266129821593,
    "('V1', 'D3')": 15.169106877675016,
    "('V1', 'V2')": 11.898059751360002,
    "('V1', 'V3')": 9.20344643790077,
    "('V1', 'V4')": 4.654543446371045,
    "('V1', 'V5')": 2.305273254427067,
    "('V1', 'V6')": 8.720786947947733,
    "('V1', 'V7')": 6.264776688583269,
    "('V1', 'V8')": 6.388870220476851,
    "('V2', 'D1')": 16.464808586745903,
    "('V2', 'D2')": 4.620991810848276,
    "('V2', 'D3')": 3.399098225770961,
    "('V2', 'V1')": 11.898059751360002,
    "('V2', 'V3')": 3.019072125928596,
    "('V2', 'V4')": 8.889909393337756,
    "('V2', 'V5')": 12.45935281223643,
    "('V2', 'V6')": 6.603929167739954,
    "('V2', 'V7')": 6.497936918307611,
    "('V2', 'V8')": 9.04548715603508,
    "('V3', 'D1')": 14.39552034136506,
    "('V3', 'D2')": 7.482932257036242,
    "('V3', 'D3')": 6.410942035561495,
    "('V3', 'V1')": 9.20344643790077,
    "('V3', 'V2')": 3.019072125928596,
    "('V3', 'V4')": 5.8790155568507485,
    "('V3', 'V5')": 9.538474840278116,
    "('V3', 'V6')": 3.9926440867154853,
    "('V3', 'V7')": 4.813924020458156,
    "('V3', 'V8')": 7.735946412894111,
    "('V4', 'D1')": 11.123725404918478,
    "('V4', 'D2')": 13.169217406516879,
    "('V4', 'D3')": 12.287479909266672,
    "('V4', 'V1')": 4.654543446371045,
    "('V4', 'V2')": 8.889909393337756,
    "('V4', 'V3')": 5.8790155568507485,
    "('V4', 'V5')": 3.9603624583863835,
    "('V4', 'V6')": 4.1507770920309275,
    "('V4', 'V7')": 5.801698985438341,
    "('V4', 'V8')": 7.845855882368572,
    "('V5', 'D1')": 8.425998137977576,
    "('V5', 'D2')": 16.40231760265262,
    "('V5', 'D3')": 15.836606117346644,
    "('V5', 'V1')": 2.305273254427067,
    "('V5', 'V2')": 12.45935281223643,
    "('V5', 'V3')": 9.538474840278116,
    "('V5', 'V4')": 3.9603624583863835,
    "('V5', 'V6')": 8.052861946533657,
    "('V5', 'V7')": 7.692288449307786,
    "('V5', 'V8')": 8.422244383333316,
    "('V6', 'D1')": 14.981722279593177,
    "('V6', 'D2')": 11.224407703729398,
    "('V6', 'D3')": 9.733914800416752,
    "('V6', 'V1')": 8.720786947947733,
    "('V6', 'V2')": 6.603929167739954,
    "('V6', 'V3')": 3.9926440867154853,
    "('V6', 'V4')": 4.1507770920309275,
    "('V6', 'V5')": 8.052861946533657,
    "('V6', 'V7')": 7.215670919648384,
    "('V6', 'V8')": 10.030335679874453,
    "('V7', 'D1')": 9.969847365901186,
    "('V7', 'D2')": 9.280568168182352,
    "('V7', 'D3')": 9.39485795256142,
    "('V7', 'V1')": 6.264776688583269,
    "('V7', 'V2')": 6.497936918307611,
    "('V7', 'V3')": 4.813924020458156,
    "('V7', 'V4')": 5.801698985438341,
    "('V7', 'V5')": 7.692288449307786,
    "('V7', 'V6')": 7.215670919648384,
    "('V7', 'V8')": 2.9529534856195307,
    "('V8', 'D1')": 7.882718670767632,
    "('V8', 'D2')": 10.90656491432517,
    "('V8', 'D3')": 11.533493181785804,
    "('V8', 'V1')": 6.388870220476851,
    "('V8', 'V2')": 9.04548715603508,
    "('V8', 'V3')": 7.735946412894111,
    "('V8', 'V4')": 7.845855882368572,
    "('V8', 'V5')": 8.422244383333316,
    "('V8', 'V6')": 10.030335679874453,
    "('V8', 'V7')": 2.9529534856195307
  },
  "truck_arcs": [
    {
      "p": "F1",
      "j": "D1",
      "cost": 10.120529639151957
    },
    {
      "p": "F1",
      "j": "D2",
      "cost": 22.643828323877845
    },
    {
      "p": "F1",
      "j": "D3",
      "cost": 22.938497129558513
    },
    {
      "p": "F2",
      "j": "D1",
      "cost": 20.616111030974874
    },
    {
      "p": "F2",
      "j": "D2",
      "cost": 8.566535813690653
    },
    {
      "p": "F2",
      "j": "D3",
      "cost": 7.814513913705555
    },
    {
      "p": "F3",
      "j": "D1",
      "cost": 19.663839293674947
    },
    {
      "p": "F3",
      "j": "D2",
      "cost": 9.414614907718951
    },
    {
      "p": "F3",
      "j": "D3",
      "cost": 8.06922814885694
    },
    {
      "p": "F4",
      "j": "D1",
      "cost": 15.586551818504201
    },
    {
      "p": "F4",
      "j": "D2",
      "cost": 10.372525512715566
    },
    {
      "p": "F4",
      "j": "D3",
      "cost": 11.933249245322662
    },
    {
      "p": "F5",
      "j": "D1",
      "cost": 20.309755423081693
    },
    {
      "p": "F5",
      "j": "D2",
      "cost": 7.794031768336782
    },
    {
      "p": "F5",
      "j": "D3",
      "cost": 7.804709277502921
    },
    {
      "p": "F6",
      "j": "D1",
      "cost": 15.54379361844176
    },
    {
      "p": "F6",
      "j": "D2",
      "cost": 18.616234867294757
    },
    {
      "p": "F6",
      "j": "D3",
      "cost": 17.501168147873827
    }
  ],
  "uav_arcs": [
    {
      "u": "D1",
      "v": "D2",
      "cost": 12.523618959581368
    },
    {
      "u": "D1",
      "v": "D3",
      "cost": 12.852146690358033
    },
    {
      "u": "D1",
      "v": "V1",
      "cost": 4.383609134545325
    },
    {
      "u": "D1",
      "v": "V2",
      "cost": 10.976539057830601
    },
    {
      "u": "D1",
      "v": "V3",
      "cost": 9.597013560910039
    },
    {
      "u": "D1",
      "v": "V4",
      "cost": 7.415816936612318
    },
    {
      "u": "D1",
      "v": "V5",
      "cost": 5.617332091985051
    },
    {
      "u": "D1",
      "v": "V6",
      "cost": 9.987814853062117
    },
    {
      "u": "D1",
      "v": "V7",
      "cost": 6.646564910600791
    },
    {
      "u": "D1",
      "v": "V8",
      "cost": 5.2551457805117545
    },
    {
      "u": "D2",
      "v": "D1",
      "cost": 12.523618959581368
    },
    {
      "u": "D2",
      "v": "D3",
      "cost": 1.563879076876812
    },
    {
      "u": "D2",
      "v": "V1",
      "cost": 10.278844086547728
    },
    {
      "u": "D2",
      "v": "V2",
      "cost": 3.0806612072321835
    },
    {
      "u": "D2",
      "v": "V3",
      "cost": 4.988621504690828
    },
    {
      "u": "D2",
      "v": "V4",
      "cost": 8.779478271011252
    },
    {
      "u": "D2",
      "v": "V5",
      "cost": 10.934878401768412
    },
    {
      "u": "D2",
      "v": "V6",
      "cost": 7.4829384691529315
    },
    {
      "u": "D2",
      "v": "V7",
      "cost": 6.187045445454901
    },
    {
      "u": "D2",
      "v": "V8",
      "cost": 7.271043276216781
    },
    {
      "u": "D3",
      "v": "D1",
      "cost": 12.852146690358033
    },
    {
      "u": "D3",
      "v": "D2",
      "cost": 1.563879076876812
    },
    {
      "u": "D3",
      "v": "V1",
      "cost": 10.112737918450012
    },
    {
      "u": "D3",
      "v": "V2",
      "cost": 2.2660654838473073
    },
    {
      "u": "D3",
      "v": "V3",
      "cost": 4.273961357040997
    },
    {
      "u": "D3",
      "v": "V4",
      "cost": 8.191653272844448
    },
    {
      "u": "D3",
      "v": "V5",
      "cost": 10.55773741156443
    },
    {
      "u": "D3",
      "v": "V6",
      "cost": 6.489276533611169
    },
    {
      "u": "D3",
      "v": "V7",
      "cost": 6.263238635040947
    },
    {
      "u": "D3",
      "v": "V8",
      "cost": 7.68899545452387
    },
    {
      "u": "V1",
      "v": "D1",
      "cost": 4.383609134545325
    },
    {
      "u": "V1",
      "v": "D2",
      "cost": 10.278844086547728
    },
    {
      "u": "V1",
      "v": "D3",
      "cost": 10.112737918450012
    },
    {
      "u": "V1",
      "v": "V2",
      "cost": 7.932039834240001
    },
    {
      "u": "V1",
      "v": "V3",
      "cost": 6.135630958600513
    },
    {
      "u": "V1",
      "v": "V4",
      "cost": 3.1030289642473634
    },
    {
      "u": "V1",
      "v": "V5",
      "cost": 1.5368488362847115
    },
    {
      "u": "V1",
      "v": "V6",
      "cost": 5.813857965298488
    },
    {
      "u": "V1",
      "v": "V7",
      "cost": 4.176517792388846
    },
    {
      "u": "V1",
      "v": "V8",
      "cost": 4.259246813651234
    },
    {
      "u": "V2",
      "v": "D1",
      "cost": 10.976539057830601
    },
    {
      "u": "V2",
      "v": "D2",
      "cost": 3.0806612072321835
    },
    {
      "u": "V2",
      "v": "D3",
      "cost": 2.2660654838473073
    },
    {
      "u": "V2",
      "v": "V1",
      "cost": 7.932039834240001
    },
    {
      "u": "V2",
      "v": "V3",
      "cost": 2.012714750619064
    },
    {
      "u": "V2",
      "v": "V4",
      "cost": 5.926606262225172
    },
    {
      "u": "V2",
      "v": "V5",
      "cost": 8.30623520815762
    },
    {
      "u": "V2",
      "v": "V6",
      "cost": 4.40261944515997
    },
    {
      "u": "V2",
      "v": "V7",
      "cost": 4.331957945538408
    },
    {
      "u": "V2",
      "v": "V8",
      "cost": 6.030324770690053
    },
    {
      "u": "V3",
      "v": "D1",
      "cost": 9.597013560910039
    },
    {
      "u": "V3",
      "v": "D2",
      "cost": 4.988621504690828
    },
    {
      "u": "V3",
      "v": "D3",
      "cost": 4.273961357040997
    },
    {
      "u": "V3",
      "v": "V1",
      "cost": 6.135630958600513
    },
    {
      "u": "V3",
      "v": "V2",
      "cost": 2.012714750619064
    },
    {
      "u": "V3",
      "v": "V4",
      "cost": 3.919343704567166
    },
    {
      "u": "V3",
      "v": "V5",
      "cost": 6.358983226852077
    },
    {
      "u": "V3",
      "v": "V6",
      "cost": 2.6617627244769904
    },
    {
      "u": "V3",
      "v": "V7",
      "cost": 3.2092826803054373
    },
    {
      "u": "V3",
      "v": "V8",
      "cost": 5.157297608596074
    },
    {
      "u": "V4",
      "v": "D1",
      "cost": 7.415816936612318
    },
    {
      "u": "V4",
      "v": "D2",
      "cost": 8.779478271011252
    },
    {
      "u": "V4",
      "v": "D3",
      "cost": 8.191653272844448
    },
    {
      "u": "V4",
      "v": "V1",
      "cost": 3.1030289642473634
    },
    {
      "u": "V4",
      "v": "V2",
      "cost": 5.926606262225172
    },
    {
      "u": "V4",
      "v": "V3",
      "cost": 3.919343704567166
    },
    {
      "u": "V4",
      "v": "V5",
      "cost": 2.640241638924256
    },
    {
      "u": "V4",
      "v": "V6",
      "cost": 2.7671847280206183
    },
    {
      "u": "V4",
      "v": "V7",
      "cost": 3.8677993236255603
    },
    {
      "u": "V4",
      "v": "V8",
      "cost": 5.2305705882457145
    },
    {
      "u": "V5",
      "v": "D1",
      "cost": 5.617332091985051
    },
    {
      "u": "V5",
      "v": "D2",
      "cost": 10.934878401768412
    },
    {
      "u": "V5",
      "v": "D3",
      "cost": 10.55773741156443
    },
    {
      "u": "V5",
      "v": "V1",
      "cost": 1.5368488362847115
    },
    {
      "u": "V5",
      "v": "V2",
      "cost": 8.30623520815762
    },
    {
      "u": "V5",
      "v": "V3",
      "cost": 6.358983226852077
    },
    {
      "u": "V5",
      "v": "V4",
      "cost": 2.640241638924256
    },
    {
      "u": "V5",
      "v": "V6",
      "cost": 5.368574631022438
    },
    {
      "u": "V5",
      "v": "V7",
      "cost": 5.128192299538524
    },
    {
      "u": "V5",
      "v": "V8",
      "cost": 5.6148295888888775
    },
    {
      "u": "V6",
      "v": "D1",
      "cost": 9.987814853062117
    },
    {
      "u": "V6",
      "v": "D2",
      "cost": 7.4829384691529315
    },
    {
      "u": "V6",
      "v": "D3",
      "cost": 6.489276533611169
    },
    {
      "u": "V6",
      "v": "V1",
      "cost": 5.813857965298488
    },
    {
      "u": "V6",
      "v": "V2",
      "cost": 4.40261944515997
    },
    {
      "u": "V6",
      "v": "V3",
      "cost": 2.6617627244769904
    },
    {
      "u": "V6",
      "v": "V4",
      "cost": 2.7671847280206183
    },
    {
      "u": "V6",
      "v": "V5",
      "cost": 5.368574631022438
    },
    {
      "u": "V6",
      "v": "V7",
      "cost": 4.810447279765589
    },
    {
      "u": "V6",
      "v": "V8",
      "cost": 6.686890453249635
    },
    {
      "u": "V7",
      "v": "D1",
      "cost": 6.646564910600791
    },
    {
      "u": "V7",
      "v": "D2",
      "cost": 6.187045445454901
    },
    {
      "u": "V7",
      "v": "D3",
      "cost": 6.263238635040947
    },
    {
      "u": "V7",
      "v": "V1",
      "cost": 4.176517792388846
    },
    {
      "u": "V7",
      "v": "V2",
      "cost": 4.331957945538408
    },
    {
      "u": "V7",
      "v": "V3",
      "cost": 3.2092826803054373
    },
    {
      "u": "V7",
      "v": "V4",
      "cost": 3.8677993236255603
    },
    {
      "u": "V7",
      "v": "V5",
      "cost": 5.128192299538524
    },
    {
      "u": "V7",
      "v": "V6",
      "cost": 4.810447279765589
    },
    {
      "u": "V7",
      "v": "V8",
      "cost": 1.9686356570796872
    },
    {
      "u": "V8",
      "v": "D1",
      "cost": 5.2551457805117545
    },
    {
      "u": "V8",
      "v": "D2",
      "cost": 7.271043276216781
    },
    {
      "u": "V8",
      "v": "D3",
      "cost": 7.68899545452387
    },
    {
      "u": "V8",
      "v": "V1",
      "cost": 4.259246813651234
    },
    {
      "u": "V8",
      "v": "V2",
      "cost": 6.030324770690053
    },
    {
      "u": "V8",
      "v": "V3",
      "cost": 5.157297608596074
    },
    {
      "u": "V8",
      "v": "V4",
      "cost": 5.2305705882457145
    },
    {
      "u": "V8",
      "v": "V5",
      "cost": 5.6148295888888775
    },
    {
      "u": "V8",
      "v": "V6",
      "cost": 6.686890453249635
    },
    {
      "u": "V8",
      "v": "V7",
      "cost": 1.9686356570796872
    }
  ],
  "number_of_uav": null
}