{
  "n_center": 2,
  "n_community": 10,
  "n_warehouse": 6,
  "set_F": [
    "F1",
    "F2",
    "F3",
    "F4",
    "F5",
    "F6"
  ],
  "set_D": [
    "D1",
    "D2"
  ],
  "set_V": [
    "V1",
    "V2",
    "V3",
    "V4",
    "V5",
    "V6",
    "V7",
    "V8",
    "V9",
    "V10"
  ],
  "set_A": [
    "('F1', 'D1')",
    "('F1', 'D2')",
    "('F2', 'D1')",
    "('F2', 'D2')",
    "('F3', 'D1')",
    "('F3', 'D2')",
    "('F4', 'D1')",
    "('F4', 'D2')",
    "('F5', 'D1')",
    "('F5', 'D2')",
    "('F6', 'D1')",
    "('F6', 'D2')",
    "('D1', 'D2')",
    "('D1', 'V1')",
    "('D1', 'V2')",
    "('D1', 'V3')",
    "('D1', 'V4')",
    "('D1', 'V5')",
    "('D1', 'V6')",
    "('D1', 'V7')",
    "('D1', 'V8')",
    "('D1', 'V9')",
    "('D1', 'V10')",
    "('D2', 'D1')",
    "('D2', 'V1')",
    "('D2', 'V2')",
    "('D2', 'V3')",
    "('D2', 'V4')",
    "('D2', 'V5')",
    "('D2', 'V6')",
    "('D2', 'V7')",
    "('D2', 'V8')",
    "('D2', 'V9')",
    "('D2', 'V10')",
    "('V1', 'D1')",
    "('V1', 'D2')",
    "('V1', 'V2')",
    "('V1', 'V3')",
    "('V1', 'V4')",
    "('V1', 'V5')",
    "('V1', 'V6')",
    "('V1', 'V7')",
    "('V1', 'V8')",
    "('V1', 'V9')",
    "('V1', 'V10')",
    "('V2', 'D1')",
    "('V2', 'D2')",
    "('V2', 'V1')",
    "('V2', 'V3')",
    "('V2', 'V4')",
    "('V2', 'V5')",
    "('V2', 'V6')",
    "('V2', 'V7')",
    "('V2', 'V8')",
    "('V2', 'V9')",
    "('V2', 'V10')",
    "('V3', 'D1')",
    "('V3', 'D2')",
    "('V3', 'V1')",
    "('V3', 'V2')",
    "('V3', 'V4')",
    "('V3', 'V5')",
    "('V3', 'V6')",
    "('V3', 'V7')",
    "('V3', 'V8')",
    "('V3', 'V9')",
    "('V3', 'V10')",
    "('V4', 'D1')",
    "('V4', 'D2')",
    "('V4', 'V1')",
    "('V4', 'V2')",
    "('V4', 'V3')",
    "('V4', 'V5')",
    "('V4', 'V6')",
    "('V4', 'V7')",
    "('V4', 'V8')",
    "('V4', 'V9')",
    "('V4', 'V10')",
    "('V5', 'D1')",
    "('V5', 'D2')",
    "('V5', 'V1')",
    "('V5', 'V2')",
    "('V5', 'V3')",
    "('V5', 'V4')",
    "('V5', 'V6')",
    "('V5', 'V7')",
    "('V5', 'V8')",
    "('V5', 'V9')",
    "('V5', 'V10')",
    "('V6', 'D1')",
    "('V6', 'D2')",
    "('V6', 'V1')",
    "('V6', 'V2')",
    "('V6', 'V3')",
    "('V6', 'V4')",
    "('V6', 'V5')",
    "('V6', 'V7')",
    "('V6', 'V8')",
    "('V6', 'V9')",
    "('V6', 'V10')",
    "('V7', 'D1')",
    "('V7', 'D2')",
    "('V7', 'V1')",
    "('V7', 'V2')",
    "('V7', 'V3')",
    "('V7', 'V4')",
    "('V7', 'V5')",
    "('V7', 'V6')",
    "('V7', 'V8')",
    "('V7', 'V9')",
    "('V7', 'V10')",
    "('V8', 'D1')",
    "('V8', 'D2')",
    "('V8', 'V1')",
    "('V8', 'V2')",
    "('V8', 'V3')",
    "('V8', 'V4')",
    "('V8', 'V5')",
    "('V8', 'V6')",
    "('V8', 'V7')",
    "('V8', 'V9')",
    "('V8', 'V10')",
    "('V9', 'D1')",
    "('V9', 'D2')",
    "('V9', 'V1')",
    "('V9', 'V2')",
    "('V9', 'V3')",
    "('V9', 'V4')",
    "('V9', 'V5')",
    "('V9', 'V6')",
    "('V9', 'V7')",
    "('V9', 'V8')",
    "('V9', 'V10')",
    "('V10', 'D1')",
    "('V10', 'D2')",
    "('V10', 'V1')",
    "('V10', 'V2')",
    "('V10', 'V3')",
    "('V10', 'V4')",
    "('V10', 'V5')",
    "('V10', 'V6')",
    "('V10', 'V7')",
    "('V10', 'V8')",
    "('V10', 'V9')"
  ],
  "set_L": [
    "L1",
    "L2",
    "L3",
    "L4",
    "L5"
  ],
  "set_T": [
    "T1",
    "T2",
    "T3",
    "T4",
    "T5",
    "T6",
    "T7",
    "T8"
  ],
  "set_U": [
    "U1",
    "U2",
    "U3",
    "U4",
    "U5",
    "U6",
    "U7",
    "U8",
    "U9",
    "U10"
  ],
  "par_d": {
    "V1": 25,
    "V2": 38,
    "V3": 23,
    "V4": 12,
    "V5": 15,
    "V6": 7,
    "V7": 33,
    "V8": 30,
    "V9": 38,
    "V10": 33
  },
  "par_r": 283,
  "par_n": 250,
  "par_h": 50,
  "par_m": 180,
  "par_v": 29,
  "par_l": {
    "L1": 144,
    "L2": 156,
    "L3": 168,
    "L4": 180,
    "L5": 192
  },
  "par_f": {
    "D1": 62.0,
    "D2": 72.0
  },
  "par_o_items": [
    {
      "j": "D1",
      "l": "L1",
      "value": 53.0
    },
    {
      "j": "D1",
      "l": "L2",
      "value": 56.0
    },
    {
      "j": "D1",
      "l": "L3",
      "value": 60.0
    },
    {
      "j": "D1",
      "l": "L4",
      "value": 64.0
    },
    {
      "j": "D1",
      "l": "L5",
      "value": 68.0
    },
    {
      "j": "D2",
      "l": "L1",
      "value": 53.0
    },
    {
      "j": "D2",
      "l": "L2",
      "value": 56.0
    },
    {
      "j": "D2",
      "l": "L3",
      "value": 60.0
    },
    {
      "j": "D2",
      "l": "L4",
      "value": 64.0
    },
    {
      "j": "D2",
      "l": "L5",
      "value": 68.0
    }
  ],
  "par_s_items": [
    {
      "j": "D1",
      "l": "L1",
      "value": 144.0
    },
    {
      "j": "D1",
      "l": "L2",
      "value": 156.0
    },
    {
      "j": "D1",
      "l": "L3",
      "value": 168.0
    },
    {
      "j": "D1",
      "l": "L4",
      "value": 180.0
    },
    {
      "j": "D1",
      "l": "L5",
      "value": 192.0
    },
    {
      "j": "D2",
      "l": "L1",
      "value": 144.0
    },
    {
      "j": "D2",
      "l": "L2",
      "value": 156.0
    },
    {
      "j": "D2",
      "l": "L3",
      "value": 168.0
    },
    {
      "j": "D2",
      "l": "L4",
      "value": 180.0
    },
    {
      "j": "D2",
      "l": "L5",
      "value": 192.0
    }
  ],
  "par_t": 254.0,
  "par_c": {
    "('F1', 'D1')": 19.051603608237716,
    "('F1', 'D2')": 10.968986383050476,
    "('F2', 'D1')": 11.80414724160623,
    "('F2', 'D2')": 7.477809464441813,
    "('F3', 'D1')": 17.018427876999926,
    "('F3', 'D2')": 8.381811375523057,
    "('F4', 'D1')": 19.24417890363021,
    "('F4', 'D2')": 18.86453912127834,
    "('F5', 'D1')": 8.431329476390756,
    "('F5', 'D2')": 17.064525812954308,
    "('F6', 'D1')": 19.950469468073045,
    "('F6', 'D2')": 21.555604195683262,
    "('D1', 'D2')": 8.711722927751381,
    "('D1', 'V1')": 4.995127769717579,
    "('D1', 'V2')": 7.194701438716692,
    "('D1', 'V3')": 6.115016486202178,
    "('D1', 'V4')": 3.44229539095679,
    "('D1', 'V5')": 7.593002567773425,
    "('D1', 'V6')": 9.191197624701063,
    "('D1', 'V7')": 2.30030603996471,
    "('D1', 'V8')": 8.910746090573737,
    "('D1', 'V9')": 6.0411965202489775,
    "('D1', 'V10')": 11.962978603182767,
    "('D2', 'D1')": 8.711722927751381,
    "('D2', 'V1')": 3.7327998599636523,
    "('D2', 'V2')": 3.0400216058685925,
    "('D2', 'V3')": 4.165739653153421,
    "('D2', 'V4')": 7.152828175293409,
    "('D2', 'V5')": 11.414593017486709,
    "('D2', 'V6')": 11.48913541485755,
    "('D2', 'V7')": 8.572658830401174,
    "('D2', 'V8')": 2.0424055757575075,
    "('D2', 'V9')": 8.477778716161248,
    "('D2', 'V10')": 9.01770597276847,
    "('V1', 'D1')": 4.995127769717579,
    "('V1', 'D2')": 3.7327998599636523,
    "('V1', 'V2')": 3.1864581067983186,
    "('V1', 'V3')": 2.968767144372331,
    "('V1', 'V4')": 4.158135898365024,
    "('V1', 'V5')": 9.205105811684207,
    "('V1', 'V6')": 9.89656953826089,
    "('V1', 'V7')": 5.198469351605109,
    "('V1', 'V8')": 4.346890774525427,
    "('V1', 'V9')": 6.4172014850725105,
    "('V1', 'V10')": 9.692794754405424,
    "('V2', 'D1')": 7.194701438716692,
    "('V2', 'D2')": 3.0400216058685925,
    "('V2', 'V1')": 3.1864581067983186,
    "('V2', 'V3')": 1.3246324427156804,
    "('V2', 'V4')": 4.711192512677596,
    "('V2', 'V5')": 8.428443304151518,
    "('V2', 'V6')": 8.44973181819187,
    "('V2', 'V7')": 6.355555638065161,
    "('V2', 'V8')": 1.904100073998682,
    "('V2', 'V9')": 5.5068033375553345,
    "('V2', 'V10')": 6.712330011958439,
    "('V3', 'D1')": 6.115016486202178,
    "('V3', 'D2')": 4.165739653153421,
    "('V3', 'V1')": 2.968767144372331,
    "('V3', 'V2')": 1.3246324427156804,
    "('V3', 'V4')": 3.4072075469940093,
    "('V3', 'V5')": 7.2528264208406865,
    "('V3', 'V6')": 7.470701033269389,
    "('V3', 'V7')": 5.0803782750441195,
    "('V3', 'V8')": 3.2273306311053878,
    "('V3', 'V9')": 4.314609028149627,
    "('V3', 'V10')": 6.760075804454451,
    "('V4', 'D1')": 3.44229539095679,
    "('V4', 'D2')": 7.152828175293409,
    "('V4', 'V1')": 4.158135898365024,
    "('V4', 'V2')": 4.711192512677596,
    "('V4', 'V3')": 3.4072075469940093,
    "('V4', 'V5')": 5.2254347486833375,
    "('V4', 'V6')": 6.3354318435692525,
    "('V4', 'V7')": 1.723296981333575,
    "('V4', 'V8')": 6.609783199473825,
    "('V4', 'V9')": 2.85673036184879,
    "('V4', 'V10')": 8.531082864804668,
    "('V5', 'D1')": 7.593002567773425,
    "('V5', 'D2')": 11.414593017486709,
    "('V5', 'V1')": 9.205105811684207,
    "('V5', 'V2')": 8.428443304151518,
    "('V5', 'V3')": 7.2528264208406865,
    "('V5', 'V4')": 5.2254347486833375,
    "('V5', 'V6')": 2.0482745181552438,
    "('V5', 'V7')": 5.3392786639484875,
    "('V5', 'V8')": 10.139687476316183,
    "('V5', 'V9')": 2.9383817401133934,
    "('V5', 'V10')": 7.839958716825362,
    "('V6', 'D1')": 9.191197624701063,
    "('V6', 'D2')": 11.48913541485755,
    "('V6', 'V1')": 9.89656953826089,
    "('V6', 'V2')": 8.44973181819187,
    "('V6', 'V3')": 7.470701033269389,
    "('V6', 'V4')": 6.3354318435692525,
    "('V6', 'V5')": 2.0482745181552438,
    "('V6', 'V7')": 6.891240789520691,
    "('V6', 'V8')": 9.934168544317702,
    "('V6', 'V9')": 3.53943171420739,
    "('V6', 'V10')": 6.274403390093562,
    "('V7', 'D1')": 2.30030603996471,
    "('V7', 'D2')": 8.572658830401174,
    "('V7', 'V1')": 5.198469351605109,
    "('V7', 'V2')": 6.355555638065161,
    "('V7', 'V3')": 5.0803782750441195,
    "('V7', 'V4')": 1.723296981333575,
    "('V7', 'V5')": 5.3392786639484875,
    "('V7', 'V6')": 6.891240789520691,
    "('V7', 'V8')": 8.234775636126594,
    "('V7', 'V9')": 3.815630666199974,
    "('V7', 'V10')": 10.043565008554665,
    "('V8', 'D1')": 8.910746090573737,
    "('V8', 'D2')": 2.0424055757575075,
    "('V8', 'V1')": 4.346890774525427,
    "('V8', 'V2')": 1.904100073998682,
    "('V8', 'V3')": 3.2273306311053878,
    "('V8', 'V4')": 6.609783199473825,
    "('V8', 'V5')": 10.139687476316183,
    "('V8', 'V6')": 9.934168544317702,
    "('V8', 'V7')": 8.234775636126594,
    "('V8', 'V9')": 7.265371372581455,
    "('V8', 'V10')": 6.98198695115614,
    "('V9', 'D1')": 6.0411965202489775,
    "('V9', 'D2')": 8.477778716161248,
    "('V9', 'V1')": 6.4172014850725105,
    "('V9', 'V2')": 5.5068033375553345,
    "('V9', 'V3')": 4.314609028149627,
    "('V9', 'V4')": 2.85673036184879,
    "('V9', 'V5')": 2.9383817401133934,
    "('V9', 'V6')": 3.53943171420739,
    "('V9', 'V7')": 3.815630666199974,
    "('V9', 'V8')": 7.265371372581455,
    "('V9', 'V10')": 6.5346167660483205,
    "('V10', 'D1')": 11.962978603182767,
    "('V10', 'D2')": 9.01770597276847,
    "('V10', 'V1')": 9.692794754405424,
    "('V10', 'V2')": 6.712330011958439,
    "('V10', 'V3')": 6.760075804454451,
    "('V10', 'V4')": 8.531082864804668,
    "('V10', 'V5')": 7.839958716825362,
    "('V10', 'V6')": 6.274403390093562,
    "('V10', 'V7')": 10.043565008554665,
    "('V10', 'V8')": 6.98198695115614,
    "('V10', 'V9')": 6.5346167660483205
  },
  "par_a": [
    144,
    156,
    168,
    180,
    192
  ],
  "_distance": {
    "('F1', 'F1')": 0.0,
    "('F1', 'F2')": 15.747679290193831,
    "('F1', 'F3')": 4.024515648333711,
    "('F1', 'F4')": 18.5748193257656,
    "('F1', 'F5')": 26.82343069125272,
    "('F1', 'F6')": 22.972906716948454,
    "('F1', 'D1')": 19.051603608237716,
    "('F1', 'D2')": 10.968986383050476,
    "('F1', 'V1')": 14.434105037926315,
    "('F1', 'V2')": 11.870855049231603,
    "('F1', 'V3')": 13.058198187709293,
    "('F1', 'V4')": 16.395284223743545,
    "('F1', 'V5')": 18.232432394347814,
    "('F1', 'V6')": 17.056922256669832,
    "('F1', 'V7')": 18.10823062663939,
    "('F1', 'V8')": 10.165179095189764,
    "('F1', 'V9')": 15.95821670637784,
    "('F1', 'V10')": 10.99348573114277,
    "('F2', 'F1')": 15.747679290193831,
    "('F2', 'F2')": 0.0,
    "('F2', 'F3')": 11.933016129060265,
    "('F2', 'F4')": 26.296988128033146,
    "('F2', 'F5')": 19.640672133864566,
    "('F2', 'F6')": 28.72969858652072,
    "('F2', 'D1')": 11.80414724160623,
    "('F2', 'D2')": 7.477809464441813,
    "('F2', 'V1')": 8.315136441293639,
    "('F2', 'V2')": 10.102553099071237,
    "('F2', 'V3')": 10.759173345176372,
    "('F2', 'V4')": 12.39041533660972,
    "('F2', 'V5')": 17.518831062455387,
    "('F2', 'V6')": 18.141027239939717,
    "('F2', 'V7')": 13.048325672515553,
    "('F2', 'V8')": 9.518986766082698,
    "('F2', 'V9')": 14.715847697921328,
    "('F2', 'V10')": 16.49341378538093,
    "('F3', 'F1')": 4.024515648333711,
    "('F3', 'F2')": 11.933016129060265,
    "('F3', 'F3')": 0.0,
    "('F3', 'F4')": 20.64588621970241,
    "('F3', 'F5')": 25.22368184779408,
    "('F3', 'F6')": 24.64274559397781,
    "('F3', 'D1')": 17.018427876999926,
    "('F3', 'D2')": 8.381811375523057,
    "('F3', 'V1')": 12.096919013392482,
    "('F3', 'V2')": 10.181414530933028,
    "('F3', 'V3')": 11.492937540456012,
    "('F3', 'V4')": 14.892606775065273,
    "('F3', 'V5')": 17.810628522953927,
    "('F3', 'V6')": 17.0480139649014,
    "('F3', 'V7')": 16.51944084103489,
    "('F3', 'V8')": 8.286734906931462,
    "('F3', 'V9')": 15.161637978720563,
    "('F3', 'V10')": 11.697183961765537,
    "('F4', 'F1')": 18.5748193257656,
    "('F4', 'F2')": 26.296988128033146,
    "('F4', 'F3')": 20.64588621970241,
    "('F4', 'F4')": 0.0,
    "('F4', 'F5')": 21.628504237752434,
    "('F4', 'F6')": 4.8633422293874125,
    "('F4', 'D1')": 19.24417890363021,
    "('F4', 'D2')": 18.86453912127834,
    "('F4', 'V1')": 18.796218419546413,
    "('F4', 'V2')": 16.251390171277624,
    "('F4', 'V3')": 15.875142052020461,
    "('F4', 'V4')": 16.102878460867988,
    "('F4', 'V5')": 12.029541908288046,
    "('F4', 'V6')": 10.131611164112867,
    "('F4', 'V7')": 16.952158656068214,
    "('F4', 'V8')": 16.85485765195293,
    "('F4', 'V9')": 13.268553982011616,
    "('F4', 'V10')": 9.929594630166317,
    "('F5', 'F1')": 26.82343069125272,
    "('F5', 'F2')": 19.640672133864566,
    "('F5', 'F3')": 25.22368184779408,
    "('F5', 'F4')": 21.628504237752434,
    "('F5', 'F5')": 0.0,
    "('F5', 'F6')": 20.344525241046952,
    "('F5', 'D1')": 8.431329476390756,
    "('F5', 'D2')": 17.064525812954308,
    "('F5', 'V1')": 13.3962330132802,
    "('F5', 'V2')": 15.092458140303489,
    "('F5', 'V3')": 13.823533700656009,
    "('F5', 'V4')": 10.437242329647788,
    "('F5', 'V5')": 10.36665688602222,
    "('F5', 'V6')": 12.388922507334804,
    "('F5', 'V7')": 8.743190261370295,
    "('F5', 'V8')": 16.956396690340615,
    "('F5', 'V9')": 11.321744016668422,
    "('F5', 'V10')": 17.78173473537176,
    "('F6', 'F1')": 22.972906716948454,
    "('F6', 'F2')": 28.72969858652072,
    "('F6', 'F3')": 24.64274559397781,
    "('F6', 'F4')": 4.8633422293874125,
    "('F6', 'F5')": 20.344525241046952,
    "('F6', 'F6')": 0.0,
    "('F6', 'D1')": 19.950469468073045,
    "('F6', 'D2')": 21.555604195683262,
    "('F6', 'V1')": 20.691883846519943,
    "('F6', 'V2')": 18.665193485246196,
    "('F6', 'V3')": 17.984603067535208,
    "('F6', 'V4')": 17.286667256520186,
    "('F6', 'V5')": 12.357493153112532,
    "('F6', 'V6')": 10.952574159578072,
    "('F6', 'V7')": 17.68609273278833,
    "('F6', 'V8')": 19.665736658535405,
    "('F6', 'V9')": 14.4791700715772,
    "('F6', 'V10')": 13.209408251930999,
    "('D1', 'F1')": 19.051603608237716,
    "('D1', 'F2')": 11.80414724160623,
    "('D1', 'F3')": 17.018427876999926,
    "('D1', 'F4')": 19.24417890363021,
    "('D1', 'F5')": 8.431329476390756,
    "('D1', 'F6')": 19.950469468073045,
    "('D1', 'D1')": 0.0,
    "('D1', 'D2')": 8.711722927751381,
    "('D1', 'V1')": 4.995127769717579,
    "('D1', 'V2')": 7.194701438716692,
    "('D1', 'V3')": 6.115016486202178,
    "('D1', 'V4')": 3.44229539095679,
    "('D1', 'V5')": 7.593002567773425,
    "('D1', 'V6')": 9.191197624701063,
    "('D1', 'V7')": 2.30030603996471,
    "('D1', 'V8')": 8.910746090573737,
    "('D1', 'V9')": 6.0411965202489775,
    "('D1', 'V10')": 11.962978603182767,
    "('D2', 'F1')": 10.968986383050476,
    "('D2', 'F2')": 7.477809464441813,
    "('D2', 'F3')": 8.381811375523057,
    "('D2', 'F4')": 18.86453912127834,
    "('D2', 'F5')": 17.064525812954308,
    "('D2', 'F6')": 21.555604195683262,
    "('D2', 'D1')": 8.711722927751381,
    "('D2', 'D2')": 0.0,
    "('D2', 'V1')": 3.7327998599636523,
    "('D2', 'V2')": 3.0400216058685925,
    "('D2', 'V3')": 4.165739653153421,
    "('D2', 'V4')": 7.152828175293409,
    "('D2', 'V5')": 11.414593017486709,
    "('D2', 'V6')": 11.48913541485755,
    "('D2', 'V7')": 8.572658830401174,
    "('D2', 'V8')": 2.0424055757575075,
    "('D2', 'V9')": 8.477778716161248,
    "('D2', 'V10')": 9.01770597276847,
    "('V1', 'F1')": 14.434105037926315,
    "('V1', 'F2')": 8.315136441293639,
    "('V1', 'F3')": 12.096919013392482,
    "('V1', 'F4')": 18.796218419546413,
    "('V1', 'F5')": 13.3962330132802,
    "('V1', 'F6')": 20.691883846519943,
    "('V1', 'D1')": 4.995127769717579,
    "('V1', 'D2')": 3.7327998599636523,
    "('V1', 'V1')": 0.0,
    "('V1', 'V2')": 3.1864581067983186,
    "('V1', 'V3')": 2.968767144372331,
    "('V1', 'V4')": 4.158135898365024,
    "('V1', 'V5')": 9.205105811684207,
    "('V1', 'V6')": 9.89656953826089,
    "('V1', 'V7')": 5.198469351605109,
    "('V1', 'V8')": 4.346890774525427,
    "('V1', 'V9')": 6.4172014850725105,
    "('V1', 'V10')": 9.692794754405424,
    "('V2', 'F1')": 11.870855049231603,
    "('V2', 'F2')": 10.102553099071237,
    "('V2', 'F3')": 10.181414530933028,
    "('V2', 'F4')": 16.251390171277624,
    "('V2', 'F5')": 15.092458140303489,
    "('V2', 'F6')": 18.665193485246196,
    "('V2', 'D1')": 7.194701438716692,
    "('V2', 'D2')": 3.0400216058685925,
    "('V2', 'V1')": 3.1864581067983186,
    "('V2', 'V2')": 0.0,
    "('V2', 'V3')": 1.3246324427156804,
    "('V2', 'V4')": 4.711192512677596,
    "('V2', 'V5')": 8.428443304151518,
    "('V2', 'V6')": 8.44973181819187,
    "('V2', 'V7')": 6.355555638065161,
    "('V2', 'V8')": 1.904100073998682,
    "('V2', 'V9')": 5.5068033375553345,
    "('V2', 'V10')": 6.712330011958439,
    "('V3', 'F1')": 13.058198187709293,
    "('V3', 'F2')": 10.759173345176372,
    "('V3', 'F3')": 11.492937540456012,
    "('V3', 'F4')": 15.875142052020461,
    "('V3', 'F5')": 13.823533700656009,
    "('V3', 'F6')": 17.984603067535208,
    "('V3', 'D1')": 6.115016486202178,
    "('V3', 'D2')": 4.165739653153421,
    "('V3', 'V1')": 2.968767144372331,
    "('V3', 'V2')": 1.3246324427156804,
    "('V3', 'V3')": 0.0,
    "('V3', 'V4')": 3.4072075469940093,
    "('V3', 'V5')": 7.2528264208406865,
    "('V3', 'V6')": 7.470701033269389,
    "('V3', 'V7')": 5.0803782750441195,
    "('V3', 'V8')": 3.2273306311053878,
    "('V3', 'V9')": 4.314609028149627,
    "('V3', 'V10')": 6.760075804454451,
    "('V4', 'F1')": 16.395284223743545,
    "('V4', 'F2')": 12.39041533660972,
    "('V4', 'F3')": 14.892606775065273,
    "('V4', 'F4')": 16.102878460867988,
    "('V4', 'F5')": 10.437242329647788,
    "('V4', 'F6')": 17.286667256520186,
    "('V4', 'D1')": 3.44229539095679,
    "('V4', 'D2')": 7.152828175293409,
    "('V4', 'V1')": 4.158135898365024,
    "('V4', 'V2')": 4.711192512677596,
    "('V4', 'V3')": 3.4072075469940093,
    "('V4', 'V4')": 0.0,
    "('V4', 'V5')": 5.2254347486833375,
    "('V4', 'V6')": 6.3354318435692525,
    "('V4', 'V7')": 1.723296981333575,
    "('V4', 'V8')": 6.609783199473825,
    "('V4', 'V9')": 2.85673036184879,
    "('V4', 'V10')": 8.531082864804668,
    "('V5', 'F1')": 18.232432394347814,
    "('V5', 'F2')": 17.518831062455387,
    "('V5', 'F3')": 17.810628522953927,
    "('V5', 'F4')": 12.029541908288046,
    "('V5', 'F5')": 10.36665688602222,
    "('V5', 'F6')": 12.357493153112532,
    "('V5', 'D1')": 7.593002567773425,
    "('V5', 'D2')": 11.414593017486709,
    "('V5', 'V1')": 9.205105811684207,
    "('V5', 'V2')": 8.428443304151518,
    "('V5', 'V3')": 7.2528264208406865,
    "('V5', 'V4')": 5.2254347486833375,
    "('V5', 'V5')": 0.0,
    "('V5', 'V6')": 2.0482745181552438,
    "('V5', 'V7')": 5.3392786639484875,
    "('V5', 'V8')": 10.139687476316183,
    "('V5', 'V9')": 2.9383817401133934,
    "('V5', 'V10')": 7.839958716825362,
    "('V6', 'F1')": 17.056922256669832,
    "('V6', 'F2')": 18.141027239939717,
    "('V6', 'F3')": 17.0480139649014,
    "('V6', 'F4')": 10.131611164112867,
    "('V6', 'F5')": 12.388922507334804,
    "('V6', 'F6')": 10.952574159578072,
    "('V6', 'D1')": 9.191197624701063,
    "('V6', 'D2')": 11.48913541485755,
    "('V6', 'V1')": 9.89656953826089,
    "('V6', 'V2')": 8.44973181819187,
    "('V6', 'V3')": 7.470701033269389,
    "('V6', 'V4')": 6.3354318435692525,
    "('V6', 'V5')": 2.0482745181552438,
    "('V6', 'V6')": 0.0,
    "('V6', 'V7')": 6.891240789520691,
    "('V6', 'V8')": 9.934168544317702,
    "('V6', 'V9')": 3.53943171420739,
    "('V6', 'V10')": 6.274403390093562,
    "('V7', 'F1')": 18.10823062663939,
    "('V7', 'F2')": 13.048325672515553,
    "('V7', 'F3')": 16.51944084103489,
    "('V7', 'F4')": 16.952158656068214,
    "('V7', 'F5')": 8.743190261370295,
    "('V7', 'F6')": 17.68609273278833,
    "('V7', 'D1')": 2.30030603996471,
    "('V7', 'D2')": 8.572658830401174,
    "('V7', 'V1')": 5.198469351605109,
    "('V7', 'V2')": 6.355555638065161,
    "('V7', 'V3')": 5.0803782750441195,
    "('V7', 'V4')": 1.723296981333575,
    "('V7', 'V5')": 5.3392786639484875,
    "('V7', 'V6')": 6.891240789520691,
    "('V7', 'V7')": 0.0,
    "('V7', 'V8')": 8.234775636126594,
    "('V7', 'V9')": 3.815630666199974,
    "('V7', 'V10')": 10.043565008554665,
    "('V8', 'F1')": 10.165179095189764,
    "('V8', 'F2')": 9.518986766082698,
    "('V8', 'F3')": 8.286734906931462,
    "('V8', 'F4')": 16.85485765195293,
    "('V8', 'F5')": 16.956396690340615,
    "('V8', 'F6')": 19.665736658535405,
    "('V8', 'D1')": 8.910746090573737,
    "('V8', 'D2')": 2.0424055757575075,
    "('V8', 'V1')": 4.346890774525427,
    "('V8', 'V2')": 1.904100073998682,
    "('V8', 'V3')": 3.2273306311053878,
    "('V8', 'V4')": 6.609783199473825,
    "('V8', 'V5')": 10.139687476316183,
    "('V8', 'V6')": 9.934168544317702,
    "('V8', 'V7')": 8.234775636126594,
    "('V8', 'V8')": 0.0,
    "('V8', 'V9')": 7.265371372581455,
    "('V8', 'V10')": 6.98198695115614,
    "('V9', 'F1')": 15.95821670637784,
    "('V9', 'F2')": 14.715847697921328,
    "('V9', 'F3')": 15.161637978720563,
    "('V9', 'F4')": 13.268553982011616,
    "('V9', 'F5')": 11.321744016668422,
    "('V9', 'F6')": 14.4791700715772,
    "('V9', 'D1')": 6.0411965202489775,
    "('V9', 'D2')": 8.477778716161248,
    "('V9', 'V1')": 6.4172014850725105,
    "('V9', 'V2')": 5.5068033375553345,
    "('V9', 'V3')": 4.314609028149627,
    "('V9', 'V4')": 2.85673036184879,
    "('V9', 'V5')": 2.9383817401133934,
    "('V9', 'V6')": 3.53943171420739,
    "('V9', 'V7')": 3.815630666199974,
    "('V9', 'V8')": 7.265371372581455,
    "('V9', 'V9')": 0.0,
    "('V9', 'V10')": 6.5346167660483205,
    "('V10', 'F1')": 10.99348573114277,
    "('V10', 'F2')": 16.49341378538093,
    "('V10', 'F3')": 11.697183961765537,
    "('V10', 'F4')": 9.929594630166317,
    "('V10', 'F5')": 17.78173473537176,
    "('V10', 'F6')": 13.209408251930999,
    "('V10', 'D1')": 11.962978603182767,
    "('V10', 'D2')": 9.01770597276847,
    "('V10', 'V1')": 9.692794754405424,
    "('V10', 'V2')": 6.712330011958439,
    "('V10', 'V3')": 6.760075804454451,
    "('V10', 'V4')": 8.531082864804668,
    "('V10', 'V5')": 7.839958716825362,
    "('V10', 'V6')": 6.274403390093562,
    "('V10', 'V7')": 10.043565008554665,
    "('V10', 'V8')": 6.98198695115614,
    "('V10', 'V9')": 6.5346167660483205,
    "('V10', 'V10')": 0.0
  },
  "tij": {
    "('F1', 'D1')": 19.051603608237716,
    "('F1', 'D2')": 10.968986383050476,
    "('F2', 'D1')": 11.804147241606229,
    "('F2', 'D2')": 7.477809464441813,
    "('F3', 'D1')": 17.018427876999926,
    "('F3', 'D2')": 8.381811375523057,
    "('F4', 'D1')": 19.24417890363021,
    "('F4', 'D2')": 18.864539121278344,
    "('F5', 'D1')": 8.431329476390756,
    "('F5', 'D2')": 17.064525812954308,
    "('F6', 'D1')": 19.950469468073045,
    "('F6', 'D2')": 21.555604195683262,
    "('D1', 'D2')": 13.06758439162707,
    "('D1', 'V1')": 7.492691654576367,
    "('D1', 'V2')": 10.792052158075037,
    "('D1', 'V3')": 9.172524729303266,
    "('D1', 'V4')": 5.163443086435185,
    "('D1', 'V5')": 11.389503851660137,
    "('D1', 'V6')": 13.786796437051596,
    "('D1', 'V7')": 3.4504590599470655,
    "('D1', 'V8')": 13.366119135860606,
    "('D1', 'V9')": 9.061794780373466,
    "('D1', 'V10')": 17.94446790477415,
    "('D2', 'D1')": 13.06758439162707,
    "('D2', 'V1')": 5.599199789945478,
    "('D2', 'V2')": 4.560032408802888,
    "('D2', 'V3')": 6.248609479730132,
    "('D2', 'V4')": 10.729242262940113,
    "('D2', 'V5')": 17.121889526230063,
    "('D2', 'V6')": 17.233703122286325,
    "('D2', 'V7')": 12.858988245601761,
    "('D2', 'V8')": 3.0636083636362614,
    "('D2', 'V9')": 12.716668074241872,
    "('D2', 'V10')": 13.526558959152704,
    "('V1', 'D1')": 7.492691654576367,
    "('V1', 'D2')": 5.599199789945478,
    "('V1', 'V2')": 4.7796871601974775,
    "('V1', 'V3')": 4.453150716558497,
    "('V1', 'V4')": 6.237203847547535,
    "('V1', 'V5')": 13.807658717526312,
    "('V1', 'V6')": 14.844854307391335,
    "('V1', 'V7')": 7.797704027407663,
    "('V1', 'V8')": 6.52033616178814,
    "('V1', 'V9')": 9.625802227608766,
    "('V1', 'V10')": 14.539192131608138,
    "('V2', 'D1')": 10.792052158075037,
    "('V2', 'D2')": 4.560032408802888,
    "('V2', 'V1')": 4.7796871601974775,
    "('V2', 'V3')": 1.9869486640735203,
    "('V2', 'V4')": 7.0667887690163935,
    "('V2', 'V5')": 12.642664956227277,
    "('V2', 'V6')": 12.674597727287805,
    "('V2', 'V7')": 9.533333457097743,
    "('V2', 'V8')": 2.856150110998023,
    "('V2', 'V9')": 8.260205006333,
    "('V2', 'V10')": 10.068495017937659,
    "('V3', 'D1')": 9.172524729303266,
    "('V3', 'D2')": 6.248609479730132,
    "('V3', 'V1')": 4.453150716558497,
    "('V3', 'V2')": 1.9869486640735203,
    "('V3', 'V4')": 5.110811320491014,
    "('V3', 'V5')": 10.87923963126103,
    "('V3', 'V6')": 11.206051549904084,
    "('V3', 'V7')": 7.620567412566179,
    "('V3', 'V8')": 4.840995946658081,
    "('V3', 'V9')": 6.47191354222444,
    "('V3', 'V10')": 10.140113706681678,
    "('V4', 'D1')": 5.163443086435185,
    "('V4', 'D2')": 10.729242262940113,
    "('V4', 'V1')": 6.237203847547535,
    "('V4', 'V2')": 7.0667887690163935,
    "('V4', 'V3')": 5.110811320491014,
    "('V4', 'V5')": 7.838152123025006,
    "('V4', 'V6')": 9.503147765353878,
    "('V4', 'V7')": 2.5849454720003626,
    "('V4', 'V8')": 9.914674799210738,
    "('V4', 'V9')": 4.285095542773185,
    "('V4', 'V10')": 12.796624297207002,
    "('V5', 'D1')": 11.389503851660137,
    "('V5', 'D2')": 17.121889526230063,
    "('V5', 'V1')": 13.807658717526312,
    "('V5', 'V2')": 12.642664956227277,
    "('V5', 'V3')": 10.87923963126103,
    "('V5', 'V4')": 7.838152123025006,
    "('V5', 'V6')": 3.072411777232866,
    "('V5', 'V7')": 8.008917995922731,
    "('V5', 'V8')": 15.209531214474277,
    "('V5', 'V9')": 4.4075726101700905,
    "('V5', 'V10')": 11.759938075238043,
    "('V6', 'D1')": 13.786796437051596,
    "('V6', 'D2')": 17.233703122286325,
    "('V6', 'V1')": 14.844854307391335,
    "('V6', 'V2')": 12.674597727287805,
    "('V6', 'V3')": 11.206051549904084,
    "('V6', 'V4')": 9.503147765353878,
    "('V6', 'V5')": 3.072411777232866,
    "('V6', 'V7')": 10.336861184281037,
    "('V6', 'V8')": 14.901252816476552,
    "('V6', 'V9')": 5.309147571311085,
    "('V6', 'V10')": 9.411605085140343,
    "('V7', 'D1')": 3.4504590599470655,
    "('V7', 'D2')": 12.858988245601761,
    "('V7', 'V1')": 7.797704027407663,
    "('V7', 'V2')": 9.533333457097743,
    "('V7', 'V3')": 7.620567412566179,
    "('V7', 'V4')": 2.5849454720003626,
    "('V7', 'V5')": 8.008917995922731,
    "('V7', 'V6')": 10.336861184281037,
    "('V7', 'V8')": 12.35216345418989,
    "('V7', 'V9')": 5.723445999299961,
    "('V7', 'V10')": 15.065347512832,
    "('V8', 'D1')": 13.366119135860606,
    "('V8', 'D2')": 3.0636083636362614,
    "('V8', 'V1')": 6.52033616178814,
    "('V8', 'V2')": 2.856150110998023,
    "('V8', 'V3')": 4.840995946658081,
    "('V8', 'V4')": 9.914674799210738,
    "('V8', 'V5')": 15.209531214474277,
    "('V8', 'V6')": 14.901252816476552,
    "('V8', 'V7')": 12.35216345418989,
    "('V8', 'V9')": 10.898057058872181,
    "('V8', 'V10')": 10.472980426734209,
    "('V9', 'D1')": 9.061794780373466,
    "('V9', 'D2')": 12.716668074241872,
    "('V9', 'V1')": 9.625802227608766,
    "('V9', 'V2')": 8.260205006333,
    "('V9', 'V3')": 6.47191354222444,
    "('V9', 'V4')": 4.285095542773185,
    "('V9', 'V5')": 4.4075726101700905,
    "('V9', 'V6')": 5.309147571311085,
    "('V9', 'V7')": 5.723445999299961,
    "('V9', 'V8')": 10.898057058872181,
    "('V9', 'V10')": 9.801925149072481,
    "('V10', 'D1')": 17.94446790477415,
    "('V10', 'D2')": 13.526558959152704,
    "('V10', 'V1')": 14.539192131608138,
    "('V10', 'V2')": 10.068495017937659,
    "('V10', 'V3')": 10.140113706681678,
    "('V10', 'V4')": 12.796624297207002,
    "('V10', 'V5')": 11.759938075238043,
    "('V10', 'V6')": 9.411605085140343,
    "('V10', 'V7')": 15.065347512832,
    "('V10', 'V8')": 10.472980426734209,
    "('V10', 'V9')": 9.801925149072481
  },
  "waktu": {
    "('F1', 'D1')": 19.051603608237716,
    "('F1', 'D2')": 10.968986383050476,
    "('F2', 'D1')": 11.804147241606229,
    "('F2', 'D2')": 7.477809464441813,
    "('F3', 'D1')": 17.018427876999926,
    "('F3', 'D2')": 8.381811375523057,
    "('F4', 'D1')": 19.24417890363021,
    "('F4', 'D2')": 18.864539121278344,
    "('F5', 'D1')": 8.431329476390756,
    "('F5', 'D2')": 17.064525812954308,
    "('F6', 'D1')": 19.950469468073045,
    "('F6', 'D2')": 21.555604195683262,
    "('D1', 'D2')": 13.06758439162707,
    "('D1', 'V1')": 7.492691654576367,
    "('D1', 'V2')": 10.792052158075037,
    "('D1', 'V3')": 9.172524729303266,
    "('D1', 'V4')": 5.163443086435185,
    "('D1', 'V5')": 11.389503851660137,
    "('D1', 'V6')": 13.786796437051596,
    "('D1', 'V7')": 3.4504590599470655,
    "('D1', 'V8')": 13.366119135860606,
    "('D1', 'V9')": 9.061794780373466,
    "('D1', 'V10')": 17.94446790477415,
    "('D2', 'D1')": 13.06758439162707,
    "('D2', 'V1')": 5.599199789945478,
    "('D2', 'V2')": 4.560032408802888,
    "('D2', 'V3')": 6.248609479730132,
    "('D2', 'V4')": 10.729242262940113,
    "('D2', 'V5')": 17.121889526230063,
    "('D2', 'V6')": 17.233703122286325,
    "('D2', 'V7')": 12.858988245601761,
    "('D2', 'V8')": 3.0636083636362614,
    "('D2', 'V9')": 12.716668074241872,
    "('D2', 'V10')": 13.526558959152704,
    "('V1', 'D1')": 7.492691654576367,
    "('V1', 'D2')": 5.599199789945478,
    "('V1', 'V2')": 4.7796871601974775,
    "('V1', 'V3')": 4.453150716558497,
    "('V1', 'V4')": 6.237203847547535,
    "('V1', 'V5')": 13.807658717526312,
    "('V1', 'V6')": 14.844854307391335,
    "('V1', 'V7')": 7.797704027407663,
    "('V1', 'V8')": 6.52033616178814,
    "('V1', 'V9')": 9.625802227608766,
    "('V1', 'V10')": 14.539192131608138,
    "('V2', 'D1')": 10.792052158075037,
    "('V2', 'D2')": 4.560032408802888,
    "('V2', 'V1')": 4.7796871601974775,
    "('V2', 'V3')": 1.9869486640735203,
    "('V2', 'V4')": 7.0667887690163935,
    "('V2', 'V5')": 12.642664956227277,
    "('V2', 'V6')": 12.674597727287805,
    "('V2', 'V7')": 9.533333457097743,
    "('V2', 'V8')": 2.856150110998023,
    "('V2', 'V9')": 8.260205006333,
    "('V2', 'V10')": 10.068495017937659,
    "('V3', 'D1')": 9.172524729303266,
    "('V3', 'D2')": 6.248609479730132,
    "('V3', 'V1')": 4.453150716558497,
    "('V3', 'V2')": 1.9869486640735203,
    "('V3', 'V4')": 5.110811320491014,
    "('V3', 'V5')": 10.87923963126103,
    "('V3', 'V6')": 11.206051549904084,
    "('V3', 'V7')": 7.620567412566179,
    "('V3', 'V8')": 4.840995946658081,
    "('V3', 'V9')": 6.47191354222444,
    "('V3', 'V10')": 10.140113706681678,
    "('V4', 'D1')": 5.163443086435185,
    "('V4', 'D2')": 10.729242262940113,
    "('V4', 'V1')": 6.237203847547535,
    "('V4', 'V2')": 7.0667887690163935,
    "('V4', 'V3')": 5.110811320491014,
    "('V4', 'V5')": 7.838152123025006,
    "('V4', 'V6')": 9.503147765353878,
    "('V4', 'V7')": 2.5849454720003626,
    "('V4', 'V8')": 9.914674799210738,
    "('V4', 'V9')": 4.285095542773185,
    "('V4', 'V10')": 12.796624297207002,
    "('V5', 'D1')": 11.389503851660137,
    "('V5', 'D2')": 17.121889526230063,
    "('V5', 'V1')": 13.807658717526312,
    "('V5', 'V2')": 12.642664956227277,
    "('V5', 'V3')": 10.87923963126103,
    "('V5', 'V4')": 7.838152123025006,
    "('V5', 'V6')": 3.072411777232866,
    "('V5', 'V7')": 8.008917995922731,
    "('V5', 'V8')": 15.209531214474277,
    "('V5', 'V9')": 4.4075726101700905,
    "('V5', 'V10')": 11.759938075238043,
    "('V6', 'D1')": 13.786796437051596,
    "('V6', 'D2')": 17.233703122286325,
    "('V6', 'V1')": 14.844854307391335,
    "('V6', 'V2')": 12.674597727287805,
    "('V6', 'V3')": 11.206051549904084,
    "('V6', 'V4')": 9.503147765353878,
    "('V6', 'V5')": 3.072411777232866,
    "('V6', 'V7')": 10.336861184281037,
    "('V6', 'V8')": 14.901252816476552,
    "('V6', 'V9')": 5.309147571311085,
    "('V6', 'V10')": 9.411605085140343,
    "('V7', 'D1')": 3.4504590599470655,
    "('V7', 'D2')": 12.858988245601761,
    "('V7', 'V1')": 7.797704027407663,
    "('V7', 'V2')": 9.533333457097743,
    "('V7', 'V3')": 7.620567412566179,
    "('V7', 'V4')": 2.5849454720003626,
    "('V7', 'V5')": 8.008917995922731,
    "('V7', 'V6')": 10.336861184281037,
    "('V7', 'V8')": 12.35216345418989,
    "('V7', 'V9')": 5.723445999299961,
    "('V7', 'V10')": 15.065347512832,
    "('V8', 'D1')": 13.366119135860606,
    "('V8', 'D2')": 3.0636083636362614,
    "('V8', 'V1')": 6.52033616178814,
    "('V8', 'V2')": 2.856150110998023,
    "('V8', 'V3')": 4.840995946658081,
    "('V8', 'V4')": 9.914674799210738,
    "('V8', 'V5')": 15.209531214474277,
    "('V8', 'V6')": 14.901252816476552,
    "('V8', 'V7')": 12.35216345418989,
    "('V8', 'V9')": 10.898057058872181,
    "('V8', 'V10')": 10.472980426734209,
    "('V9', 'D1')": 9.061794780373466,
    "('V9', 'D2')": 12.716668074241872,
    "('V9', 'V1')": 9.625802227608766,
    "('V9', 'V2')": 8.260205006333,
    "('V9', 'V3')": 6.47191354222444,
    "('V9', 'V4')": 4.285095542773185,
    "('V9', 'V5')": 4.4075726101700905,
    "('V9', 'V6')": 5.309147571311085,
    "('V9', 'V7')": 5.723445999299961,
    "('V9', 'V8')": 10.898057058872181,
    "('V9', 'V10')": 9.801925149072481,
    "('V10', 'D1')": 17.94446790477415,
    "('V10', 'D2')": 13.526558959152704,
    "('V10', 'V1')": 14.539192131608138,
    "('V10', 'V2')": 10.068495017937659,
    "('V10', 'V3')": 10.140113706681678,
    "('V10', 'V4')": 12.796624297207002,
    "('V10', 'V5')": 11.759938075238043,
    "('V10', 'V6')": 9.411605085140343,
    "('V10', 'V7')": 15.065347512832,
    "('V10', 'V8')": 10.472980426734209,
    "('V10', 'V9')": 9.801925149072481
  },
  "truck_arcs": [
    {
      "p": "F1",
      "j": "D1",
      "cost": 19.051603608237716
    },
    {
      "p": "F1",
      "j": "D2",
      "cost": 10.968986383050476
    },
    {
      "p": "F2",
      "j": "D1",
      "cost": 11.80414724160623
    },
    {
      "p": "F2",
      "j": "D2",
      "cost": 7.477809464441813
    },
    {
      "p": "F3",
      "j": "D1",
      "cost": 17.018427876999926
    },
    {
      "p": "F3",
      "j": "D2",
      "cost": 8.381811375523057
    },
    {
      "p": "F4",
      "j": "D1",
      "cost": 19.24417890363021
    },
    {
      "p": "F4",
      "j": "D2",
      "cost": 18.86453912127834
    },
    {
      "p": "F5",
      "j": "D1",
      "cost": 8.431329476390756
    },
    {
      "p": "F5",
      "j": "D2",
      "cost": 17.064525812954308
    },
    {
      "p": "F6",
      "j": "D1",
      "cost": 19.950469468073045
    },
    {
      "p": "F6",
      "j": "D2",
      "cost": 21.555604195683262
    }
  ],
  "uav_arcs": [
    {
      "u": "D1",
      "v": "D2",
      "cost": 8.711722927751381
    },
    {
      "u": "D1",
      "v": "V1",
      "cost": 4.995127769717579
    },
    {
      "u": "D1",
      "v": "V2",
      "cost": 7.194701438716692
    },
    {
      "u": "D1",
      "v": "V3",
      "cost": 6.115016486202178
    },
    {
      "u": "D1",
      "v": "V4",
      "cost": 3.44229539095679
    },
    {
      "u": "D1",
      "v": "V5",
      "cost": 7.593002567773425
    },
    {
      "u": "D1",
      "v": "V6",
      "cost": 9.191197624701063
    },
    {
      "u": "D1",
      "v": "V7",
      "cost": 2.30030603996471
    },
    {
      "u": "D1",
      "v": "V8",
      "cost": 8.910746090573737
    },
    {
      "u": "D1",
      "v": "V9",
      "cost": 6.0411965202489775
    },
    {
      "u": "D1",
      "v": "V10",
      "cost": 11.962978603182767
    },
    {
      "u": "D2",
      "v": "D1",
      "cost": 8.711722927751381
    },
    {
      "u": "D2",
      "v": "V1",
      "cost": 3.7327998599636523
    },
    {
      "u": "D2",
      "v": "V2",
      "cost": 3.0400216058685925
    },
    {
      "u": "D2",
      "v": "V3",
      "cost": 4.165739653153421
    },
    {
      "u": "D2",
      "v": "V4",
      "cost": 7.152828175293409
    },
    {
      "u": "D2",
      "v": "V5",
      "cost": 11.414593017486709
    },
    {
      "u": "D2",
      "v": "V6",
      "cost": 11.48913541485755
    },
    {
      "u": "D2",
      "v": "V7",
      "cost": 8.572658830401174
    },
    {
      "u": "D2",
      "v": "V8",
      "cost": 2.0424055757575075
    },
    {
      "u": "D2",
      "v": "V9",
      "cost": 8.477778716161248
    },
    {
      "u": "D2",
      "v": "V10",
      "cost": 9.01770597276847
    },
    {
      "u": "V1",
      "v": "D1",
      "cost": 4.995127769717579
    },
    {
      "u": "V1",
      "v": "D2",
      "cost": 3.7327998599636523
    },
    {
      "u": "V1",
      "v": "V2",
      "cost": 3.1864581067983186
    },
    {
      "u": "V1",
      "v": "V3",
      "cost": 2.968767144372331
    },
    {
      "u": "V1",
      "v": "V4",
      "cost": 4.158135898365024
    },
    {
      "u": "V1",
      "v": "V5",
      "cost": 9.205105811684207
    },
    {
      "u": "V1",
      "v": "V6",
      "cost": 9.89656953826089
    },
    {
      "u": "V1",
      "v": "V7",
      "cost": 5.198469351605109
    },
    {
      "u": "V1",
      "v": "V8",
      "cost": 4.346890774525427
    },
    {
      "u": "V1",
      "v": "V9",
      "cost": 6.4172014850725105
    },
    {
      "u": "V1",
      "v": "V10",
      "cost": 9.692794754405424
    },
    {
      "u": "V2",
      "v": "D1",
      "cost": 7.194701438716692
    },
    {
      "u": "V2",
      "v": "D2",
      "cost": 3.0400216058685925
    },
    {
      "u": "V2",
      "v": "V1",
      "cost": 3.1864581067983186
    },
    {
      "u": "V2",
      "v": "V3",
      "cost": 1.3246324427156804
    },
    {
      "u": "V2",
      "v": "V4",
      "cost": 4.711192512677596
    },
    {
      "u": "V2",
      "v": "V5",
      "cost": 8.428443304151518
    },
    {
      "u": "V2",
      "v": "V6",
      "cost": 8.44973181819187
    },
    {
      "u": "V2",
      "v": "V7",
      "cost": 6.355555638065161
    },
    {
      "u": "V2",
      "v": "V8",
      "cost": 1.904100073998682
    },
    {
      "u": "V2",
      "v": "V9",
      "cost": 5.5068033375553345
    },
    {
      "u": "V2",
      "v": "V10",
      "cost": 6.712330011958439
    },
    {
      "u": "V3",
      "v": "D1",
      "cost": 6.115016486202178
    },
    {
      "u": "V3",
      "v": "D2",
      "cost": 4.165739653153421
    },
    {
      "u": "V3",
      "v": "V1",
      "cost": 2.968767144372331
    },
    {
      "u": "V3",
      "v": "V2",
      "cost": 1.3246324427156804
    },
    {
      "u": "V3",
      "v": "V4",
      "cost": 3.4072075469940093
    },
    {
      "u": "V3",
      "v": "V5",
      "cost": 7.2528264208406865
    },
    {
      "u": "V3",
      "v": "V6",
      "cost": 7.470701033269389
    },
    {
      "u": "V3",
      "v": "V7",
      "cost": 5.0803782750441195
    },
    {
      "u": "V3",
      "v": "V8",
      "cost": 3.2273306311053878
    },
    {
      "u": "V3",
      "v": "V9",
      "cost": 4.314609028149627
    },
    {
      "u": "V3",
      "v": "V10",
      "cost": 6.760075804454451
    },
    {
      "u": "V4",
      "v": "D1",
      "cost": 3.44229539095679
    },
    {
      "u": "V4",
      "v": "D2",
      "cost": 7.152828175293409
    },
    {
      "u": "V4",
      "v": "V1",
      "cost": 4.158135898365024
    },
    {
      "u": "V4",
      "v": "V2",
      "cost": 4.711192512677596
    },
    {
      "u": "V4",
      "v": "V3",
      "cost": 3.4072075469940093
    },
    {
      "u": "V4",
      "v": "V5",
      "cost": 5.2254347486833375
    },
    {
      "u": "V4",
      "v": "V6",
      "cost": 6.3354318435692525
    },
    {
      "u": "V4",
      "v": "V7",
      "cost": 1.723296981333575
    },
    {
      "u": "V4",
      "v": "V8",
      "cost": 6.609783199473825
    },
    {
      "u": "V4",
      "v": "V9",
      "cost": 2.85673036184879
    },
    {
      "u": "V4",
      "v": "V10",
      "cost": 8.531082864804668
    },
    {
      "u": "V5",
      "v": "D1",
      "cost": 7.593002567773425
    },
    {
      "u": "V5",
      "v": "D2",
      "cost": 11.414593017486709
    },
    {
      "u": "V5",
      "v": "V1",
      "cost": 9.205105811684207
    },
    {
      "u": "V5",
      "v": "V2",
      "cost": 8.428443304151518
    },
    {
      "u": "V5",
      "v": "V3",
      "cost": 7.2528264208406865
    },
    {
      "u": "V5",
      "v": "V4",
      "cost": 5.2254347486833375
    },
    {
      "u": "V5",
      "v": "V6",
      "cost": 2.0482745181552438
    },
    {
      "u": "V5",
      "v": "V7",
      "cost": 5.3392786639484875
    },
    {
      "u": "V5",
      "v": "V8",
      "cost": 10.139687476316183
    },
    {
      "u": "V5",
      "v": "V9",
      "cost": 2.9383817401133934
    },
    {
      "u": "V5",
      "v": "V10",
      "cost": 7.839958716825362
    },
    {
      "u": "V6",
      "v": "D1",
      "cost": 9.191197624701063
    },
    {
      "u": "V6",
      "v": "D2",
      "cost": 11.48913541485755
    },
    {
      "u": "V6",
      "v": "V1",
      "cost": 9.89656953826089
    },
    {
      "u": "V6",
      "v": "V2",
      "cost": 8.44973181819187
    },
    {
      "u": "V6",
      "v": "V3",
      "cost": 7.470701033269389
    },
    {
      "u": "V6",
      "v": "V4",
      "cost": 6.3354318435692525
    },
    {
      "u": "V6",
      "v": "V5",
      "cost": 2.0482745181552438
    },
    {
      "u": "V6",
      "v": "V7",
      "cost": 6.891240789520691
    },
    {
      "u": "V6",
      "v": "V8",
      "cost": 9.934168544317702
    },
    {
      "u": "V6",
      "v": "V9",
      "cost": 3.53943171420739
    },
    {
      "u": "V6",
      "v": "V10",
      "cost": 6.274403390093562
    },
    {
      "u": "V7",
      "v": "D1",
      "cost": 2.30030603996471
    },
    {
      "u": "V7",
      "v": "D2",
      "cost": 8.572658830401174
    },
    {
      "u": "V7",
      "v": "V1",
      "cost": 5.198469351605109
    },
    {
      "u": "V7",
      "v": "V2",
      "cost": 6.355555638065161
    },
    {
      "u": "V7",
      "v": "V3",
      "cost": 5.0803782750441195
    },
    {
      "u": "V7",
      "v": "V4",
      "cost": 1.723296981333575
    },
    {
      "u": "V7",
      "v": "V5",
      "cost": 5.3392786639484875
    },
    {
      "u": "V7",
      "v": "V6",
      "cost": 6.891240789520691
    },
    {
      "u": "V7",
      "v": "V8",
      "cost": 8.234775636126594
    },
    {
      "u": "V7",
      "v": "V9",
      "cost": 3.815630666199974
    },
    {
      "u": "V7",
      "v": "V10",
      "cost": 10.043565008554665
    },
    {
      "u": "V8",
      "v": "D1",
      "cost": 8.910746090573737
    },
    {
      "u": "V8",
      "v": "D2",
      "cost": 2.0424055757575075
    },
    {
      "u": "V8",
      "v": "V1",
      "cost": 4.346890774525427
    },
    {
      "u": "V8",
      "v": "V2",
      "cost": 1.904100073998682
    },
    {
      "u": "V8",
      "v": "V3",
      "cost": 3.2273306311053878
    },
    {
      "u": "V8",
      "v": "V4",
      "cost": 6.609783199473825
    },
    {
      "u": "V8",
      "v": "V5",
      "cost": 10.139687476316183
    },
    {
      "u": "V8",
      "v": "V6",
      "cost": 9.934168544317702
    },
    {
      "u": "V8",
      "v": "V7",
      "cost": 8.234775636126594
    },
    {
      "u": "V8",
      "v": "V9",
      "cost": 7.265371372581455
    },
    {
      "u": "V8",
      "v": "V10",
      "cost": 6.98198695115614
    },
    {
      "u": "V9",
      "v": "D1",
      "cost": 6.0411965202489775
    },
    {
      "u": "V9",
      "v": "D2",
      "cost": 8.477778716161248
    },
    {
      "u": "V9",
      "v": "V1",
      "cost": 6.4172014850725105
    },
    {
      "u": "V9",
      "v": "V2",
      "cost": 5.5068033375553345
    },
    {
      "u": "V9",
      "v": "V3",
      "cost": 4.314609028149627
    },
    {
      "u": "V9",
      "v": "V4",
      "cost": 2.85673036184879
    },
    {
      "u": "V9",
      "v": "V5",
      "cost": 2.9383817401133934
    },
    {
      "u": "V9",
      "v": "V6",
      "cost": 3.53943171420739
    },
    {
      "u": "V9",
      "v": "V7",
      "cost": 3.815630666199974
    },
    {
      "u": "V9",
      "v": "V8",
      "cost": 7.265371372581455
    },
    {
      "u": "V9",
      "v": "V10",
      "cost": 6.5346167660483205
    },
    {
      "u": "V10",
      "v": "D1",
      "cost": 11.962978603182767
    },
    {
      "u": "V10",
      "v": "D2",
      "cost": 9.01770597276847
    },
    {
      "u": "V10",
      "v": "V1",
      "cost": 9.692794754405424
    },
    {
      "u": "V10",
      "v": "V2",
      "cost": 6.712330011958439
    },
    {
      "u": "V10",
      "v": "V3",
      "cost": 6.760075804454451
    },
    {
      "u": "V10",
      "v": "V4",
      "cost": 8.531082864804668
    },
    {
      "u": "V10",
      "v": "V5",
      "cost": 7.839958716825362
    },
    {
      "u": "V10",
      "v": "V6",
      "cost": 6.274403390093562
    },
    {
      "u": "V10",
      "v": "V7",
      "cost": 10.043565008554665
    },
    {
      "u": "V10",
      "v": "V8",
      "cost": 6.98198695115614
    },
    {
      "u": "V10",
      "v": "V9",
      "cost": 6.5346167660483205
    }
  ],
  "number_of_uav": null
}