{
  "n_center": 2,
  "n_community": 10,
  "n_warehouse": 6,
  "set_F": [
    "F1",
    "F2",
    "F3",
    "F4",
    "F5",
    "F6"
  ],
  "set_D": [
    "D1",
    "D2"
  ],
  "set_V": [
    "V1",
    "V2",
    "V3",
    "V4",
    "V5",
    "V6",
    "V7",
    "V8",
    "V9",
    "V10"
  ],
  "set_A": [
    "('F1', 'D1')",
    "('F1', 'D2')",
    "('F2', 'D1')",
    "('F2', 'D2')",
    "('F3', 'D1')",
    "('F3', 'D2')",
    "('F4', 'D1')",
    "('F4', 'D2')",
    "('F5', 'D1')",
    "('F5', 'D2')",
    "('F6', 'D1')",
    "('F6', 'D2')",
    "('D1', 'D2')",
    "('D1', 'V1')",
    "('D1', 'V2')",
    "('D1', 'V3')",
    "('D1', 'V4')",
    "('D1', 'V5')",
    "('D1', 'V6')",
    "('D1', 'V7')",
    "('D1', 'V8')",
    "('D1', 'V9')",
    "('D1', 'V10')",
    "('D2', 'D1')",
    "('D2', 'V1')",
    "('D2', 'V2')",
    "('D2', 'V3')",
    "('D2', 'V4')",
    "('D2', 'V5')",
    "('D2', 'V6')",
    "('D2', 'V7')",
    "('D2', 'V8')",
    "('D2', 'V9')",
    "('D2', 'V10')",
    "('V1', 'D1')",
    "('V1', 'D2')",
    "('V1', 'V2')",
    "('V1', 'V3')",
    "('V1', 'V4')",
    "('V1', 'V5')",
    "('V1', 'V6')",
    "('V1', 'V7')",
    "('V1', 'V8')",
    "('V1', 'V9')",
    "('V1', 'V10')",
    "('V2', 'D1')",
    "('V2', 'D2')",
    "('V2', 'V1')",
    "('V2', 'V3')",
    "('V2', 'V4')",
    "('V2', 'V5')",
    "('V2', 'V6')",
    "('V2', 'V7')",
    "('V2', 'V8')",
    "('V2', 'V9')",
    "('V2', 'V10')",
    "('V3', 'D1')",
    "('V3', 'D2')",
    "('V3', 'V1')",
    "('V3', 'V2')",
    "('V3', 'V4')",
    "('V3', 'V5')",
    "('V3', 'V6')",
    "('V3', 'V7')",
    "('V3', 'V8')",
    "('V3', 'V9')",
    "('V3', 'V10')",
    "('V4', 'D1')",
    "('V4', 'D2')",
    "('V4', 'V1')",
    "('V4', 'V2')",
    "('V4', 'V3')",
    "('V4', 'V5')",
    "('V4', 'V6')",
    "('V4', 'V7')",
    "('V4', 'V8')",
    "('V4', 'V9')",
    "('V4', 'V10')",
    "('V5', 'D1')",
    "('V5', 'D2')",
    "('V5', 'V1')",
    "('V5', 'V2')",
    "('V5', 'V3')",
    "('V5', 'V4')",
    "('V5', 'V6')",
    "('V5', 'V7')",
    "('V5', 'V8')",
    "('V5', 'V9')",
    "('V5', 'V10')",
    "('V6', 'D1')",
    "('V6', 'D2')",
    "('V6', 'V1')",
    "('V6', 'V2')",
    "('V6', 'V3')",
    "('V6', 'V4')",
    "('V6', 'V5')",
    "('V6', 'V7')",
    "('V6', 'V8')",
    "('V6', 'V9')",
    "('V6', 'V10')",
    "('V7', 'D1')",
    "('V7', 'D2')",
    "('V7', 'V1')",
    "('V7', 'V2')",
    "('V7', 'V3')",
    "('V7', 'V4')",
    "('V7', 'V5')",
    "('V7', 'V6')",
    "('V7', 'V8')",
    "('V7', 'V9')",
    "('V7', 'V10')",
    "('V8', 'D1')",
    "('V8', 'D2')",
    "('V8', 'V1')",
    "('V8', 'V2')",
    "('V8', 'V3')",
    "('V8', 'V4')",
    "('V8', 'V5')",
    "('V8', 'V6')",
    "('V8', 'V7')",
    "('V8', 'V9')",
    "('V8', 'V10')",
    "('V9', 'D1')",
    "('V9', 'D2')",
    "('V9', 'V1')",
    "('V9', 'V2')",
    "('V9', 'V3')",
    "('V9', 'V4')",
    "('V9', 'V5')",
    "('V9', 'V6')",
    "('V9', 'V7')",
    "('V9', 'V8')",
    "('V9', 'V10')",
    "('V10', 'D1')",
    "('V10', 'D2')",
    "('V10', 'V1')",
    "('V10', 'V2')",
    "('V10', 'V3')",
    "('V10', 'V4')",
    "('V10', 'V5')",
    "('V10', 'V6')",
    "('V10', 'V7')",
    "('V10', 'V8')",
    "('V10', 'V9')"
  ],
  "set_L": [
    "L1",
    "L2",
    "L3",
    "L4",
    "L5"
  ],
  "set_T": [
    "T1",
    "T2",
    "T3",
    "T4",
    "T5",
    "T6",
    "T7",
    "T8"
  ],
  "set_U": [
    "U1",
    "U2",
    "U3",
    "U4",
    "U5",
    "U6",
    "U7",
    "U8",
    "U9",
    "U10"
  ],
  "par_d": {
    "V1": 14,
    "V2": 13,
    "V3": 29,
    "V4": 13,
    "V5": 38,
    "V6": 11,
    "V7": 39,
    "V8": 24,
    "V9": 13,
    "V10": 6
  },
  "par_r": 173,
  "par_n": 250,
  "par_h": 50,
  "par_m": 180,
  "par_v": 21,
  "par_l": {
    "L1": 132,
    "L2": 144,
    "L3": 156,
    "L4": 168,
    "L5": 180
  },
  "par_f": {
    "D1": 78.0,
    "D2": 96.0
  },
  "par_o_items": [
    {
      "j": "D1",
      "l": "L1",
      "value": 49.0
    },
    {
      "j": "D1",
      "l": "L2",
      "value": 53.0
    },
    {
      "j": "D1",
      "l": "L3",
      "value": 56.0
    },
    {
      "j": "D1",
      "l": "L4",
      "value": 60.0
    },
    {
      "j": "D1",
      "l": "L5",
      "value": 64.0
    },
    {
      "j": "D2",
      "l": "L1",
      "value": 49.0
    },
    {
      "j": "D2",
      "l": "L2",
      "value": 53.0
    },
    {
      "j": "D2",
      "l": "L3",
      "value": 56.0
    },
    {
      "j": "D2",
      "l": "L4",
      "value": 60.0
    },
    {
      "j": "D2",
      "l": "L5",
      "value": 64.0
    }
  ],
  "par_s_items": [
    {
      "j": "D1",
      "l": "L1",
      "value": 132.0
    },
    {
      "j": "D1",
      "l": "L2",
      "value": 144.0
    },
    {
      "j": "D1",
      "l": "L3",
      "value": 156.0
    },
    {
      "j": "D1",
      "l": "L4",
      "value": 168.0
    },
    {
      "j": "D1",
      "l": "L5",
      "value": 180.0
    },
    {
      "j": "D2",
      "l": "L1",
      "value": 132.0
    },
    {
      "j": "D2",
      "l": "L2",
      "value": 144.0
    },
    {
      "j": "D2",
      "l": "L3",
      "value": 156.0
    },
    {
      "j": "D2",
      "l": "L4",
      "value": 168.0
    },
    {
      "j": "D2",
      "l": "L5",
      "value": 180.0
    }
  ],
  "par_t": 200.0,
  "par_c": {
    "('F1', 'D1')": 13.709607523793494,
    "('F1', 'D2')": 20.947403500056712,
    "('F2', 'D1')": 10.672157526982687,
    "('F2', 'D2')": 12.33601104211324,
    "('F3', 'D1')": 19.32208193334167,
    "('F3', 'D2')": 18.070858869795863,
    "('F4', 'D1')": 16.621713099442715,
    "('F4', 'D2')": 6.922733516104358,
    "('F5', 'D1')": 10.929241387725503,
    "('F5', 'D2')": 19.845431659055535,
    "('F6', 'D1')": 19.428966708843987,
    "('F6', 'D2')": 15.016685758216793,
    "('D1', 'D2')": 10.455519388448868,
    "('D1', 'V1')": 3.84266842326969,
    "('D1', 'V2')": 8.13574299945835,
    "('D1', 'V3')": 10.59602771547953,
    "('D1', 'V4')": 7.205128715463621,
    "('D1', 'V5')": 2.328934814508161,
    "('D1', 'V6')": 6.203080882441187,
    "('D1', 'V7')": 10.741692594524705,
    "('D1', 'V8')": 9.675423688845017,
    "('D1', 'V9')": 5.9654357231607475,
    "('D1', 'V10')": 6.227504794965251,
    "('D2', 'D1')": 10.455519388448868,
    "('D2', 'V1')": 6.798447214029338,
    "('D2', 'V2')": 10.567729296828094,
    "('D2', 'V3')": 7.898286895462298,
    "('D2', 'V4')": 3.683241843660297,
    "('D2', 'V5')": 8.2491232598788,
    "('D2', 'V6')": 7.8676541639577495,
    "('D2', 'V7')": 3.854424248703023,
    "('D2', 'V8')": 10.999440687001893,
    "('D2', 'V9')": 4.846286104827633,
    "('D2', 'V10')": 5.7725145007870315,
    "('V1', 'D1')": 3.84266842326969,
    "('V1', 'D2')": 6.798447214029338,
    "('V1', 'V2')": 8.516882965996931,
    "('V1', 'V3')": 9.183012786813917,
    "('V1', 'V4')": 4.099545705502904,
    "('V1', 'V5')": 2.194605878725466,
    "('V1', 'V6')": 5.610304072284145,
    "('V1', 'V7')": 7.917563256097882,
    "('V1', 'V8')": 9.797294168115483,
    "('V1', 'V9')": 2.124540058952796,
    "('V1', 'V10')": 4.272531542226032,
    "('V2', 'D1')": 8.13574299945835,
    "('V2', 'D2')": 10.567729296828094,
    "('V2', 'V1')": 8.516882965996931,
    "('V2', 'V3')": 4.564444880500903,
    "('V2', 'V4')": 7.308227455240893,
    "('V2', 'V5')": 6.928384085933488,
    "('V2', 'V6')": 3.0796640906345814,
    "('V2', 'V7')": 7.907009656859791,
    "('V2', 'V8')": 1.5662589548551742,
    "('V2', 'V9')": 9.325544105752499,
    "('V2', 'V10')": 5.204985608620308,
    "('V3', 'D1')": 10.59602771547953,
    "('V3', 'D2')": 7.898286895462298,
    "('V3', 'V1')": 9.183012786813917,
    "('V3', 'V2')": 4.564444880500903,
    "('V3', 'V4')": 5.963996834367821,
    "('V3', 'V5')": 8.599161746609964,
    "('V3', 'V6')": 4.438152195313882,
    "('V3', 'V7')": 4.287196966170052,
    "('V3', 'V8')": 3.97928544390551,
    "('V3', 'V9')": 8.922563793749882,
    "('V3', 'V10')": 4.911011128463227,
    "('V4', 'D1')": 7.205128715463621,
    "('V4', 'D2')": 3.683241843660297,
    "('V4', 'V1')": 4.099545705502904,
    "('V4', 'V2')": 7.308227455240893,
    "('V4', 'V3')": 5.963996834367821,
    "('V4', 'V5')": 4.889531732613754,
    "('V4', 'V6')": 4.367588155220217,
    "('V4', 'V7')": 3.8215499962101185,
    "('V4', 'V8')": 8.053932010578684,
    "('V4', 'V9')": 3.0677630082615304,
    "('V4', 'V10')": 2.1808746740724274,
    "('V5', 'D1')": 2.328934814508161,
    "('V5', 'D2')": 8.2491232598788,
    "('V5', 'V1')": 2.194605878725466,
    "('V5', 'V2')": 6.928384085933488,
    "('V5', 'V3')": 8.599161746609964,
    "('V5', 'V4')": 4.889531732613754,
    "('V5', 'V6')": 4.4052966530922495,
    "('V5', 'V7')": 8.421486029735629,
    "('V5', 'V8')": 8.356487610393275,
    "('V5', 'V9')": 4.109732716555773,
    "('V5', 'V10')": 3.97491629078477,
    "('V6', 'D1')": 6.203080882441187,
    "('V6', 'D2')": 7.8676541639577495,
    "('V6', 'V1')": 5.610304072284145,
    "('V6', 'V2')": 3.0796640906345814,
    "('V6', 'V3')": 4.438152195313882,
    "('V6', 'V4')": 4.367588155220217,
    "('V6', 'V5')": 4.4052966530922495,
    "('V6', 'V7')": 5.983448541554702,
    "('V6', 'V8')": 4.202460915394674,
    "('V6', 'V9')": 6.251609338642187,
    "('V6', 'V10')": 2.1952567654719606,
    "('V7', 'D1')": 10.741692594524705,
    "('V7', 'D2')": 3.854424248703023,
    "('V7', 'V1')": 7.917563256097882,
    "('V7', 'V2')": 7.907009656859791,
    "('V7', 'V3')": 4.287196966170052,
    "('V7', 'V4')": 3.8215499962101185,
    "('V7', 'V5')": 8.421486029735629,
    "('V7', 'V6')": 5.983448541554702,
    "('V7', 'V8')": 7.909498609997788,
    "('V7', 'V9')": 6.702176966086348,
    "('V7', 'V10')": 4.63250627003281,
    "('V8', 'D1')": 9.675423688845017,
    "('V8', 'D2')": 10.999440687001893,
    "('V8', 'V1')": 9.797294168115483,
    "('V8', 'V2')": 1.5662589548551742,
    "('V8', 'V3')": 3.97928544390551,
    "('V8', 'V4')": 8.053932010578684,
    "('V8', 'V5')": 8.356487610393275,
    "('V8', 'V6')": 4.202460915394674,
    "('V8', 'V7')": 7.909498609997788,
    "('V8', 'V9')": 10.387567904171265,
    "('V8', 'V10')": 6.10973592352452,
    "('V9', 'D1')": 5.9654357231607475,
    "('V9', 'D2')": 4.846286104827633,
    "('V9', 'V1')": 2.124540058952796,
    "('V9', 'V2')": 9.325544105752499,
    "('V9', 'V3')": 8.922563793749882,
    "('V9', 'V4')": 3.0677630082615304,
    "('V9', 'V5')": 4.109732716555773,
    "('V9', 'V6')": 6.251609338642187,
    "('V9', 'V7')": 6.702176966086348,
    "('V9', 'V8')": 10.387567904171265,
    "('V9', 'V10')": 4.321757320136603,
    "('V10', 'D1')": 6.227504794965251,
    "('V10', 'D2')": 5.7725145007870315,
    "('V10', 'V1')": 4.272531542226032,
    "('V10', 'V2')": 5.204985608620308,
    "('V10', 'V3')": 4.911011128463227,
    "('V10', 'V4')": 2.1808746740724274,
    "('V10', 'V5')": 3.97491629078477,
    "('V10', 'V6')": 2.1952567654719606,
    "('V10', 'V7')": 4.63250627003281,
    "('V10', 'V8')": 6.10973592352452,
    "('V10', 'V9')": 4.321757320136603
  },
  "par_a": [
    132,
    144,
    156,
    168,
    180
  ],
  "_distance": {
    "('F1', 'F1')": 0.0,
    "('F1', 'F2')": 24.270850011683223,
    "('F1', 'F3')": 15.40707405119479,
    "('F1', 'F4')": 27.87013694622882,
    "('F1', 'F5')": 4.507172524116402,
    "('F1', 'F6')": 19.48900562950596,
    "('F1', 'D1')": 13.709607523793494,
    "('F1', 'D2')": 20.947403500056712,
    "('F1', 'V1')": 16.605751228249197,
    "('F1', 'V2')": 10.753366565412913,
    "('F1', 'V3')": 15.08515294921823,
    "('F1', 'V4')": 17.35884110464211,
    "('F1', 'V5')": 14.416138342738407,
    "('F1', 'V6')": 13.08418573271598,
    "('F1', 'V7')": 18.649611761645737,
    "('F1', 'V8')": 11.120509733931048,
    "('F1', 'V9')": 18.29645017240171,
    "('F1', 'V10')": 15.19481111773493,
    "('F2', 'F1')": 24.270850011683223,
    "('F2', 'F2')": 0.0,
    "('F2', 'F3')": 28.233417738447272,
    "('F2', 'F4')": 14.168847594136393,
    "('F2', 'F5')": 20.97417814187677,
    "('F2', 'F6')": 26.599126029353034,
    "('F2', 'D1')": 10.672157526982687,
    "('F2', 'D2')": 12.33601104211324,
    "('F2', 'V1')": 9.173865631801688,
    "('F2', 'V2')": 17.66181102119054,
    "('F2', 'V3')": 17.987624731337238,
    "('F2', 'V4')": 12.115515471771863,
    "('F2', 'V5')": 10.841383829645297,
    "('F2', 'V6')": 14.782285542252609,
    "('F2', 'V7')": 15.447492527863927,
    "('F2', 'V8')": 18.97057611871299,
    "('F2', 'V9')": 9.074495254522036,
    "('F2', 'V10')": 13.225350525349715,
    "('F3', 'F1')": 15.40707405119479,
    "('F3', 'F2')": 28.233417738447272,
    "('F3', 'F3')": 0.0,
    "('F3', 'F4')": 23.4293783545728,
    "('F3', 'F5')": 18.472775932085163,
    "('F3', 'F6')": 5.828957999432006,
    "('F3', 'D1')": 19.32208193334167,
    "('F3', 'D2')": 18.070858869795863,
    "('F3', 'V1')": 19.140008456128548,
    "('F3', 'V2')": 11.187361827850935,
    "('F3', 'V3')": 10.453444131689311,
    "('F3', 'V4')": 16.39574275912732,
    "('F3', 'V5')": 17.940025557734455,
    "('F3', 'V6')": 13.594721351503852,
    "('F3', 'V7')": 14.22437883227623,
    "('F3', 'V8')": 9.65065790621041,
    "('F3', 'V9')": 19.261553365365504,
    "('F3', 'V10')": 15.010589981868899,
    "('F4', 'F1')": 27.87013694622882,
    "('F4', 'F2')": 14.168847594136393,
    "('F4', 'F3')": 23.4293783545728,
    "('F4', 'F4')": 0.0,
    "('F4', 'F5')": 26.650177800809562,
    "('F4', 'F6')": 19.167886682131392,
    "('F4', 'D1')": 16.621713099442715,
    "('F4', 'D2')": 6.922733516104358,
    "('F4', 'V1')": 12.779308634896562,
    "('F4', 'V2')": 17.415564251579315,
    "('F4', 'V3')": 14.167631371221814,
    "('F4', 'V4')": 10.554860453419174,
    "('F4', 'V5')": 14.656098038905537,
    "('F4', 'V6')": 14.789074755911441,
    "('F4', 'V7')": 9.887019471263313,
    "('F4', 'V8')": 17.69271364169057,
    "('F4', 'V9')": 10.656563808877658,
    "('F4', 'V10')": 12.687407005523808,
    "('F5', 'F1')": 4.507172524116402,
    "('F5', 'F2')": 20.97417814187677,
    "('F5', 'F3')": 18.472775932085163,
    "('F5', 'F4')": 26.650177800809562,
    "('F5', 'F5')": 0.0,
    "('F5', 'F6')": 21.663801817934875,
    "('F5', 'D1')": 10.929241387725503,
    "('F5', 'D2')": 19.845431659055535,
    "('F5', 'V1')": 14.399673333360306,
    "('F5', 'V2')": 10.94668389258957,
    "('F5', 'V3')": 15.509025223843002,
    "('F5', 'V4')": 16.16234452922131,
    "('F5', 'V5')": 12.252555857115688,
    "('F5', 'V6')": 12.34967551652864,
    "('F5', 'V7')": 18.312579756170578,
    "('F5', 'V8')": 11.882844535442771,
    "('F5', 'V9')": 16.352126091007538,
    "('F5', 'V10')": 14.156933651364891,
    "('F6', 'F1')": 19.48900562950596,
    "('F6', 'F2')": 26.599126029353034,
    "('F6', 'F3')": 5.828957999432006,
    "('F6', 'F4')": 19.167886682131392,
    "('F6', 'F5')": 21.663801817934875,
    "('F6', 'F6')": 0.0,
    "('F6', 'D1')": 19.428966708843987,
    "('F6', 'D2')": 15.016685758216793,
    "('F6', 'V1')": 18.094985763038867,
    "('F6', 'V2')": 11.958034349492944,
    "('F6', 'V3')": 8.955830647189801,
    "('F6', 'V4')": 14.503070276882864,
    "('F6', 'V5')": 17.533275510863835,
    "('F6', 'V6')": 13.22876484269349,
    "('F6', 'V7')": 11.316765992473956,
    "('F6', 'V8')": 10.485327384562074,
    "('F6', 'V9')": 17.569056550563626,
    "('F6', 'V10')": 13.840422359165824,
    "('D1', 'F1')": 13.709607523793494,
    "('D1', 'F2')": 10.672157526982687,
    "('D1', 'F3')": 19.32208193334167,
    "('D1', 'F4')": 16.621713099442715,
    "('D1', 'F5')": 10.929241387725503,
    "('D1', 'F6')": 19.428966708843987,
    "('D1', 'D1')": 0.0,
    "('D1', 'D2')": 10.455519388448868,
    "('D1', 'V1')": 3.84266842326969,
    "('D1', 'V2')": 8.13574299945835,
    "('D1', 'V3')": 10.59602771547953,
    "('D1', 'V4')": 7.205128715463621,
    "('D1', 'V5')": 2.328934814508161,
    "('D1', 'V6')": 6.203080882441187,
    "('D1', 'V7')": 10.741692594524705,
    "('D1', 'V8')": 9.675423688845017,
    "('D1', 'V9')": 5.9654357231607475,
    "('D1', 'V10')": 6.227504794965251,
    "('D2', 'F1')": 20.947403500056712,
    "('D2', 'F2')": 12.33601104211324,
    "('D2', 'F3')": 18.070858869795863,
    "('D2', 'F4')": 6.922733516104358,
    "('D2', 'F5')": 19.845431659055535,
    "('D2', 'F6')": 15.016685758216793,
    "('D2', 'D1')": 10.455519388448868,
    "('D2', 'D2')": 0.0,
    "('D2', 'V1')": 6.798447214029338,
    "('D2', 'V2')": 10.567729296828094,
    "('D2', 'V3')": 7.898286895462298,
    "('D2', 'V4')": 3.683241843660297,
    "('D2', 'V5')": 8.2491232598788,
    "('D2', 'V6')": 7.8676541639577495,
    "('D2', 'V7')": 3.854424248703023,
    "('D2', 'V8')": 10.999440687001893,
    "('D2', 'V9')": 4.846286104827633,
    "('D2', 'V10')": 5.7725145007870315,
    "('V1', 'F1')": 16.605751228249197,
    "('V1', 'F2')": 9.173865631801688,
    "('V1', 'F3')": 19.140008456128548,
    "('V1', 'F4')": 12.779308634896562,
    "('V1', 'F5')": 14.399673333360306,
    "('V1', 'F6')": 18.094985763038867,
    "('V1', 'D1')": 3.84266842326969,
    "('V1', 'D2')": 6.798447214029338,
    "('V1', 'V1')": 0.0,
    "('V1', 'V2')": 8.516882965996931,
    "('V1', 'V3')": 9.183012786813917,
    "('V1', 'V4')": 4.099545705502904,
    "('V1', 'V5')": 2.194605878725466,
    "('V1', 'V6')": 5.610304072284145,
    "('V1', 'V7')": 7.917563256097882,
    "('V1', 'V8')": 9.797294168115483,
    "('V1', 'V9')": 2.124540058952796,
    "('V1', 'V10')": 4.272531542226032,
    "('V2', 'F1')": 10.753366565412913,
    "('V2', 'F2')": 17.66181102119054,
    "('V2', 'F3')": 11.187361827850935,
    "('V2', 'F4')": 17.415564251579315,
    "('V2', 'F5')": 10.94668389258957,
    "('V2', 'F6')": 11.958034349492944,
    "('V2', 'D1')": 8.13574299945835,
    "('V2', 'D2')": 10.567729296828094,
    "('V2', 'V1')": 8.516882965996931,
    "('V2', 'V2')": 0.0,
    "('V2', 'V3')": 4.564444880500903,
    "('V2', 'V4')": 7.308227455240893,
    "('V2', 'V5')": 6.928384085933488,
    "('V2', 'V6')": 3.0796640906345814,
    "('V2', 'V7')": 7.907009656859791,
    "('V2', 'V8')": 1.5662589548551742,
    "('V2', 'V9')": 9.325544105752499,
    "('V2', 'V10')": 5.204985608620308,
    "('V3', 'F1')": 15.08515294921823,
    "('V3', 'F2')": 17.987624731337238,
    "('V3', 'F3')": 10.453444131689311,
    "('V3', 'F4')": 14.167631371221814,
    "('V3', 'F5')": 15.509025223843002,
    "('V3', 'F6')": 8.955830647189801,
    "('V3', 'D1')": 10.59602771547953,
    "('V3', 'D2')": 7.898286895462298,
    "('V3', 'V1')": 9.183012786813917,
    "('V3', 'V2')": 4.564444880500903,
    "('V3', 'V3')": 0.0,
    "('V3', 'V4')": 5.963996834367821,
    "('V3', 'V5')": 8.599161746609964,
    "('V3', 'V6')": 4.438152195313882,
    "('V3', 'V7')": 4.287196966170052,
    "('V3', 'V8')": 3.97928544390551,
    "('V3', 'V9')": 8.922563793749882,
    "('V3', 'V10')": 4.911011128463227,
    "('V4', 'F1')": 17.35884110464211,
    "('V4', 'F2')": 12.115515471771863,
    "('V4', 'F3')": 16.39574275912732,
    "('V4', 'F4')": 10.554860453419174,
    "('V4', 'F5')": 16.16234452922131,
    "('V4', 'F6')": 14.503070276882864,
    "('V4', 'D1')": 7.205128715463621,
    "('V4', 'D2')": 3.683241843660297,
    "('V4', 'V1')": 4.099545705502904,
    "('V4', 'V2')": 7.308227455240893,
    "('V4', 'V3')": 5.963996834367821,
    "('V4', 'V4')": 0.0,
    "('V4', 'V5')": 4.889531732613754,
    "('V4', 'V6')": 4.367588155220217,
    "('V4', 'V7')": 3.8215499962101185,
    "('V4', 'V8')": 8.053932010578684,
    "('V4', 'V9')": 3.0677630082615304,
    "('V4', 'V10')": 2.1808746740724274,
    "('V5', 'F1')": 14.416138342738407,
    "('V5', 'F2')": 10.841383829645297,
    "('V5', 'F3')": 17.940025557734455,
    "('V5', 'F4')": 14.656098038905537,
    "('V5', 'F5')": 12.252555857115688,
    "('V5', 'F6')": 17.533275510863835,
    "('V5', 'D1')": 2.328934814508161,
    "('V5', 'D2')": 8.2491232598788,
    "('V5', 'V1')": 2.194605878725466,
    "('V5', 'V2')": 6.928384085933488,
    "('V5', 'V3')": 8.599161746609964,
    "('V5', 'V4')": 4.889531732613754,
    "('V5', 'V5')": 0.0,
    "('V5', 'V6')": 4.4052966530922495,
    "('V5', 'V7')": 8.421486029735629,
    "('V5', 'V8')": 8.356487610393275,
    "('V5', 'V9')": 4.109732716555773,
    "('V5', 'V10')": 3.97491629078477,
    "('V6', 'F1')": 13.08418573271598,
    "('V6', 'F2')": 14.782285542252609,
    "('V6', 'F3')": 13.594721351503852,
    "('V6', 'F4')": 14.789074755911441,
    "('V6', 'F5')": 12.34967551652864,
    "('V6', 'F6')": 13.22876484269349,
    "('V6', 'D1')": 6.203080882441187,
    "('V6', 'D2')": 7.8676541639577495,
    "('V6', 'V1')": 5.610304072284145,
    "('V6', 'V2')": 3.0796640906345814,
    "('V6', 'V3')": 4.438152195313882,
    "('V6', 'V4')": 4.367588155220217,
    "('V6', 'V5')": 4.4052966530922495,
    "('V6', 'V6')": 0.0,
    "('V6', 'V7')": 5.983448541554702,
    "('V6', 'V8')": 4.202460915394674,
    "('V6', 'V9')": 6.251609338642187,
    "('V6', 'V10')": 2.1952567654719606,
    "('V7', 'F1')": 18.649611761645737,
    "('V7', 'F2')": 15.447492527863927,
    "('V7', 'F3')": 14.22437883227623,
    "('V7', 'F4')": 9.887019471263313,
    "('V7', 'F5')": 18.312579756170578,
    "('V7', 'F6')": 11.316765992473956,
    "('V7', 'D1')": 10.741692594524705,
    "('V7', 'D2')": 3.854424248703023,
    "('V7', 'V1')": 7.917563256097882,
    "('V7', 'V2')": 7.907009656859791,
    "('V7', 'V3')": 4.287196966170052,
    "('V7', 'V4')": 3.8215499962101185,
    "('V7', 'V5')": 8.421486029735629,
    "('V7', 'V6')": 5.983448541554702,
    "('V7', 'V7')": 0.0,
    "('V7', 'V8')": 7.909498609997788,
    "('V7', 'V9')": 6.702176966086348,
    "('V7', 'V10')": 4.63250627003281,
    "('V8', 'F1')": 11.120509733931048,
    "('V8', 'F2')": 18.97057611871299,
    "('V8', 'F3')": 9.65065790621041,
    "('V8', 'F4')": 17.69271364169057,
    "('V8', 'F5')": 11.882844535442771,
    "('V8', 'F6')": 10.485327384562074,
    "('V8', 'D1')": 9.675423688845017,
    "('V8', 'D2')": 10.999440687001893,
    "('V8', 'V1')": 9.797294168115483,
    "('V8', 'V2')": 1.5662589548551742,
    "('V8', 'V3')": 3.97928544390551,
    "('V8', 'V4')": 8.053932010578684,
    "('V8', 'V5')": 8.356487610393275,
    "('V8', 'V6')": 4.202460915394674,
    "('V8', 'V7')": 7.909498609997788,
    "('V8', 'V8')": 0.0,
    "('V8', 'V9')": 10.387567904171265,
    "('V8', 'V10')": 6.10973592352452,
    "('V9', 'F1')": 18.29645017240171,
    "('V9', 'F2')": 9.074495254522036,
    "('V9', 'F3')": 19.261553365365504,
    "('V9', 'F4')": 10.656563808877658,
    "('V9', 'F5')": 16.352126091007538,
    "('V9', 'F6')": 17.569056550563626,
    "('V9', 'D1')": 5.9654357231607475,
    "('V9', 'D2')": 4.846286104827633,
    "('V9', 'V1')": 2.124540058952796,
    "('V9', 'V2')": 9.325544105752499,
    "('V9', 'V3')": 8.922563793749882,
    "('V9', 'V4')": 3.0677630082615304,
    "('V9', 'V5')": 4.109732716555773,
    "('V9', 'V6')": 6.251609338642187,
    "('V9', 'V7')": 6.702176966086348,
    "('V9', 'V8')": 10.387567904171265,
    "('V9', 'V9')": 0.0,
    "('V9', 'V10')": 4.321757320136603,
    "('V10', 'F1')": 15.19481111773493,
    "('V10', 'F2')": 13.225350525349715,
    "('V10', 'F3')": 15.010589981868899,
    "('V10', 'F4')": 12.687407005523808,
    "('V10', 'F5')": 14.156933651364891,
    "('V10', 'F6')": 13.840422359165824,
    "('V10', 'D1')": 6.227504794965251,
    "('V10', 'D2')": 5.7725145007870315,
    "('V10', 'V1')": 4.272531542226032,
    "('V10', 'V2')": 5.204985608620308,
    "('V10', 'V3')": 4.911011128463227,
    "('V10', 'V4')": 2.1808746740724274,
    "('V10', 'V5')": 3.97491629078477,
    "('V10', 'V6')": 2.1952567654719606,
    "('V10', 'V7')": 4.63250627003281,
    "('V10', 'V8')": 6.10973592352452,
    "('V10', 'V9')": 4.321757320136603,
    "('V10', 'V10')": 0.0
  },
  "tij": {
    "('F1', 'D1')": 13.709607523793494,
    "('F1', 'D2')": 20.947403500056712,
    "('F2', 'D1')": 10.672157526982687,
    "('F2', 'D2')": 12.33601104211324,
    "('F3', 'D1')": 19.32208193334167,
    "('F3', 'D2')": 18.070858869795863,
    "('F4', 'D1')": 16.621713099442715,
    "('F4', 'D2')": 6.922733516104358,
    "('F5', 'D1')": 10.929241387725503,
    "('F5', 'D2')": 19.845431659055535,
    "('F6', 'D1')": 19.428966708843987,
    "('F6', 'D2')": 15.016685758216793,
    "('D1', 'D2')": 15.683279082673304,
    "('D1', 'V1')": 5.764002634904535,
    "('D1', 'V2')": 12.203614499187525,
    "('D1', 'V3')": 15.894041573219294,
    "('D1', 'V4')": 10.807693073195432,
    "('D1', 'V5')": 3.493402221762242,
    "('D1', 'V6')": 9.304621323661781,
    "('D1', 'V7')": 16.11253889178706,
    "('D1', 'V8')": 14.513135533267524,
    "('D1', 'V9')": 8.94815358474112,
    "('D1', 'V10')": 9.341257192447875,
    "('D2', 'D1')": 15.683279082673304,
    "('D2', 'V1')": 10.197670821044007,
    "('D2', 'V2')": 15.85159394524214,
    "('D2', 'V3')": 11.847430343193448,
    "('D2', 'V4')": 5.524862765490445,
    "('D2', 'V5')": 12.3736848898182,
    "('D2', 'V6')": 11.801481245936625,
    "('D2', 'V7')": 5.781636373054534,
    "('D2', 'V8')": 16.49916103050284,
    "('D2', 'V9')": 7.26942915724145,
    "('D2', 'V10')": 8.658771751180549,
    "('V1', 'D1')": 5.764002634904535,
    "('V1', 'D2')": 10.197670821044007,
    "('V1', 'V2')": 12.775324448995397,
    "('V1', 'V3')": 13.774519180220874,
    "('V1', 'V4')": 6.149318558254356,
    "('V1', 'V5')": 3.2919088180881984,
    "('V1', 'V6')": 8.415456108426216,
    "('V1', 'V7')": 11.876344884146823,
    "('V1', 'V8')": 14.695941252173224,
    "('V1', 'V9')": 3.186810088429194,
    "('V1', 'V10')": 6.408797313339048,
    "('V2', 'D1')": 12.203614499187525,
    "('V2', 'D2')": 15.85159394524214,
    "('V2', 'V1')": 12.775324448995397,
    "('V2', 'V3')": 6.846667320751355,
    "('V2', 'V4')": 10.962341182861339,
    "('V2', 'V5')": 10.392576128900233,
    "('V2', 'V6')": 4.619496135951872,
    "('V2', 'V7')": 11.860514485289688,
    "('V2', 'V8')": 2.349388432282761,
    "('V2', 'V9')": 13.988316158628749,
    "('V2', 'V10')": 7.807478412930462,
    "('V3', 'D1')": 15.894041573219294,
    "('V3', 'D2')": 11.847430343193448,
    "('V3', 'V1')": 13.774519180220874,
    "('V3', 'V2')": 6.846667320751355,
    "('V3', 'V4')": 8.945995251551732,
    "('V3', 'V5')": 12.898742619914946,
    "('V3', 'V6')": 6.6572282929708235,
    "('V3', 'V7')": 6.430795449255077,
    "('V3', 'V8')": 5.968928165858265,
    "('V3', 'V9')": 13.383845690624824,
    "('V3', 'V10')": 7.36651669269484,
    "('V4', 'D1')": 10.807693073195432,
    "('V4', 'D2')": 5.524862765490445,
    "('V4', 'V1')": 6.149318558254356,
    "('V4', 'V2')": 10.962341182861339,
    "('V4', 'V3')": 8.945995251551732,
    "('V4', 'V5')": 7.334297598920631,
    "('V4', 'V6')": 6.551382232830325,
    "('V4', 'V7')": 5.732324994315178,
    "('V4', 'V8')": 12.080898015868026,
    "('V4', 'V9')": 4.601644512392296,
    "('V4', 'V10')": 3.271312011108641,
    "('V5', 'D1')": 3.493402221762242,
    "('V5', 'D2')": 12.3736848898182,
    "('V5', 'V1')": 3.2919088180881984,
    "('V5', 'V2')": 10.392576128900233,
    "('V5', 'V3')": 12.898742619914946,
    "('V5', 'V4')": 7.334297598920631,
    "('V5', 'V6')": 6.607944979638374,
    "('V5', 'V7')": 12.632229044603443,
    "('V5', 'V8')": 12.534731415589913,
    "('V5', 'V9')": 6.164599074833659,
    "('V5', 'V10')": 5.962374436177155,
    "('V6', 'D1')": 9.304621323661781,
    "('V6', 'D2')": 11.801481245936625,
    "('V6', 'V1')": 8.415456108426216,
    "('V6', 'V2')": 4.619496135951872,
    "('V6', 'V3')": 6.6572282929708235,
    "('V6', 'V4')": 6.551382232830325,
    "('V6', 'V5')": 6.607944979638374,
    "('V6', 'V7')": 8.975172812332051,
    "('V6', 'V8')": 6.303691373092011,
    "('V6', 'V9')": 9.377414007963282,
    "('V6', 'V10')": 3.292885148207941,
    "('V7', 'D1')": 16.11253889178706,
    "('V7', 'D2')": 5.781636373054534,
    "('V7', 'V1')": 11.876344884146823,
    "('V7', 'V2')": 11.860514485289688,
    "('V7', 'V3')": 6.430795449255077,
    "('V7', 'V4')": 5.732324994315178,
    "('V7', 'V5')": 12.632229044603443,
    "('V7', 'V6')": 8.975172812332051,
    "('V7', 'V8')": 11.864247914996684,
    "('V7', 'V9')": 10.053265449129523,
    "('V7', 'V10')": 6.9487594050492145,
    "('V8', 'D1')": 14.513135533267524,
    "('V8', 'D2')": 16.49916103050284,
    "('V8', 'V1')": 14.695941252173224,
    "('V8', 'V2')": 2.349388432282761,
    "('V8', 'V3')": 5.968928165858265,
    "('V8', 'V4')": 12.080898015868026,
    "('V8', 'V5')": 12.534731415589913,
    "('V8', 'V6')": 6.303691373092011,
    "('V8', 'V7')": 11.864247914996684,
    "('V8', 'V9')": 15.581351856256896,
    "('V8', 'V10')": 9.164603885286779,
    "('V9', 'D1')": 8.94815358474112,
    "('V9', 'D2')": 7.26942915724145,
    "('V9', 'V1')": 3.186810088429194,
    "('V9', 'V2')": 13.988316158628749,
    "('V9', 'V3')": 13.383845690624824,
    "('V9', 'V4')": 4.601644512392296,
    "('V9', 'V5')": 6.164599074833659,
    "('V9', 'V6')": 9.377414007963282,
    "('V9', 'V7')": 10.053265449129523,
    "('V9', 'V8')": 15.581351856256896,
    "('V9', 'V10')": 6.482635980204906,
    "('V10', 'D1')": 9.341257192447875,
    "('V10', 'D2')": 8.658771751180549,
    "('V10', 'V1')": 6.408797313339048,
    "('V10', 'V2')": 7.807478412930462,
    "('V10', 'V3')": 7.36651669269484,
    "('V10', 'V4')": 3.271312011108641,
    "('V10', 'V5')": 5.962374436177155,
    "('V10', 'V6')": 3.292885148207941,
    "('V10', 'V7')": 6.9487594050492145,
    "('V10', 'V8')": 9.164603885286779,
    "('V10', 'V9')": 6.482635980204906
  },
  "waktu": {
    "('F1', 'D1')": 13.709607523793494,
    "('F1', 'D2')": 20.947403500056712,
    "('F2', 'D1')": 10.672157526982687,
    "('F2', 'D2')": 12.33601104211324,
    "('F3', 'D1')": 19.32208193334167,
    "('F3', 'D2')": 18.070858869795863,
    "('F4', 'D1')": 16.621713099442715,
    "('F4', 'D2')": 6.922733516104358,
    "('F5', 'D1')": 10.929241387725503,
    "('F5', 'D2')": 19.845431659055535,
    "('F6', 'D1')": 19.428966708843987,
    "('F6', 'D2')": 15.016685758216793,
    "('D1', 'D2')": 15.683279082673304,
    "('D1', 'V1')": 5.764002634904535,
    "('D1', 'V2')": 12.203614499187525,
    "('D1', 'V3')": 15.894041573219294,
    "('D1', 'V4')": 10.807693073195432,
    "('D1', 'V5')": 3.493402221762242,
    "('D1', 'V6')": 9.304621323661781,
    "('D1', 'V7')": 16.11253889178706,
    "('D1', 'V8')": 14.513135533267524,
    "('D1', 'V9')": 8.94815358474112,
    "('D1', 'V10')": 9.341257192447875,
    "('D2', 'D1')": 15.683279082673304,
    "('D2', 'V1')": 10.197670821044007,
    "('D2', 'V2')": 15.85159394524214,
    "('D2', 'V3')": 11.847430343193448,
    "('D2', 'V4')": 5.524862765490445,
    "('D2', 'V5')": 12.3736848898182,
    "('D2', 'V6')": 11.801481245936625,
    "('D2', 'V7')": 5.781636373054534,
    "('D2', 'V8')": 16.49916103050284,
    "('D2', 'V9')": 7.26942915724145,
    "('D2', 'V10')": 8.658771751180549,
    "('V1', 'D1')": 5.764002634904535,
    "('V1', 'D2')": 10.197670821044007,
    "('V1', 'V2')": 12.775324448995397,
    "('V1', 'V3')": 13.774519180220874,
    "('V1', 'V4')": 6.149318558254356,
    "('V1', 'V5')": 3.2919088180881984,
    "('V1', 'V6')": 8.415456108426216,
    "('V1', 'V7')": 11.876344884146823,
    "('V1', 'V8')": 14.695941252173224,
    "('V1', 'V9')": 3.186810088429194,
    "('V1', 'V10')": 6.408797313339048,
    "('V2', 'D1')": 12.203614499187525,
    "('V2', 'D2')": 15.85159394524214,
    "('V2', 'V1')": 12.775324448995397,
    "('V2', 'V3')": 6.846667320751355,
    "('V2', 'V4')": 10.962341182861339,
    "('V2', 'V5')": 10.392576128900233,
    "('V2', 'V6')": 4.619496135951872,
    "('V2', 'V7')": 11.860514485289688,
    "('V2', 'V8')": 2.349388432282761,
    "('V2', 'V9')": 13.988316158628749,
    "('V2', 'V10')": 7.807478412930462,
    "('V3', 'D1')": 15.894041573219294,
    "('V3', 'D2')": 11.847430343193448,
    "('V3', 'V1')": 13.774519180220874,
    "('V3', 'V2')": 6.846667320751355,
    "('V3', 'V4')": 8.945995251551732,
    "('V3', 'V5')": 12.898742619914946,
    "('V3', 'V6')": 6.6572282929708235,
    "('V3', 'V7')": 6.430795449255077,
    "('V3', 'V8')": 5.968928165858265,
    "('V3', 'V9')": 13.383845690624824,
    "('V3', 'V10')": 7.36651669269484,
    "('V4', 'D1')": 10.807693073195432,
    "('V4', 'D2')": 5.524862765490445,
    "('V4', 'V1')": 6.149318558254356,
    "('V4', 'V2')": 10.962341182861339,
    "('V4', 'V3')": 8.945995251551732,
    "('V4', 'V5')": 7.334297598920631,
    "('V4', 'V6')": 6.551382232830325,
    "('V4', 'V7')": 5.732324994315178,
    "('V4', 'V8')": 12.080898015868026,
    "('V4', 'V9')": 4.601644512392296,
    "('V4', 'V10')": 3.271312011108641,
    "('V5', 'D1')": 3.493402221762242,
    "('V5', 'D2')": 12.3736848898182,
    "('V5', 'V1')": 3.2919088180881984,
    "('V5', 'V2')": 10.392576128900233,
    "('V5', 'V3')": 12.898742619914946,
    "('V5', 'V4')": 7.334297598920631,
    "('V5', 'V6')": 6.607944979638374,
    "('V5', 'V7')": 12.632229044603443,
    "('V5', 'V8')": 12.534731415589913,
    "('V5', 'V9')": 6.164599074833659,
    "('V5', 'V10')": 5.962374436177155,
    "('V6', 'D1')": 9.304621323661781,
    "('V6', 'D2')": 11.801481245936625,
    "('V6', 'V1')": 8.415456108426216,
    "('V6', 'V2')": 4.619496135951872,
    "('V6', 'V3')": 6.6572282929708235,
    "('V6', 'V4')": 6.551382232830325,
    "('V6', 'V5')": 6.607944979638374,
    "('V6', 'V7')": 8.975172812332051,
    "('V6', 'V8')": 6.303691373092011,
    "('V6', 'V9')": 9.377414007963282,
    "('V6', 'V10')": 3.292885148207941,
    "('V7', 'D1')": 16.11253889178706,
    "('V7', 'D2')": 5.781636373054534,
    "('V7', 'V1')": 11.876344884146823,
    "('V7', 'V2')": 11.860514485289688,
    "('V7', 'V3')": 6.430795449255077,
    "('V7', 'V4')": 5.732324994315178,
    "('V7', 'V5')": 12.632229044603443,
    "('V7', 'V6')": 8.975172812332051,
    "('V7', 'V8')": 11.864247914996684,
    "('V7', 'V9')": 10.053265449129523,
    "('V7', 'V10')": 6.9487594050492145,
    "('V8', 'D1')": 14.513135533267524,
    "('V8', 'D2')": 16.49916103050284,
    "('V8', 'V1')": 14.695941252173224,
    "('V8', 'V2')": 2.349388432282761,
    "('V8', 'V3')": 5.968928165858265,
    "('V8', 'V4')": 12.080898015868026,
    "('V8', 'V5')": 12.534731415589913,
    "('V8', 'V6')": 6.303691373092011,
    "('V8', 'V7')": 11.864247914996684,
    "('V8', 'V9')": 15.581351856256896,
    "('V8', 'V10')": 9.164603885286779,
    "('V9', 'D1')": 8.94815358474112,
    "('V9', 'D2')": 7.26942915724145,
    "('V9', 'V1')": 3.186810088429194,
    "('V9', 'V2')": 13.988316158628749,
    "('V9', 'V3')": 13.383845690624824,
    "('V9', 'V4')": 4.601644512392296,
    "('V9', 'V5')": 6.164599074833659,
    "('V9', 'V6')": 9.377414007963282,
    "('V9', 'V7')": 10.053265449129523,
    "('V9', 'V8')": 15.581351856256896,
    "('V9', 'V10')": 6.482635980204906,
    "('V10', 'D1')": 9.341257192447875,
    "('V10', 'D2')": 8.658771751180549,
    "('V10', 'V1')": 6.408797313339048,
    "('V10', 'V2')": 7.807478412930462,
    "('V10', 'V3')": 7.36651669269484,
    "('V10', 'V4')": 3.271312011108641,
    "('V10', 'V5')": 5.962374436177155,
    "('V10', 'V6')": 3.292885148207941,
    "('V10', 'V7')": 6.9487594050492145,
    "('V10', 'V8')": 9.164603885286779,
    "('V10', 'V9')": 6.482635980204906
  },
  "truck_arcs": [
    {
      "p": "F1",
      "j": "D1",
      "cost": 13.709607523793494
    },
    {
      "p": "F1",
      "j": "D2",
      "cost": 20.947403500056712
    },
    {
      "p": "F2",
      "j": "D1",
      "cost": 10.672157526982687
    },
    {
      "p": "F2",
      "j": "D2",
      "cost": 12.33601104211324
    },
    {
      "p": "F3",
      "j": "D1",
      "cost": 19.32208193334167
    },
    {
      "p": "F3",
      "j": "D2",
      "cost": 18.070858869795863
    },
    {
      "p": "F4",
      "j": "D1",
      "cost": 16.621713099442715
    },
    {
      "p": "F4",
      "j": "D2",
      "cost": 6.922733516104358
    },
    {
      "p": "F5",
      "j": "D1",
      "cost": 10.929241387725503
    },
    {
      "p": "F5",
      "j": "D2",
      "cost": 19.845431659055535
    },
    {
      "p": "F6",
      "j": "D1",
      "cost": 19.428966708843987
    },
    {
      "p": "F6",
      "j": "D2",
      "cost": 15.016685758216793
    }
  ],
  "uav_arcs": [
    {
      "u": "D1",
      "v": "D2",
      "cost": 10.455519388448868
    },
    {
      "u": "D1",
      "v": "V1",
      "cost": 3.84266842326969
    },
    {
      "u": "D1",
      "v": "V2",
      "cost": 8.13574299945835
    },
    {
      "u": "D1",
      "v": "V3",
      "cost": 10.59602771547953
    },
    {
      "u": "D1",
      "v": "V4",
      "cost": 7.205128715463621
    },
    {
      "u": "D1",
      "v": "V5",
      "cost": 2.328934814508161
    },
    {
      "u": "D1",
      "v": "V6",
      "cost": 6.203080882441187
    },
    {
      "u": "D1",
      "v": "V7",
      "cost": 10.741692594524705
    },
    {
      "u": "D1",
      "v": "V8",
      "cost": 9.675423688845017
    },
    {
      "u": "D1",
      "v": "V9",
      "cost": 5.9654357231607475
    },
    {
      "u": "D1",
      "v": "V10",
      "cost": 6.227504794965251
    },
    {
      "u": "D2",
      "v": "D1",
      "cost": 10.455519388448868
    },
    {
      "u": "D2",
      "v": "V1",
      "cost": 6.798447214029338
    },
    {
      "u": "D2",
      "v": "V2",
      "cost": 10.567729296828094
    },
    {
      "u": "D2",
      "v": "V3",
      "cost": 7.898286895462298
    },
    {
      "u": "D2",
      "v": "V4",
      "cost": 3.683241843660297
    },
    {
      "u": "D2",
      "v": "V5",
      "cost": 8.2491232598788
    },
    {
      "u": "D2",
      "v": "V6",
      "cost": 7.8676541639577495
    },
    {
      "u": "D2",
      "v": "V7",
      "cost": 3.854424248703023
    },
    {
      "u": "D2",
      "v": "V8",
      "cost": 10.999440687001893
    },
    {
      "u": "D2",
      "v": "V9",
      "cost": 4.846286104827633
    },
    {
      "u": "D2",
      "v": "V10",
      "cost": 5.7725145007870315
    },
    {
      "u": "V1",
      "v": "D1",
      "cost": 3.84266842326969
    },
    {
      "u": "V1",
      "v": "D2",
      "cost": 6.798447214029338
    },
    {
      "u": "V1",
      "v": "V2",
      "cost": 8.516882965996931
    },
    {
      "u": "V1",
      "v": "V3",
      "cost": 9.183012786813917
    },
    {
      "u": "V1",
      "v": "V4",
      "cost": 4.099545705502904
    },
    {
      "u": "V1",
      "v": "V5",
      "cost": 2.194605878725466
    },
    {
      "u": "V1",
      "v": "V6",
      "cost": 5.610304072284145
    },
    {
      "u": "V1",
      "v": "V7",
      "cost": 7.917563256097882
    },
    {
      "u": "V1",
      "v": "V8",
      "cost": 9.797294168115483
    },
    {
      "u": "V1",
      "v": "V9",
      "cost": 2.124540058952796
    },
    {
      "u": "V1",
      "v": "V10",
      "cost": 4.272531542226032
    },
    {
      "u": "V2",
      "v": "D1",
      "cost": 8.13574299945835
    },
    {
      "u": "V2",
      "v": "D2",
      "cost": 10.567729296828094
    },
    {
      "u": "V2",
      "v": "V1",
      "cost": 8.516882965996931
    },
    {
      "u": "V2",
      "v": "V3",
      "cost": 4.564444880500903
    },
    {
      "u": "V2",
      "v": "V4",
      "cost": 7.308227455240893
    },
    {
      "u": "V2",
      "v": "V5",
      "cost": 6.928384085933488
    },
    {
      "u": "V2",
      "v": "V6",
      "cost": 3.0796640906345814
    },
    {
      "u": "V2",
      "v": "V7",
      "cost": 7.907009656859791
    },
    {
      "u": "V2",
      "v": "V8",
      "cost": 1.5662589548551742
    },
    {
      "u": "V2",
      "v": "V9",
      "cost": 9.325544105752499
    },
    {
      "u": "V2",
      "v": "V10",
      "cost": 5.204985608620308
    },
    {
      "u": "V3",
      "v": "D1",
      "cost": 10.59602771547953
    },
    {
      "u": "V3",
      "v": "D2",
      "cost": 7.898286895462298
    },
    {
      "u": "V3",
      "v": "V1",
      "cost": 9.183012786813917
    },
    {
      "u": "V3",
      "v": "V2",
      "cost": 4.564444880500903
    },
    {
      "u": "V3",
      "v": "V4",
      "cost": 5.963996834367821
    },
    {
      "u": "V3",
      "v": "V5",
      "cost": 8.599161746609964
    },
    {
      "u": "V3",
      "v": "V6",
      "cost": 4.438152195313882
    },
    {
      "u": "V3",
      "v": "V7",
      "cost": 4.287196966170052
    },
    {
      "u": "V3",
      "v": "V8",
      "cost": 3.97928544390551
    },
    {
      "u": "V3",
      "v": "V9",
      "cost": 8.922563793749882
    },
    {
      "u": "V3",
      "v": "V10",
      "cost": 4.911011128463227
    },
    {
      "u": "V4",
      "v": "D1",
      "cost": 7.205128715463621
    },
    {
      "u": "V4",
      "v": "D2",
      "cost": 3.683241843660297
    },
    {
      "u": "V4",
      "v": "V1",
      "cost": 4.099545705502904
    },
    {
      "u": "V4",
      "v": "V2",
      "cost": 7.308227455240893
    },
    {
      "u": "V4",
      "v": "V3",
      "cost": 5.963996834367821
    },
    {
      "u": "V4",
      "v": "V5",
      "cost": 4.889531732613754
    },
    {
      "u": "V4",
      "v": "V6",
      "cost": 4.367588155220217
    },
    {
      "u": "V4",
      "v": "V7",
      "cost": 3.8215499962101185
    },
    {
      "u": "V4",
      "v": "V8",
      "cost": 8.053932010578684
    },
    {
      "u": "V4",
      "v": "V9",
      "cost": 3.0677630082615304
    },
    {
      "u": "V4",
      "v": "V10",
      "cost": 2.1808746740724274
    },
    {
      "u": "V5",
      "v": "D1",
      "cost": 2.328934814508161
    },
    {
      "u": "V5",
      "v": "D2",
      "cost": 8.2491232598788
    },
    {
      "u": "V5",
      "v": "V1",
      "cost": 2.194605878725466
    },
    {
      "u": "V5",
      "v": "V2",
      "cost": 6.928384085933488
    },
    {
      "u": "V5",
      "v": "V3",
      "cost": 8.599161746609964
    },
    {
      "u": "V5",
      "v": "V4",
      "cost": 4.889531732613754
    },
    {
      "u": "V5",
      "v": "V6",
      "cost": 4.4052966530922495
    },
    {
      "u": "V5",
      "v": "V7",
      "cost": 8.421486029735629
    },
    {
      "u": "V5",
      "v": "V8",
      "cost": 8.356487610393275
    },
    {
      "u": "V5",
      "v": "V9",
      "cost": 4.109732716555773
    },
    {
      "u": "V5",
      "v": "V10",
      "cost": 3.97491629078477
    },
    {
      "u": "V6",
      "v": "D1",
      "cost": 6.203080882441187
    },
    {
      "u": "V6",
      "v": "D2",
      "cost": 7.8676541639577495
    },
    {
      "u": "V6",
      "v": "V1",
      "cost": 5.610304072284145
    },
    {
      "u": "V6",
      "v": "V2",
      "cost": 3.0796640906345814
    },
    {
      "u": "V6",
      "v": "V3",
      "cost": 4.438152195313882
    },
    {
      "u": "V6",
      "v": "V4",
      "cost": 4.367588155220217
    },
    {
      "u": "V6",
      "v": "V5",
      "cost": 4.4052966530922495
    },
    {
      "u": "V6",
      "v": "V7",
      "cost": 5.983448541554702
    },
    {
      "u": "V6",
      "v": "V8",
      "cost": 4.202460915394674
    },
    {
      "u": "V6",
      "v": "V9",
      "cost": 6.251609338642187
    },
    {
      "u": "V6",
      "v": "V10",
      "cost": 2.1952567654719606
    },
    {
      "u": "V7",
      "v": "D1",
      "cost": 10.741692594524705
    },
    {
      "u": "V7",
      "v": "D2",
      "cost": 3.854424248703023
    },
    {
      "u": "V7",
      "v": "V1",
      "cost": 7.917563256097882
    },
    {
      "u": "V7",
      "v": "V2",
      "cost": 7.907009656859791
    },
    {
      "u": "V7",
      "v": "V3",
      "cost": 4.287196966170052
    },
    {
      "u": "V7",
      "v": "V4",
      "cost": 3.8215499962101185
    },
    {
      "u": "V7",
      "v": "V5",
      "cost": 8.421486029735629
    },
    {
      "u": "V7",
      "v": "V6",
      "cost": 5.983448541554702
    },
    {
      "u": "V7",
      "v": "V8",
      "cost": 7.909498609997788
    },
    {
      "u": "V7",
      "v": "V9",
      "cost": 6.702176966086348
    },
    {
      "u": "V7",
      "v": "V10",
      "cost": 4.63250627003281
    },
    {
      "u": "V8",
      "v": "D1",
      "cost": 9.675423688845017
    },
    {
      "u": "V8",
      "v": "D2",
      "cost": 10.999440687001893
    },
    {
      "u": "V8",
      "v": "V1",
      "cost": 9.797294168115483
    },
    {
      "u": "V8",
      "v": "V2",
      "cost": 1.5662589548551742
    },
    {
      "u": "V8",
      "v": "V3",
      "cost": 3.97928544390551
    },
    {
      "u": "V8",
      "v": "V4",
      "cost": 8.053932010578684
    },
    {
      "u": "V8",
      "v": "V5",
      "cost": 8.356487610393275
    },
    {
      "u": "V8",
      "v": "V6",
      "cost": 4.202460915394674
    },
    {
      "u": "V8",
      "v": "V7",
      "cost": 7.909498609997788
    },
    {
      "u": "V8",
      "v": "V9",
      "cost": 10.387567904171265
    },
    {
      "u": "V8",
      "v": "V10",
      "cost": 6.10973592352452
    },
    {
      "u": "V9",
      "v": "D1",
      "cost": 5.9654357231607475
    },
    {
      "u": "V9",
      "v": "D2",
      "cost": 4.846286104827633
    },
    {
      "u": "V9",
      "v": "V1",
      "cost": 2.124540058952796
    },
    {
      "u": "V9",
      "v": "V2",
      "cost": 9.325544105752499
    },
    {
      "u": "V9",
      "v": "V3",
      "cost": 8.922563793749882
    },
    {
      "u": "V9",
      "v": "V4",
      "cost": 3.0677630082615304
    },
    {
      "u": "V9",
      "v": "V5",
      "cost": 4.109732716555773
    },
    {
      "u": "V9",
      "v": "V6",
      "cost": 6.251609338642187
    },
    {
      "u": "V9",
      "v": "V7",
      "cost": 6.702176966086348
    },
    {
      "u": "V9",
      "v": "V8",
      "cost": 10.387567904171265
    },
    {
      "u": "V9",
      "v": "V10",
      "cost": 4.321757320136603
    },
    {
      "u": "V10",
      "v": "D1",
      "cost": 6.227504794965251
    },
    {
      "u": "V10",
      "v": "D2",
      "cost": 5.7725145007870315
    },
    {
      "u": "V10",
      "v": "V1",
      "cost": 4.272531542226032
    },
    {
      "u": "V10",
      "v": "V2",
      "cost": 5.204985608620308
    },
    {
      "u": "V10",
      "v": "V3",
      "cost": 4.911011128463227
    },
    {
      "u": "V10",
      "v": "V4",
      "cost": 2.1808746740724274
    },
    {
      "u": "V10",
      "v": "V5",
      "cost": 3.97491629078477
    },
    {
      "u": "V10",
      "v": "V6",
      "cost": 2.1952567654719606
    },
    {
      "u": "V10",
      "v": "V7",
      "cost": 4.63250627003281
    },
    {
      "u": "V10",
      "v": "V8",
      "cost": 6.10973592352452
    },
    {
      "u": "V10",
      "v": "V9",
      "cost": 4.321757320136603
    }
  ],
  "number_of_uav": null
}