{
  "n_center": 2,
  "n_community": 10,
  "n_warehouse": 6,
  "set_F": [
    "F1",
    "F2",
    "F3",
    "F4",
    "F5",
    "F6"
  ],
  "set_D": [
    "D1",
    "D2"
  ],
  "set_V": [
    "V1",
    "V2",
    "V3",
    "V4",
    "V5",
    "V6",
    "V7",
    "V8",
    "V9",
    "V10"
  ],
  "set_A": [
    "('F1', 'D1')",
    "('F1', 'D2')",
    "('F2', 'D1')",
    "('F2', 'D2')",
    "('F3', 'D1')",
    "('F3', 'D2')",
    "('F4', 'D1')",
    "('F4', 'D2')",
    "('F5', 'D1')",
    "('F5', 'D2')",
    "('F6', 'D1')",
    "('F6', 'D2')",
    "('D1', 'D2')",
    "('D1', 'V1')",
    "('D1', 'V2')",
    "('D1', 'V3')",
    "('D1', 'V4')",
    "('D1', 'V5')",
    "('D1', 'V6')",
    "('D1', 'V7')",
    "('D1', 'V8')",
    "('D1', 'V9')",
    "('D1', 'V10')",
    "('D2', 'D1')",
    "('D2', 'V1')",
    "('D2', 'V2')",
    "('D2', 'V3')",
    "('D2', 'V4')",
    "('D2', 'V5')",
    "('D2', 'V6')",
    "('D2', 'V7')",
    "('D2', 'V8')",
    "('D2', 'V9')",
    "('D2', 'V10')",
    "('V1', 'D1')",
    "('V1', 'D2')",
    "('V1', 'V2')",
    "('V1', 'V3')",
    "('V1', 'V4')",
    "('V1', 'V5')",
    "('V1', 'V6')",
    "('V1', 'V7')",
    "('V1', 'V8')",
    "('V1', 'V9')",
    "('V1', 'V10')",
    "('V2', 'D1')",
    "('V2', 'D2')",
    "('V2', 'V1')",
    "('V2', 'V3')",
    "('V2', 'V4')",
    "('V2', 'V5')",
    "('V2', 'V6')",
    "('V2', 'V7')",
    "('V2', 'V8')",
    "('V2', 'V9')",
    "('V2', 'V10')",
    "('V3', 'D1')",
    "('V3', 'D2')",
    "('V3', 'V1')",
    "('V3', 'V2')",
    "('V3', 'V4')",
    "('V3', 'V5')",
    "('V3', 'V6')",
    "('V3', 'V7')",
    "('V3', 'V8')",
    "('V3', 'V9')",
    "('V3', 'V10')",
    "('V4', 'D1')",
    "('V4', 'D2')",
    "('V4', 'V1')",
    "('V4', 'V2')",
    "('V4', 'V3')",
    "('V4', 'V5')",
    "('V4', 'V6')",
    "('V4', 'V7')",
    "('V4', 'V8')",
    "('V4', 'V9')",
    "('V4', 'V10')",
    "('V5', 'D1')",
    "('V5', 'D2')",
    "('V5', 'V1')",
    "('V5', 'V2')",
    "('V5', 'V3')",
    "('V5', 'V4')",
    "('V5', 'V6')",
    "('V5', 'V7')",
    "('V5', 'V8')",
    "('V5', 'V9')",
    "('V5', 'V10')",
    "('V6', 'D1')",
    "('V6', 'D2')",
    "('V6', 'V1')",
    "('V6', 'V2')",
    "('V6', 'V3')",
    "('V6', 'V4')",
    "('V6', 'V5')",
    "('V6', 'V7')",
    "('V6', 'V8')",
    "('V6', 'V9')",
    "('V6', 'V10')",
    "('V7', 'D1')",
    "('V7', 'D2')",
    "('V7', 'V1')",
    "('V7', 'V2')",
    "('V7', 'V3')",
    "('V7', 'V4')",
    "('V7', 'V5')",
    "('V7', 'V6')",
    "('V7', 'V8')",
    "('V7', 'V9')",
    "('V7', 'V10')",
    "('V8', 'D1')",
    "('V8', 'D2')",
    "('V8', 'V1')",
    "('V8', 'V2')",
    "('V8', 'V3')",
    "('V8', 'V4')",
    "('V8', 'V5')",
    "('V8', 'V6')",
    "('V8', 'V7')",
    "('V8', 'V9')",
    "('V8', 'V10')",
    "('V9', 'D1')",
    "('V9', 'D2')",
    "('V9', 'V1')",
    "('V9', 'V2')",
    "('V9', 'V3')",
    "('V9', 'V4')",
    "('V9', 'V5')",
    "('V9', 'V6')",
    "('V9', 'V7')",
    "('V9', 'V8')",
    "('V9', 'V10')",
    "('V10', 'D1')",
    "('V10', 'D2')",
    "('V10', 'V1')",
    "('V10', 'V2')",
    "('V10', 'V3')",
    "('V10', 'V4')",
    "('V10', 'V5')",
    "('V10', 'V6')",
    "('V10', 'V7')",
    "('V10', 'V8')",
    "('V10', 'V9')"
  ],
  "set_L": [
    "L1",
    "L2",
    "L3",
    "L4",
    "L5"
  ],
  "set_T": [
    "T1",
    "T2",
    "T3",
    "T4",
    "T5",
    "T6",
    "T7",
    "T8"
  ],
  "set_U": [
    "U1",
    "U2",
    "U3",
    "U4",
    "U5",
    "U6",
    "U7",
    "U8",
    "U9",
    "U10"
  ],
  "par_d": {
    "V1": 34,
    "V2": 32,
    "V3": 29,
    "V4": 25,
    "V5": 24,
    "V6": 8,
    "V7": 12,
    "V8": 34,
    "V9": 14,
    "V10": 19
  },
  "par_r": 204,
  "par_n": 250,
  "par_h": 50,
  "par_m": 180,
  "par_v": 22,
  "par_l": {
    "L1": 144,
    "L2": 156,
    "L3": 168,
    "L4": 180,
    "L5": 192
  },
  "par_f": {
    "D1": 120.0,
    "D2": 60.0
  },
  "par_o_items": [
    {
      "j": "D1",
      "l": "L1",
      "value": 53.0
    },
    {
      "j": "D1",
      "l": "L2",
      "value": 56.0
    },
    {
      "j": "D1",
      "l": "L3",
      "value": 60.0
    },
    {
      "j": "D1",
      "l": "L4",
      "value": 64.0
    },
    {
      "j": "D1",
      "l": "L5",
      "value": 68.0
    },
    {
      "j": "D2",
      "l": "L1",
      "value": 53.0
    },
    {
      "j": "D2",
      "l": "L2",
      "value": 56.0
    },
    {
      "j": "D2",
      "l": "L3",
      "value": 60.0
    },
    {
      "j": "D2",
      "l": "L4",
      "value": 64.0
    },
    {
      "j": "D2",
      "l": "L5",
      "value": 68.0
    }
  ],
  "par_s_items": [
    {
      "j": "D1",
      "l": "L1",
      "value": 144.0
    },
    {
      "j": "D1",
      "l": "L2",
      "value": 156.0
    },
    {
      "j": "D1",
      "l": "L3",
      "value": 168.0
    },
    {
      "j": "D1",
      "l": "L4",
      "value": 180.0
    },
    {
      "j": "D1",
      "l": "L5",
      "value": 192.0
    },
    {
      "j": "D2",
      "l": "L1",
      "value": 144.0
    },
    {
      "j": "D2",
      "l": "L2",
      "value": 156.0
    },
    {
      "j": "D2",
      "l": "L3",
      "value": 168.0
    },
    {
      "j": "D2",
      "l": "L4",
      "value": 180.0
    },
    {
      "j": "D2",
      "l": "L5",
      "value": 192.0
    }
  ],
  "par_t": 231.0,
  "par_c": {
    "('F1', 'D1')": 7.315021408582875,
    "('F1', 'D2')": 11.516568521705134,
    "('F2', 'D1')": 15.436345950127862,
    "('F2', 'D2')": 10.704578464172394,
    "('F3', 'D1')": 17.611617270972513,
    "('F3', 'D2')": 19.479930942717644,
    "('F4', 'D1')": 15.142707354190089,
    "('F4', 'D2')": 18.545954119001685,
    "('F5', 'D1')": 8.825724009602261,
    "('F5', 'D2')": 13.547808527018848,
    "('F6', 'D1')": 15.60550674801308,
    "('F6', 'D2')": 11.052420602820394,
    "('D1', 'D2')": 4.735826993122425,
    "('D1', 'V1')": 6.38428383527567,
    "('D1', 'V2')": 5.43745303119798,
    "('D1', 'V3')": 3.331202736944711,
    "('D1', 'V4')": 6.646976735583638,
    "('D1', 'V5')": 2.899692918968474,
    "('D1', 'V6')": 7.478855497792343,
    "('D1', 'V7')": 3.6556266262043686,
    "('D1', 'V8')": 9.394724781751078,
    "('D1', 'V9')": 2.8323189949715735,
    "('D1', 'V10')": 10.885385061370553,
    "('D2', 'D1')": 4.735826993122425,
    "('D2', 'V1')": 7.294652860535885,
    "('D2', 'V2')": 4.306093382182384,
    "('D2', 'V3')": 4.140688643078048,
    "('D2', 'V4')": 2.745151804909044,
    "('D2', 'V5')": 5.287484696784385,
    "('D2', 'V6')": 7.54499017058722,
    "('D2', 'V7')": 2.293328159908222,
    "('D2', 'V8')": 7.512819809887744,
    "('D2', 'V9')": 6.264932755551279,
    "('D2', 'V10')": 8.747920199903612,
    "('V1', 'D1')": 6.38428383527567,
    "('V1', 'D2')": 7.294652860535885,
    "('V1', 'V2')": 3.2893443201932953,
    "('V1', 'V3')": 3.515305330388137,
    "('V1', 'V4')": 6.546734362773724,
    "('V1', 'V5')": 3.4943644275303165,
    "('V1', 'V6')": 1.4680013116970083,
    "('V1', 'V7')": 5.061695235203416,
    "('V1', 'V8')": 4.8135448469568995,
    "('V1', 'V9')": 4.12820409273285,
    "('V1', 'V10')": 6.1537846763918225,
    "('V2', 'D1')": 5.43745303119798,
    "('V2', 'D2')": 4.306093382182384,
    "('V2', 'V1')": 3.2893443201932953,
    "('V2', 'V3')": 2.2148350553430864,
    "('V2', 'V4')": 3.2694141985589766,
    "('V2', 'V5')": 3.4616166517012044,
    "('V2', 'V6')": 3.2516664247763902,
    "('V2', 'V7')": 2.4298965843192293,
    "('V2', 'V8')": 3.97426487743649,
    "('V2', 'V9')": 4.693209547634513,
    "('V2', 'V10')": 5.4536279880165495,
    "('V3', 'D1')": 3.331202736944711,
    "('V3', 'D2')": 4.140688643078048,
    "('V3', 'V1')": 3.515305330388137,
    "('V3', 'V2')": 2.2148350553430864,
    "('V3', 'V4')": 4.540928933115349,
    "('V3', 'V5')": 1.4258676730272504,
    "('V3', 'V6')": 4.314234857896951,
    "('V3', 'V7')": 1.8692323740364536,
    "('V3', 'V8')": 6.094495621689836,
    "('V3', 'V9')": 2.6638773892090253,
    "('V3', 'V10')": 7.593796375655034,
    "('V4', 'D1')": 6.646976735583638,
    "('V4', 'D2')": 2.745151804909044,
    "('V4', 'V1')": 6.546734362773724,
    "('V4', 'V2')": 3.2694141985589766,
    "('V4', 'V3')": 4.540928933115349,
    "('V4', 'V5')": 5.961848917639072,
    "('V4', 'V6')": 6.25463350797015,
    "('V4', 'V7')": 3.0676684385855593,
    "('V4', 'V8')": 5.173940292318472,
    "('V4', 'V9')": 7.175916164377963,
    "('V4', 'V10')": 6.228271729517881,
    "('V5', 'D1')": 2.899692918968474,
    "('V5', 'D2')": 5.287484696784385,
    "('V5', 'V1')": 3.4943644275303165,
    "('V5', 'V2')": 3.4616166517012044,
    "('V5', 'V3')": 1.4258676730272504,
    "('V5', 'V4')": 5.961848917639072,
    "('V5', 'V6')": 4.674834144304054,
    "('V5', 'V7')": 3.1414876793019193,
    "('V5', 'V8')": 7.0877945744597275,
    "('V5', 'V9')": 1.2503878202240102,
    "('V5', 'V10')": 8.587008428159791,
    "('V6', 'D1')": 7.478855497792343,
    "('V6', 'D2')": 7.54499017058722,
    "('V6', 'V1')": 1.4680013116970083,
    "('V6', 'V2')": 3.2516664247763902,
    "('V6', 'V3')": 4.314234857896951,
    "('V6', 'V4')": 6.25463350797015,
    "('V6', 'V5')": 4.674834144304054,
    "('V6', 'V7')": 5.488902818668214,
    "('V6', 'V8')": 3.478873676165642,
    "('V6', 'V9')": 5.478591823340847,
    "('V6', 'V10')": 4.738803938997406,
    "('V7', 'D1')": 3.6556266262043686,
    "('V7', 'D2')": 2.293328159908222,
    "('V7', 'V1')": 5.061695235203416,
    "('V7', 'V2')": 2.4298965843192293,
    "('V7', 'V3')": 1.8692323740364536,
    "('V7', 'V4')": 3.0676684385855593,
    "('V7', 'V5')": 3.1414876793019193,
    "('V7', 'V6')": 5.488902818668214,
    "('V7', 'V8')": 6.246755794172816,
    "('V7', 'V9')": 4.260191900425703,
    "('V7', 'V10')": 7.662316552970701,
    "('V8', 'D1')": 9.394724781751078,
    "('V8', 'D2')": 7.512819809887744,
    "('V8', 'V1')": 4.8135448469568995,
    "('V8', 'V2')": 3.97426487743649,
    "('V8', 'V3')": 6.094495621689836,
    "('V8', 'V4')": 5.173940292318472,
    "('V8', 'V5')": 7.0877945744597275,
    "('V8', 'V6')": 3.478873676165642,
    "('V8', 'V7')": 6.246755794172816,
    "('V8', 'V9')": 8.189803307002014,
    "('V8', 'V10')": 1.502966619490196,
    "('V9', 'D1')": 2.8323189949715735,
    "('V9', 'D2')": 6.264932755551279,
    "('V9', 'V1')": 4.12820409273285,
    "('V9', 'V2')": 4.693209547634513,
    "('V9', 'V3')": 2.6638773892090253,
    "('V9', 'V4')": 7.175916164377963,
    "('V9', 'V5')": 1.2503878202240102,
    "('V9', 'V6')": 5.478591823340847,
    "('V9', 'V7')": 4.260191900425703,
    "('V9', 'V8')": 8.189803307002014,
    "('V9', 'V10')": 9.677460042903972,
    "('V10', 'D1')": 10.885385061370553,
    "('V10', 'D2')": 8.747920199903612,
    "('V10', 'V1')": 6.1537846763918225,
    "('V10', 'V2')": 5.4536279880165495,
    "('V10', 'V3')": 7.593796375655034,
    "('V10', 'V4')": 6.228271729517881,
    "('V10', 'V5')": 8.587008428159791,
    "('V10', 'V6')": 4.738803938997406,
    "('V10', 'V7')": 7.662316552970701,
    "('V10', 'V8')": 1.502966619490196,
    "('V10', 'V9')": 9.677460042903972
  },
  "par_a": [
    144,
    156,
    168,
    180,
    192
  ],
  "_distance": {
    "('F1', 'F1')": 0.0,
    "('F1', 'F2')": 21.93052348431907,
    "('F1', 'F3')": 21.13255257032361,
    "('F1', 'F4')": 16.24141552125434,
    "('F1', 'F5')": 4.3839704057221125,
    "('F1', 'F6')": 21.176577127442528,
    "('F1', 'D1')": 7.315021408582875,
    "('F1', 'D2')": 11.516568521705134,
    "('F1', 'V1')": 12.642478215220365,
    "('F1', 'V2')": 12.654026205991292,
    "('F1', 'V3')": 10.45242718136512,
    "('F1', 'V4')": 13.845044413681505,
    "('F1', 'V5')": 9.4767200160193,
    "('F1', 'V6')": 14.017212111776956,
    "('F1', 'V7')": 10.952726643324603,
    "('F1', 'V8')": 16.52157865322319,
    "('F1', 'V9')": 8.538852779216425,
    "('F1', 'V10')": 18.024524571907705,
    "('F2', 'F1')": 21.93052348431907,
    "('F2', 'F2')": 0.0,
    "('F2', 'F3')": 26.137046547655963,
    "('F2', 'F4')": 27.48927101535742,
    "('F2', 'F5')": 24.25197461127961,
    "('F2', 'F6')": 4.147920521411562,
    "('F2', 'D1')": 15.436345950127862,
    "('F2', 'D2')": 10.704578464172394,
    "('F2', 'V1')": 15.486897894396407,
    "('F2', 'V2')": 12.42887688178585,
    "('F2', 'V3')": 13.892089509881124,
    "('F2', 'V4')": 9.358378147297824,
    "('F2', 'V5')": 15.304976118060406,
    "('F2', 'V6')": 14.724273455496924,
    "('F2', 'V7')": 12.261696820510878,
    "('F2', 'V8')": 11.912426940882392,
    "('F2', 'V9')": 16.496042910516564,
    "('F2', 'V10')": 11.745644529504357,
    "('F3', 'F1')": 21.13255257032361,
    "('F3', 'F2')": 26.137046547655963,
    "('F3', 'F3')": 0.0,
    "('F3', 'F4')": 7.1461577566830465,
    "('F3', 'F5')": 18.144942338763354,
    "('F3', 'F6')": 28.73931882294393,
    "('F3', 'D1')": 17.611617270972513,
    "('F3', 'D2')": 19.479930942717644,
    "('F3', 'V1')": 12.185739653112808,
    "('F3', 'V2')": 15.327464316434373,
    "('F3', 'V3')": 15.56069676438877,
    "('F3', 'V4')": 18.395244489717392,
    "('F3', 'V5')": 14.97008500351505,
    "('F3', 'V6')": 12.146367107726581,
    "('F3', 'V7')": 17.238210628407874,
    "('F3', 'V8')": 14.260735317364354,
    "('F3', 'V9')": 14.783411008790464,
    "('F3', 'V10')": 14.44188319284742,
    "('F4', 'F1')": 16.24141552125434,
    "('F4', 'F2')": 27.48927101535742,
    "('F4', 'F3')": 7.1461577566830465,
    "('F4', 'F4')": 0.0,
    "('F4', 'F5')": 12.465913742348988,
    "('F4', 'F6')": 29.19228797872237,
    "('F4', 'D1')": 15.142707354190089,
    "('F4', 'D2')": 18.545954119001685,
    "('F4', 'V1')": 12.021512515850485,
    "('F4', 'V2')": 15.223288525485028,
    "('F4', 'V3')": 14.423443471498077,
    "('F4', 'V4')": 18.483230711782593,
    "('F4', 'V5')": 13.294419690976047,
    "('F4', 'V6')": 12.804919297105403,
    "('F4', 'V7')": 16.29263166282974,
    "('F4', 'V8')": 16.01118725091023,
    "('F4', 'V9')": 12.536840101398228,
    "('F4', 'V10')": 16.822626204715103,
    "('F5', 'F1')": 4.3839704057221125,
    "('F5', 'F2')": 24.25197461127961,
    "('F5', 'F3')": 18.144942338763354,
    "('F5', 'F4')": 12.465913742348988,
    "('F5', 'F5')": 0.0,
    "('F5', 'F6')": 24.129194510153066,
    "('F5', 'D1')": 8.825724009602261,
    "('F5', 'D2')": 13.547808527018848,
    "('F5', 'V1')": 12.150772039236392,
    "('F5', 'V2')": 13.281718484612092,
    "('F5', 'V3')": 11.14087001466376,
    "('F5', 'V4')": 15.346095077227492,
    "('F5', 'V5')": 9.820536166465956,
    "('F5', 'V6')": 13.6183671667245,
    "('F5', 'V7')": 12.27898886157565,
    "('F5', 'V8')": 16.709112453659948,
    "('F5', 'V9')": 8.604881173933661,
    "('F5', 'V10')": 18.166063874076322,
    "('F6', 'F1')": 21.176577127442528,
    "('F6', 'F2')": 4.147920521411562,
    "('F6', 'F3')": 28.73931882294393,
    "('F6', 'F4')": 29.19228797872237,
    "('F6', 'F5')": 24.129194510153066,
    "('F6', 'F6')": 0.0,
    "('F6', 'D1')": 15.60550674801308,
    "('F6', 'D2')": 11.052420602820394,
    "('F6', 'V1')": 17.255631229183585,
    "('F6', 'V2')": 13.989063885207464,
    "('F6', 'V3')": 14.921988230716314,
    "('F6', 'V4')": 10.719850970536577,
    "('F6', 'V5')": 16.23340081253573,
    "('F6', 'V6')": 16.798643144329567,
    "('F6', 'V7')": 13.094079798335827,
    "('F6', 'V8')": 14.547560942341232,
    "('F6', 'V9')": 17.293753507345173,
    "('F6', 'V10')": 14.728869776840884,
    "('D1', 'F1')": 7.315021408582875,
    "('D1', 'F2')": 15.436345950127862,
    "('D1', 'F3')": 17.611617270972513,
    "('D1', 'F4')": 15.142707354190089,
    "('D1', 'F5')": 8.825724009602261,
    "('D1', 'F6')": 15.60550674801308,
    "('D1', 'D1')": 0.0,
    "('D1', 'D2')": 4.735826993122425,
    "('D1', 'V1')": 6.38428383527567,
    "('D1', 'V2')": 5.43745303119798,
    "('D1', 'V3')": 3.331202736944711,
    "('D1', 'V4')": 6.646976735583638,
    "('D1', 'V5')": 2.899692918968474,
    "('D1', 'V6')": 7.478855497792343,
    "('D1', 'V7')": 3.6556266262043686,
    "('D1', 'V8')": 9.394724781751078,
    "('D1', 'V9')": 2.8323189949715735,
    "('D1', 'V10')": 10.885385061370553,
    "('D2', 'F1')": 11.516568521705134,
    "('D2', 'F2')": 10.704578464172394,
    "('D2', 'F3')": 19.479930942717644,
    "('D2', 'F4')": 18.545954119001685,
    "('D2', 'F5')": 13.547808527018848,
    "('D2', 'F6')": 11.052420602820394,
    "('D2', 'D1')": 4.735826993122425,
    "('D2', 'D2')": 0.0,
    "('D2', 'V1')": 7.294652860535885,
    "('D2', 'V2')": 4.306093382182384,
    "('D2', 'V3')": 4.140688643078048,
    "('D2', 'V4')": 2.745151804909044,
    "('D2', 'V5')": 5.287484696784385,
    "('D2', 'V6')": 7.54499017058722,
    "('D2', 'V7')": 2.293328159908222,
    "('D2', 'V8')": 7.512819809887744,
    "('D2', 'V9')": 6.264932755551279,
    "('D2', 'V10')": 8.747920199903612,
    "('V1', 'F1')": 12.642478215220365,
    "('V1', 'F2')": 15.486897894396407,
    "('V1', 'F3')": 12.185739653112808,
    "('V1', 'F4')": 12.021512515850485,
    "('V1', 'F5')": 12.150772039236392,
    "('V1', 'F6')": 17.255631229183585,
    "('V1', 'D1')": 6.38428383527567,
    "('V1', 'D2')": 7.294652860535885,
    "('V1', 'V1')": 0.0,
    "('V1', 'V2')": 3.2893443201932953,
    "('V1', 'V3')": 3.515305330388137,
    "('V1', 'V4')": 6.546734362773724,
    "('V1', 'V5')": 3.4943644275303165,
    "('V1', 'V6')": 1.4680013116970083,
    "('V1', 'V7')": 5.061695235203416,
    "('V1', 'V8')": 4.8135448469568995,
    "('V1', 'V9')": 4.12820409273285,
    "('V1', 'V10')": 6.1537846763918225,
    "('V2', 'F1')": 12.654026205991292,
    "('V2', 'F2')": 12.42887688178585,
    "('V2', 'F3')": 15.327464316434373,
    "('V2', 'F4')": 15.223288525485028,
    "('V2', 'F5')": 13.281718484612092,
    "('V2', 'F6')": 13.989063885207464,
    "('V2', 'D1')": 5.43745303119798,
    "('V2', 'D2')": 4.306093382182384,
    "('V2', 'V1')": 3.2893443201932953,
    "('V2', 'V2')": 0.0,
    "('V2', 'V3')": 2.2148350553430864,
    "('V2', 'V4')": 3.2694141985589766,
    "('V2', 'V5')": 3.4616166517012044,
    "('V2', 'V6')": 3.2516664247763902,
    "('V2', 'V7')": 2.4298965843192293,
    "('V2', 'V8')": 3.97426487743649,
    "('V2', 'V9')": 4.693209547634513,
    "('V2', 'V10')": 5.4536279880165495,
    "('V3', 'F1')": 10.45242718136512,
    "('V3', 'F2')": 13.892089509881124,
    "('V3', 'F3')": 15.56069676438877,
    "('V3', 'F4')": 14.423443471498077,
    "('V3', 'F5')": 11.14087001466376,
    "('V3', 'F6')": 14.921988230716314,
    "('V3', 'D1')": 3.331202736944711,
    "('V3', 'D2')": 4.140688643078048,
    "('V3', 'V1')": 3.515305330388137,
    "('V3', 'V2')": 2.2148350553430864,
    "('V3', 'V3')": 0.0,
    "('V3', 'V4')": 4.540928933115349,
    "('V3', 'V5')": 1.4258676730272504,
    "('V3', 'V6')": 4.314234857896951,
    "('V3', 'V7')": 1.8692323740364536,
    "('V3', 'V8')": 6.094495621689836,
    "('V3', 'V9')": 2.6638773892090253,
    "('V3', 'V10')": 7.593796375655034,
    "('V4', 'F1')": 13.845044413681505,
    "('V4', 'F2')": 9.358378147297824,
    "('V4', 'F3')": 18.395244489717392,
    "('V4', 'F4')": 18.483230711782593,
    "('V4', 'F5')": 15.346095077227492,
    "('V4', 'F6')": 10.719850970536577,
    "('V4', 'D1')": 6.646976735583638,
    "('V4', 'D2')": 2.745151804909044,
    "('V4', 'V1')": 6.546734362773724,
    "('V4', 'V2')": 3.2694141985589766,
    "('V4', 'V3')": 4.540928933115349,
    "('V4', 'V4')": 0.0,
    "('V4', 'V5')": 5.961848917639072,
    "('V4', 'V6')": 6.25463350797015,
    "('V4', 'V7')": 3.0676684385855593,
    "('V4', 'V8')": 5.173940292318472,
    "('V4', 'V9')": 7.175916164377963,
    "('V4', 'V10')": 6.228271729517881,
    "('V5', 'F1')": 9.4767200160193,
    "('V5', 'F2')": 15.304976118060406,
    "('V5', 'F3')": 14.97008500351505,
    "('V5', 'F4')": 13.294419690976047,
    "('V5', 'F5')": 9.820536166465956,
    "('V5', 'F6')": 16.23340081253573,
    "('V5', 'D1')": 2.899692918968474,
    "('V5', 'D2')": 5.287484696784385,
    "('V5', 'V1')": 3.4943644275303165,
    "('V5', 'V2')": 3.4616166517012044,
    "('V5', 'V3')": 1.4258676730272504,
    "('V5', 'V4')": 5.961848917639072,
    "('V5', 'V5')": 0.0,
    "('V5', 'V6')": 4.674834144304054,
    "('V5', 'V7')": 3.1414876793019193,
    "('V5', 'V8')": 7.0877945744597275,
    "('V5', 'V9')": 1.2503878202240102,
    "('V5', 'V10')": 8.587008428159791,
    "('V6', 'F1')": 14.017212111776956,
    "('V6', 'F2')": 14.724273455496924,
    "('V6', 'F3')": 12.146367107726581,
    "('V6', 'F4')": 12.804919297105403,
    "('V6', 'F5')": 13.6183671667245,
    "('V6', 'F6')": 16.798643144329567,
    "('V6', 'D1')": 7.478855497792343,
    "('V6', 'D2')": 7.54499017058722,
    "('V6', 'V1')": 1.4680013116970083,
    "('V6', 'V2')": 3.2516664247763902,
    "('V6', 'V3')": 4.314234857896951,
    "('V6', 'V4')": 6.25463350797015,
    "('V6', 'V5')": 4.674834144304054,
    "('V6', 'V6')": 0.0,
    "('V6', 'V7')": 5.488902818668214,
    "('V6', 'V8')": 3.478873676165642,
    "('V6', 'V9')": 5.478591823340847,
    "('V6', 'V10')": 4.738803938997406,
    "('V7', 'F1')": 10.952726643324603,
    "('V7', 'F2')": 12.261696820510878,
    "('V7', 'F3')": 17.238210628407874,
    "('V7', 'F4')": 16.29263166282974,
    "('V7', 'F5')": 12.27898886157565,
    "('V7', 'F6')": 13.094079798335827,
    "('V7', 'D1')": 3.6556266262043686,
    "('V7', 'D2')": 2.293328159908222,
    "('V7', 'V1')": 5.061695235203416,
    "('V7', 'V2')": 2.4298965843192293,
    "('V7', 'V3')": 1.8692323740364536,
    "('V7', 'V4')": 3.0676684385855593,
    "('V7', 'V5')": 3.1414876793019193,
    "('V7', 'V6')": 5.488902818668214,
    "('V7', 'V7')": 0.0,
    "('V7', 'V8')": 6.246755794172816,
    "('V7', 'V9')": 4.260191900425703,
    "('V7', 'V10')": 7.662316552970701,
    "('V8', 'F1')": 16.52157865322319,
    "('V8', 'F2')": 11.912426940882392,
    "('V8', 'F3')": 14.260735317364354,
    "('V8', 'F4')": 16.01118725091023,
    "('V8', 'F5')": 16.709112453659948,
    "('V8', 'F6')": 14.547560942341232,
    "('V8', 'D1')": 9.394724781751078,
    "('V8', 'D2')": 7.512819809887744,
    "('V8', 'V1')": 4.8135448469568995,
    "('V8', 'V2')": 3.97426487743649,
    "('V8', 'V3')": 6.094495621689836,
    "('V8', 'V4')": 5.173940292318472,
    "('V8', 'V5')": 7.0877945744597275,
    "('V8', 'V6')": 3.478873676165642,
    "('V8', 'V7')": 6.246755794172816,
    "('V8', 'V8')": 0.0,
    "('V8', 'V9')": 8.189803307002014,
    "('V8', 'V10')": 1.502966619490196,
    "('V9', 'F1')": 8.538852779216425,
    "('V9', 'F2')": 16.496042910516564,
    "('V9', 'F3')": 14.783411008790464,
    "('V9', 'F4')": 12.536840101398228,
    "('V9', 'F5')": 8.604881173933661,
    "('V9', 'F6')": 17.293753507345173,
    "('V9', 'D1')": 2.8323189949715735,
    "('V9', 'D2')": 6.264932755551279,
    "('V9', 'V1')": 4.12820409273285,
    "('V9', 'V2')": 4.693209547634513,
    "('V9', 'V3')": 2.6638773892090253,
    "('V9', 'V4')": 7.175916164377963,
    "('V9', 'V5')": 1.2503878202240102,
    "('V9', 'V6')": 5.478591823340847,
    "('V9', 'V7')": 4.260191900425703,
    "('V9', 'V8')": 8.189803307002014,
    "('V9', 'V9')": 0.0,
    "('V9', 'V10')": 9.677460042903972,
    "('V10', 'F1')": 18.024524571907705,
    "('V10', 'F2')": 11.745644529504357,
    "('V10', 'F3')": 14.44188319284742,
    "('V10', 'F4')": 16.822626204715103,
    "('V10', 'F5')": 18.166063874076322,
    "('V10', 'F6')": 14.728869776840884,
    "('V10', 'D1')": 10.885385061370553,
    "('V10', 'D2')": 8.747920199903612,
    "('V10', 'V1')": 6.1537846763918225,
    "('V10', 'V2')": 5.4536279880165495,
    "('V10', 'V3')": 7.593796375655034,
    "('V10', 'V4')": 6.228271729517881,
    "('V10', 'V5')": 8.587008428159791,
    "('V10', 'V6')": 4.738803938997406,
    "('V10', 'V7')": 7.662316552970701,
    "('V10', 'V8')": 1.502966619490196,
    "('V10', 'V9')": 9.677460042903972,
    "('V10', 'V10')": 0.0
  },
  "tij": {
    "('F1', 'D1')": 7.315021408582875,
    "('F1', 'D2')": 11.516568521705134,
    "('F2', 'D1')": 15.436345950127862,
    "('F2', 'D2')": 10.704578464172394,
    "('F3', 'D1')": 17.611617270972513,
    "('F3', 'D2')": 19.479930942717644,
    "('F4', 'D1')": 15.142707354190089,
    "('F4', 'D2')": 18.545954119001685,
    "('F5', 'D1')": 8.825724009602261,
    "('F5', 'D2')": 13.547808527018848,
    "('F6', 'D1')": 15.60550674801308,
    "('F6', 'D2')": 11.052420602820394,
    "('D1', 'D2')": 7.103740489683636,
    "('D1', 'V1')": 9.576425752913504,
    "('D1', 'V2')": 8.15617954679697,
    "('D1', 'V3')": 4.996804105417066,
    "('D1', 'V4')": 9.970465103375457,
    "('D1', 'V5')": 4.349539378452711,
    "('D1', 'V6')": 11.218283246688515,
    "('D1', 'V7')": 5.483439939306553,
    "('D1', 'V8')": 14.092087172626616,
    "('D1', 'V9')": 4.248478492457361,
    "('D1', 'V10')": 16.328077592055827,
    "('D2', 'D1')": 7.103740489683636,
    "('D2', 'V1')": 10.941979290803827,
    "('D2', 'V2')": 6.459140073273576,
    "('D2', 'V3')": 6.211032964617071,
    "('D2', 'V4')": 4.117727707363566,
    "('D2', 'V5')": 7.931227045176577,
    "('D2', 'V6')": 11.317485255880829,
    "('D2', 'V7')": 3.4399922398623333,
    "('D2', 'V8')": 11.269229714831615,
    "('D2', 'V9')": 9.397399133326918,
    "('D2', 'V10')": 13.12188029985542,
    "('V1', 'D1')": 9.576425752913504,
    "('V1', 'D2')": 10.941979290803827,
    "('V1', 'V2')": 4.934016480289943,
    "('V1', 'V3')": 5.272957995582205,
    "('V1', 'V4')": 9.820101544160586,
    "('V1', 'V5')": 5.241546641295475,
    "('V1', 'V6')": 2.2020019675455123,
    "('V1', 'V7')": 7.592542852805124,
    "('V1', 'V8')": 7.220317270435349,
    "('V1', 'V9')": 6.192306139099275,
    "('V1', 'V10')": 9.230677014587734,
    "('V2', 'D1')": 8.15617954679697,
    "('V2', 'D2')": 6.459140073273576,
    "('V2', 'V1')": 4.934016480289943,
    "('V2', 'V3')": 3.3222525830146297,
    "('V2', 'V4')": 4.904121297838465,
    "('V2', 'V5')": 5.1924249775518065,
    "('V2', 'V6')": 4.877499637164585,
    "('V2', 'V7')": 3.6448448764788437,
    "('V2', 'V8')": 5.961397316154735,
    "('V2', 'V9')": 7.03981432145177,
    "('V2', 'V10')": 8.180441982024824,
    "('V3', 'D1')": 4.996804105417066,
    "('V3', 'D2')": 6.211032964617071,
    "('V3', 'V1')": 5.272957995582205,
    "('V3', 'V2')": 3.3222525830146297,
    "('V3', 'V4')": 6.8113933996730225,
    "('V3', 'V5')": 2.1388015095408752,
    "('V3', 'V6')": 6.471352286845426,
    "('V3', 'V7')": 2.8038485610546804,
    "('V3', 'V8')": 9.141743432534755,
    "('V3', 'V9')": 3.995816083813538,
    "('V3', 'V10')": 11.390694563482551,
    "('V4', 'D1')": 9.970465103375457,
    "('V4', 'D2')": 4.117727707363566,
    "('V4', 'V1')": 9.820101544160586,
    "('V4', 'V2')": 4.904121297838465,
    "('V4', 'V3')": 6.8113933996730225,
    "('V4', 'V5')": 8.942773376458607,
    "('V4', 'V6')": 9.381950261955224,
    "('V4', 'V7')": 4.601502657878339,
    "('V4', 'V8')": 7.760910438477707,
    "('V4', 'V9')": 10.763874246566944,
    "('V4', 'V10')": 9.342407594276821,
    "('V5', 'D1')": 4.349539378452711,
    "('V5', 'D2')": 7.931227045176577,
    "('V5', 'V1')": 5.241546641295475,
    "('V5', 'V2')": 5.1924249775518065,
    "('V5', 'V3')": 2.1388015095408752,
    "('V5', 'V4')": 8.942773376458607,
    "('V5', 'V6')": 7.012251216456081,
    "('V5', 'V7')": 4.712231518952879,
    "('V5', 'V8')": 10.631691861689593,
    "('V5', 'V9')": 1.8755817303360154,
    "('V5', 'V10')": 12.880512642239689,
    "('V6', 'D1')": 11.218283246688515,
    "('V6', 'D2')": 11.317485255880829,
    "('V6', 'V1')": 2.2020019675455123,
    "('V6', 'V2')": 4.877499637164585,
    "('V6', 'V3')": 6.471352286845426,
    "('V6', 'V4')": 9.381950261955224,
    "('V6', 'V5')": 7.012251216456081,
    "('V6', 'V7')": 8.233354228002321,
    "('V6', 'V8')": 5.218310514248463,
    "('V6', 'V9')": 8.21788773501127,
    "('V6', 'V10')": 7.1082059084961084,
    "('V7', 'D1')": 5.483439939306553,
    "('V7', 'D2')": 3.4399922398623333,
    "('V7', 'V1')": 7.592542852805124,
    "('V7', 'V2')": 3.6448448764788437,
    "('V7', 'V3')": 2.8038485610546804,
    "('V7', 'V4')": 4.601502657878339,
    "('V7', 'V5')": 4.712231518952879,
    "('V7', 'V6')": 8.233354228002321,
    "('V7', 'V8')": 9.370133691259223,
    "('V7', 'V9')": 6.390287850638554,
    "('V7', 'V10')": 11.493474829456051,
    "('V8', 'D1')": 14.092087172626616,
    "('V8', 'D2')": 11.269229714831615,
    "('V8', 'V1')": 7.220317270435349,
    "('V8', 'V2')": 5.961397316154735,
    "('V8', 'V3')": 9.141743432534755,
    "('V8', 'V4')": 7.760910438477707,
    "('V8', 'V5')": 10.631691861689593,
    "('V8', 'V6')": 5.218310514248463,
    "('V8', 'V7')": 9.370133691259223,
    "('V8', 'V9')": 12.284704960503023,
    "('V8', 'V10')": 2.254449929235294,
    "('V9', 'D1')": 4.248478492457361,
    "('V9', 'D2')": 9.397399133326918,
    "('V9', 'V1')": 6.192306139099275,
    "('V9', 'V2')": 7.03981432145177,
    "('V9', 'V3')": 3.995816083813538,
    "('V9', 'V4')": 10.763874246566944,
    "('V9', 'V5')": 1.8755817303360154,
    "('V9', 'V6')": 8.21788773501127,
    "('V9', 'V7')": 6.390287850638554,
    "('V9', 'V8')": 12.284704960503023,
    "('V9', 'V10')": 14.516190064355959,
    "('V10', 'D1')": 16.328077592055827,
    "('V10', 'D2')": 13.12188029985542,
    "('V10', 'V1')": 9.230677014587734,
    "('V10', 'V2')": 8.180441982024824,
    "('V10', 'V3')": 11.390694563482551,
    "('V10', 'V4')": 9.342407594276821,
    "('V10', 'V5')": 12.880512642239689,
    "('V10', 'V6')": 7.1082059084961084,
    "('V10', 'V7')": 11.493474829456051,
    "('V10', 'V8')": 2.254449929235294,
    "('V10', 'V9')": 14.516190064355959
  },
  "waktu": {
    "('F1', 'D1')": 7.315021408582875,
    "('F1', 'D2')": 11.516568521705134,
    "('F2', 'D1')": 15.436345950127862,
    "('F2', 'D2')": 10.704578464172394,
    "('F3', 'D1')": 17.611617270972513,
    "('F3', 'D2')": 19.479930942717644,
    "('F4', 'D1')": 15.142707354190089,
    "('F4', 'D2')": 18.545954119001685,
    "('F5', 'D1')": 8.825724009602261,
    "('F5', 'D2')": 13.547808527018848,
    "('F6', 'D1')": 15.60550674801308,
    "('F6', 'D2')": 11.052420602820394,
    "('D1', 'D2')": 7.103740489683636,
    "('D1', 'V1')": 9.576425752913504,
    "('D1', 'V2')": 8.15617954679697,
    "('D1', 'V3')": 4.996804105417066,
    "('D1', 'V4')": 9.970465103375457,
    "('D1', 'V5')": 4.349539378452711,
    "('D1', 'V6')": 11.218283246688515,
    "('D1', 'V7')": 5.483439939306553,
    "('D1', 'V8')": 14.092087172626616,
    "('D1', 'V9')": 4.248478492457361,
    "('D1', 'V10')": 16.328077592055827,
    "('D2', 'D1')": 7.103740489683636,
    "('D2', 'V1')": 10.941979290803827,
    "('D2', 'V2')": 6.459140073273576,
    "('D2', 'V3')": 6.211032964617071,
    "('D2', 'V4')": 4.117727707363566,
    "('D2', 'V5')": 7.931227045176577,
    "('D2', 'V6')": 11.317485255880829,
    "('D2', 'V7')": 3.4399922398623333,
    "('D2', 'V8')": 11.269229714831615,
    "('D2', 'V9')": 9.397399133326918,
    "('D2', 'V10')": 13.12188029985542,
    "('V1', 'D1')": 9.576425752913504,
    "('V1', 'D2')": 10.941979290803827,
    "('V1', 'V2')": 4.934016480289943,
    "('V1', 'V3')": 5.272957995582205,
    "('V1', 'V4')": 9.820101544160586,
    "('V1', 'V5')": 5.241546641295475,
    "('V1', 'V6')": 2.2020019675455123,
    "('V1', 'V7')": 7.592542852805124,
    "('V1', 'V8')": 7.220317270435349,
    "('V1', 'V9')": 6.192306139099275,
    "('V1', 'V10')": 9.230677014587734,
    "('V2', 'D1')": 8.15617954679697,
    "('V2', 'D2')": 6.459140073273576,
    "('V2', 'V1')": 4.934016480289943,
    "('V2', 'V3')": 3.3222525830146297,
    "('V2', 'V4')": 4.904121297838465,
    "('V2', 'V5')": 5.1924249775518065,
    "('V2', 'V6')": 4.877499637164585,
    "('V2', 'V7')": 3.6448448764788437,
    "('V2', 'V8')": 5.961397316154735,
    "('V2', 'V9')": 7.03981432145177,
    "('V2', 'V10')": 8.180441982024824,
    "('V3', 'D1')": 4.996804105417066,
    "('V3', 'D2')": 6.211032964617071,
    "('V3', 'V1')": 5.272957995582205,
    "('V3', 'V2')": 3.3222525830146297,
    "('V3', 'V4')": 6.8113933996730225,
    "('V3', 'V5')": 2.1388015095408752,
    "('V3', 'V6')": 6.471352286845426,
    "('V3', 'V7')": 2.8038485610546804,
    "('V3', 'V8')": 9.141743432534755,
    "('V3', 'V9')": 3.995816083813538,
    "('V3', 'V10')": 11.390694563482551,
    "('V4', 'D1')": 9.970465103375457,
    "('V4', 'D2')": 4.117727707363566,
    "('V4', 'V1')": 9.820101544160586,
    "('V4', 'V2')": 4.904121297838465,
    "('V4', 'V3')": 6.8113933996730225,
    "('V4', 'V5')": 8.942773376458607,
    "('V4', 'V6')": 9.381950261955224,
    "('V4', 'V7')": 4.601502657878339,
    "('V4', 'V8')": 7.760910438477707,
    "('V4', 'V9')": 10.763874246566944,
    "('V4', 'V10')": 9.342407594276821,
    "('V5', 'D1')": 4.349539378452711,
    "('V5', 'D2')": 7.931227045176577,
    "('V5', 'V1')": 5.241546641295475,
    "('V5', 'V2')": 5.1924249775518065,
    "('V5', 'V3')": 2.1388015095408752,
    "('V5', 'V4')": 8.942773376458607,
    "('V5', 'V6')": 7.012251216456081,
    "('V5', 'V7')": 4.712231518952879,
    "('V5', 'V8')": 10.631691861689593,
    "('V5', 'V9')": 1.8755817303360154,
    "('V5', 'V10')": 12.880512642239689,
    "('V6', 'D1')": 11.218283246688515,
    "('V6', 'D2')": 11.317485255880829,
    "('V6', 'V1')": 2.2020019675455123,
    "('V6', 'V2')": 4.877499637164585,
    "('V6', 'V3')": 6.471352286845426,
    "('V6', 'V4')": 9.381950261955224,
    "('V6', 'V5')": 7.012251216456081,
    "('V6', 'V7')": 8.233354228002321,
    "('V6', 'V8')": 5.218310514248463,
    "('V6', 'V9')": 8.21788773501127,
    "('V6', 'V10')": 7.1082059084961084,
    "('V7', 'D1')": 5.483439939306553,
    "('V7', 'D2')": 3.4399922398623333,
    "('V7', 'V1')": 7.592542852805124,
    "('V7', 'V2')": 3.6448448764788437,
    "('V7', 'V3')": 2.8038485610546804,
    "('V7', 'V4')": 4.601502657878339,
    "('V7', 'V5')": 4.712231518952879,
    "('V7', 'V6')": 8.233354228002321,
    "('V7', 'V8')": 9.370133691259223,
    "('V7', 'V9')": 6.390287850638554,
    "('V7', 'V10')": 11.493474829456051,
    "('V8', 'D1')": 14.092087172626616,
    "('V8', 'D2')": 11.269229714831615,
    "('V8', 'V1')": 7.220317270435349,
    "('V8', 'V2')": 5.961397316154735,
    "('V8', 'V3')": 9.141743432534755,
    "('V8', 'V4')": 7.760910438477707,
    "('V8', 'V5')": 10.631691861689593,
    "('V8', 'V6')": 5.218310514248463,
    "('V8', 'V7')": 9.370133691259223,
    "('V8', 'V9')": 12.284704960503023,
    "('V8', 'V10')": 2.254449929235294,
    "('V9', 'D1')": 4.248478492457361,
    "('V9', 'D2')": 9.397399133326918,
    "('V9', 'V1')": 6.192306139099275,
    "('V9', 'V2')": 7.03981432145177,
    "('V9', 'V3')": 3.995816083813538,
    "('V9', 'V4')": 10.763874246566944,
    "('V9', 'V5')": 1.8755817303360154,
    "('V9', 'V6')": 8.21788773501127,
    "('V9', 'V7')": 6.390287850638554,
    "('V9', 'V8')": 12.284704960503023,
    "('V9', 'V10')": 14.516190064355959,
    "('V10', 'D1')": 16.328077592055827,
    "('V10', 'D2')": 13.12188029985542,
    "('V10', 'V1')": 9.230677014587734,
    "('V10', 'V2')": 8.180441982024824,
    "('V10', 'V3')": 11.390694563482551,
    "('V10', 'V4')": 9.342407594276821,
    "('V10', 'V5')": 12.880512642239689,
    "('V10', 'V6')": 7.1082059084961084,
    "('V10', 'V7')": 11.493474829456051,
    "('V10', 'V8')": 2.254449929235294,
    "('V10', 'V9')": 14.516190064355959
  },
  "truck_arcs": [
    {
      "p": "F1",
      "j": "D1",
      "cost": 7.315021408582875
    },
    {
      "p": "F1",
      "j": "D2",
      "cost": 11.516568521705134
    },
    {
      "p": "F2",
      "j": "D1",
      "cost": 15.436345950127862
    },
    {
      "p": "F2",
      "j": "D2",
      "cost": 10.704578464172394
    },
    {
      "p": "F3",
      "j": "D1",
      "cost": 17.611617270972513
    },
    {
      "p": "F3",
      "j": "D2",
      "cost": 19.479930942717644
    },
    {
      "p": "F4",
      "j": "D1",
      "cost": 15.142707354190089
    },
    {
      "p": "F4",
      "j": "D2",
      "cost": 18.545954119001685
    },
    {
      "p": "F5",
      "j": "D1",
      "cost": 8.825724009602261
    },
    {
      "p": "F5",
      "j": "D2",
      "cost": 13.547808527018848
    },
    {
      "p": "F6",
      "j": "D1",
      "cost": 15.60550674801308
    },
    {
      "p": "F6",
      "j": "D2",
      "cost": 11.052420602820394
    }
  ],
  "uav_arcs": [
    {
      "u": "D1",
      "v": "D2",
      "cost": 4.735826993122425
    },
    {
      "u": "D1",
      "v": "V1",
      "cost": 6.38428383527567
    },
    {
      "u": "D1",
      "v": "V2",
      "cost": 5.43745303119798
    },
    {
      "u": "D1",
      "v": "V3",
      "cost": 3.331202736944711
    },
    {
      "u": "D1",
      "v": "V4",
      "cost": 6.646976735583638
    },
    {
      "u": "D1",
      "v": "V5",
      "cost": 2.899692918968474
    },
    {
      "u": "D1",
      "v": "V6",
      "cost": 7.478855497792343
    },
    {
      "u": "D1",
      "v": "V7",
      "cost": 3.6556266262043686
    },
    {
      "u": "D1",
      "v": "V8",
      "cost": 9.394724781751078
    },
    {
      "u": "D1",
      "v": "V9",
      "cost": 2.8323189949715735
    },
    {
      "u": "D1",
      "v": "V10",
      "cost": 10.885385061370553
    },
    {
      "u": "D2",
      "v": "D1",
      "cost": 4.735826993122425
    },
    {
      "u": "D2",
      "v": "V1",
      "cost": 7.294652860535885
    },
    {
      "u": "D2",
      "v": "V2",
      "cost": 4.306093382182384
    },
    {
      "u": "D2",
      "v": "V3",
      "cost": 4.140688643078048
    },
    {
      "u": "D2",
      "v": "V4",
      "cost": 2.745151804909044
    },
    {
      "u": "D2",
      "v": "V5",
      "cost": 5.287484696784385
    },
    {
      "u": "D2",
      "v": "V6",
      "cost": 7.54499017058722
    },
    {
      "u": "D2",
      "v": "V7",
      "cost": 2.293328159908222
    },
    {
      "u": "D2",
      "v": "V8",
      "cost": 7.512819809887744
    },
    {
      "u": "D2",
      "v": "V9",
      "cost": 6.264932755551279
    },
    {
      "u": "D2",
      "v": "V10",
      "cost": 8.747920199903612
    },
    {
      "u": "V1",
      "v": "D1",
      "cost": 6.38428383527567
    },
    {
      "u": "V1",
      "v": "D2",
      "cost": 7.294652860535885
    },
    {
      "u": "V1",
      "v": "V2",
      "cost": 3.2893443201932953
    },
    {
      "u": "V1",
      "v": "V3",
      "cost": 3.515305330388137
    },
    {
      "u": "V1",
      "v": "V4",
      "cost": 6.546734362773724
    },
    {
      "u": "V1",
      "v": "V5",
      "cost": 3.4943644275303165
    },
    {
      "u": "V1",
      "v": "V6",
      "cost": 1.4680013116970083
    },
    {
      "u": "V1",
      "v": "V7",
      "cost": 5.061695235203416
    },
    {
      "u": "V1",
      "v": "V8",
      "cost": 4.8135448469568995
    },
    {
      "u": "V1",
      "v": "V9",
      "cost": 4.12820409273285
    },
    {
      "u": "V1",
      "v": "V10",
      "cost": 6.1537846763918225
    },
    {
      "u": "V2",
      "v": "D1",
      "cost": 5.43745303119798
    },
    {
      "u": "V2",
      "v": "D2",
      "cost": 4.306093382182384
    },
    {
      "u": "V2",
      "v": "V1",
      "cost": 3.2893443201932953
    },
    {
      "u": "V2",
      "v": "V3",
      "cost": 2.2148350553430864
    },
    {
      "u": "V2",
      "v": "V4",
      "cost": 3.2694141985589766
    },
    {
      "u": "V2",
      "v": "V5",
      "cost": 3.4616166517012044
    },
    {
      "u": "V2",
      "v": "V6",
      "cost": 3.2516664247763902
    },
    {
      "u": "V2",
      "v": "V7",
      "cost": 2.4298965843192293
    },
    {
      "u": "V2",
      "v": "V8",
      "cost": 3.97426487743649
    },
    {
      "u": "V2",
      "v": "V9",
      "cost": 4.693209547634513
    },
    {
      "u": "V2",
      "v": "V10",
      "cost": 5.4536279880165495
    },
    {
      "u": "V3",
      "v": "D1",
      "cost": 3.331202736944711
    },
    {
      "u": "V3",
      "v": "D2",
      "cost": 4.140688643078048
    },
    {
      "u": "V3",
      "v": "V1",
      "cost": 3.515305330388137
    },
    {
      "u": "V3",
      "v": "V2",
      "cost": 2.2148350553430864
    },
    {
      "u": "V3",
      "v": "V4",
      "cost": 4.540928933115349
    },
    {
      "u": "V3",
      "v": "V5",
      "cost": 1.4258676730272504
    },
    {
      "u": "V3",
      "v": "V6",
      "cost": 4.314234857896951
    },
    {
      "u": "V3",
      "v": "V7",
      "cost": 1.8692323740364536
    },
    {
      "u": "V3",
      "v": "V8",
      "cost": 6.094495621689836
    },
    {
      "u": "V3",
      "v": "V9",
      "cost": 2.6638773892090253
    },
    {
      "u": "V3",
      "v": "V10",
      "cost": 7.593796375655034
    },
    {
      "u": "V4",
      "v": "D1",
      "cost": 6.646976735583638
    },
    {
      "u": "V4",
      "v": "D2",
      "cost": 2.745151804909044
    },
    {
      "u": "V4",
      "v": "V1",
      "cost": 6.546734362773724
    },
    {
      "u": "V4",
      "v": "V2",
      "cost": 3.2694141985589766
    },
    {
      "u": "V4",
      "v": "V3",
      "cost": 4.540928933115349
    },
    {
      "u": "V4",
      "v": "V5",
      "cost": 5.961848917639072
    },
    {
      "u": "V4",
      "v": "V6",
      "cost": 6.25463350797015
    },
    {
      "u": "V4",
      "v": "V7",
      "cost": 3.0676684385855593
    },
    {
      "u": "V4",
      "v": "V8",
      "cost": 5.173940292318472
    },
    {
      "u": "V4",
      "v": "V9",
      "cost": 7.175916164377963
    },
    {
      "u": "V4",
      "v": "V10",
      "cost": 6.228271729517881
    },
    {
      "u": "V5",
      "v": "D1",
      "cost": 2.899692918968474
    },
    {
      "u": "V5",
      "v": "D2",
      "cost": 5.287484696784385
    },
    {
      "u": "V5",
      "v": "V1",
      "cost": 3.4943644275303165
    },
    {
      "u": "V5",
      "v": "V2",
      "cost": 3.4616166517012044
    },
    {
      "u": "V5",
      "v": "V3",
      "cost": 1.4258676730272504
    },
    {
      "u": "V5",
      "v": "V4",
      "cost": 5.961848917639072
    },
    {
      "u": "V5",
      "v": "V6",
      "cost": 4.674834144304054
    },
    {
      "u": "V5",
      "v": "V7",
      "cost": 3.1414876793019193
    },
    {
      "u": "V5",
      "v": "V8",
      "cost": 7.0877945744597275
    },
    {
      "u": "V5",
      "v": "V9",
      "cost": 1.2503878202240102
    },
    {
      "u": "V5",
      "v": "V10",
      "cost": 8.587008428159791
    },
    {
      "u": "V6",
      "v": "D1",
      "cost": 7.478855497792343
    },
    {
      "u": "V6",
      "v": "D2",
      "cost": 7.54499017058722
    },
    {
      "u": "V6",
      "v": "V1",
      "cost": 1.4680013116970083
    },
    {
      "u": "V6",
      "v": "V2",
      "cost": 3.2516664247763902
    },
    {
      "u": "V6",
      "v": "V3",
      "cost": 4.314234857896951
    },
    {
      "u": "V6",
      "v": "V4",
      "cost": 6.25463350797015
    },
    {
      "u": "V6",
      "v": "V5",
      "cost": 4.674834144304054
    },
    {
      "u": "V6",
      "v": "V7",
      "cost": 5.488902818668214
    },
    {
      "u": "V6",
      "v": "V8",
      "cost": 3.478873676165642
    },
    {
      "u": "V6",
      "v": "V9",
      "cost": 5.478591823340847
    },
    {
      "u": "V6",
      "v": "V10",
      "cost": 4.738803938997406
    },
    {
      "u": "V7",
      "v": "D1",
      "cost": 3.6556266262043686
    },
    {
      "u": "V7",
      "v": "D2",
      "cost": 2.293328159908222
    },
    {
      "u": "V7",
      "v": "V1",
      "cost": 5.061695235203416
    },
    {
      "u": "V7",
      "v": "V2",
      "cost": 2.4298965843192293
    },
    {
      "u": "V7",
      "v": "V3",
      "cost": 1.8692323740364536
    },
    {
      "u": "V7",
      "v": "V4",
      "cost": 3.0676684385855593
    },
    {
      "u": "V7",
      "v": "V5",
      "cost": 3.1414876793019193
    },
    {
      "u": "V7",
      "v": "V6",
      "cost": 5.488902818668214
    },
    {
      "u": "V7",
      "v": "V8",
      "cost": 6.246755794172816
    },
    {
      "u": "V7",
      "v": "V9",
      "cost": 4.260191900425703
    },
    {
      "u": "V7",
      "v": "V10",
      "cost": 7.662316552970701
    },
    {
      "u": "V8",
      "v": "D1",
      "cost": 9.394724781751078
    },
    {
      "u": "V8",
      "v": "D2",
      "cost": 7.512819809887744
    },
    {
      "u": "V8",
      "v": "V1",
      "cost": 4.8135448469568995
    },
    {
      "u": "V8",
      "v": "V2",
      "cost": 3.97426487743649
    },
    {
      "u": "V8",
      "v": "V3",
      "cost": 6.094495621689836
    },
    {
      "u": "V8",
      "v": "V4",
      "cost": 5.173940292318472
    },
    {
      "u": "V8",
      "v": "V5",
      "cost": 7.0877945744597275
    },
    {
      "u": "V8",
      "v": "V6",
      "cost": 3.478873676165642
    },
    {
      "u": "V8",
      "v": "V7",
      "cost": 6.246755794172816
    },
    {
      "u": "V8",
      "v": "V9",
      "cost": 8.189803307002014
    },
    {
      "u": "V8",
      "v": "V10",
      "cost": 1.502966619490196
    },
    {
      "u": "V9",
      "v": "D1",
      "cost": 2.8323189949715735
    },
    {
      "u": "V9",
      "v": "D2",
      "cost": 6.264932755551279
    },
    {
      "u": "V9",
      "v": "V1",
      "cost": 4.12820409273285
    },
    {
      "u": "V9",
      "v": "V2",
      "cost": 4.693209547634513
    },
    {
      "u": "V9",
      "v": "V3",
      "cost": 2.6638773892090253
    },
    {
      "u": "V9",
      "v": "V4",
      "cost": 7.175916164377963
    },
    {
      "u": "V9",
      "v": "V5",
      "cost": 1.2503878202240102
    },
    {
      "u": "V9",
      "v": "V6",
      "cost": 5.478591823340847
    },
    {
      "u": "V9",
      "v": "V7",
      "cost": 4.260191900425703
    },
    {
      "u": "V9",
      "v": "V8",
      "cost": 8.189803307002014
    },
    {
      "u": "V9",
      "v": "V10",
      "cost": 9.677460042903972
    },
    {
      "u": "V10",
      "v": "D1",
      "cost": 10.885385061370553
    },
    {
      "u": "V10",
      "v": "D2",
      "cost": 8.747920199903612
    },
    {
      "u": "V10",
      "v": "V1",
      "cost": 6.1537846763918225
    },
    {
      "u": "V10",
      "v": "V2",
      "cost": 5.4536279880165495
    },
    {
      "u": "V10",
      "v": "V3",
      "cost": 7.593796375655034
    },
    {
      "u": "V10",
      "v": "V4",
      "cost": 6.228271729517881
    },
    {
      "u": "V10",
      "v": "V5",
      "cost": 8.587008428159791
    },
    {
      "u": "V10",
      "v": "V6",
      "cost": 4.738803938997406
    },
    {
      "u": "V10",
      "v": "V7",
      "cost": 7.662316552970701
    },
    {
      "u": "V10",
      "v": "V8",
      "cost": 1.502966619490196
    },
    {
      "u": "V10",
      "v": "V9",
      "cost": 9.677460042903972
    }
  ],
  "number_of_uav": null
}