{
  "n_center": 3,
  "n_community": 10,
  "n_warehouse": 6,
  "set_F": [
    "F1",
    "F2",
    "F3",
    "F4",
    "F5",
    "F6"
  ],
  "set_D": [
    "D1",
    "D2",
    "D3"
  ],
  "set_V": [
    "V1",
    "V2",
    "V3",
    "V4",
    "V5",
    "V6",
    "V7",
    "V8",
    "V9",
    "V10"
  ],
  "set_A": [
    "('F1', 'D1')",
    "('F1', 'D2')",
    "('F1', 'D3')",
    "('F2', 'D1')",
    "('F2', 'D2')",
    "('F2', 'D3')",
    "('F3', 'D1')",
    "('F3', 'D2')",
    "('F3', 'D3')",
    "('F4', 'D1')",
    "('F4', 'D2')",
    "('F4', 'D3')",
    "('F5', 'D1')",
    "('F5', 'D2')",
    "('F5', 'D3')",
    "('F6', 'D1')",
    "('F6', 'D2')",
    "('F6', 'D3')",
    "('D1', 'D2')",
    "('D1', 'D3')",
    "('D1', 'V1')",
    "('D1', 'V2')",
    "('D1', 'V3')",
    "('D1', 'V4')",
    "('D1', 'V5')",
    "('D1', 'V6')",
    "('D1', 'V7')",
    "('D1', 'V8')",
    "('D1', 'V9')",
    "('D1', 'V10')",
    "('D2', 'D1')",
    "('D2', 'D3')",
    "('D2', 'V1')",
    "('D2', 'V2')",
    "('D2', 'V3')",
    "('D2', 'V4')",
    "('D2', 'V5')",
    "('D2', 'V6')",
    "('D2', 'V7')",
    "('D2', 'V8')",
    "('D2', 'V9')",
    "('D2', 'V10')",
    "('D3', 'D1')",
    "('D3', 'D2')",
    "('D3', 'V1')",
    "('D3', 'V2')",
    "('D3', 'V3')",
    "('D3', 'V4')",
    "('D3', 'V5')",
    "('D3', 'V6')",
    "('D3', 'V7')",
    "('D3', 'V8')",
    "('D3', 'V9')",
    "('D3', 'V10')",
    "('V1', 'D1')",
    "('V1', 'D2')",
    "('V1', 'D3')",
    "('V1', 'V2')",
    "('V1', 'V3')",
    "('V1', 'V4')",
    "('V1', 'V5')",
    "('V1', 'V6')",
    "('V1', 'V7')",
    "('V1', 'V8')",
    "('V1', 'V9')",
    "('V1', 'V10')",
    "('V2', 'D1')",
    "('V2', 'D2')",
    "('V2', 'D3')",
    "('V2', 'V1')",
    "('V2', 'V3')",
    "('V2', 'V4')",
    "('V2', 'V5')",
    "('V2', 'V6')",
    "('V2', 'V7')",
    "('V2', 'V8')",
    "('V2', 'V9')",
    "('V2', 'V10')",
    "('V3', 'D1')",
    "('V3', 'D2')",
    "('V3', 'D3')",
    "('V3', 'V1')",
    "('V3', 'V2')",
    "('V3', 'V4')",
    "('V3', 'V5')",
    "('V3', 'V6')",
    "('V3', 'V7')",
    "('V3', 'V8')",
    "('V3', 'V9')",
    "('V3', 'V10')",
    "('V4', 'D1')",
    "('V4', 'D2')",
    "('V4', 'D3')",
    "('V4', 'V1')",
    "('V4', 'V2')",
    "('V4', 'V3')",
    "('V4', 'V5')",
    "('V4', 'V6')",
    "('V4', 'V7')",
    "('V4', 'V8')",
    "('V4', 'V9')",
    "('V4', 'V10')",
    "('V5', 'D1')",
    "('V5', 'D2')",
    "('V5', 'D3')",
    "('V5', 'V1')",
    "('V5', 'V2')",
    "('V5', 'V3')",
    "('V5', 'V4')",
    "('V5', 'V6')",
    "('V5', 'V7')",
    "('V5', 'V8')",
    "('V5', 'V9')",
    "('V5', 'V10')",
    "('V6', 'D1')",
    "('V6', 'D2')",
    "('V6', 'D3')",
    "('V6', 'V1')",
    "('V6', 'V2')",
    "('V6', 'V3')",
    "('V6', 'V4')",
    "('V6', 'V5')",
    "('V6', 'V7')",
    "('V6', 'V8')",
    "('V6', 'V9')",
    "('V6', 'V10')",
    "('V7', 'D1')",
    "('V7', 'D2')",
    "('V7', 'D3')",
    "('V7', 'V1')",
    "('V7', 'V2')",
    "('V7', 'V3')",
    "('V7', 'V4')",
    "('V7', 'V5')",
    "('V7', 'V6')",
    "('V7', 'V8')",
    "('V7', 'V9')",
    "('V7', 'V10')",
    "('V8', 'D1')",
    "('V8', 'D2')",
    "('V8', 'D3')",
    "('V8', 'V1')",
    "('V8', 'V2')",
    "('V8', 'V3')",
    "('V8', 'V4')",
    "('V8', 'V5')",
    "('V8', 'V6')",
    "('V8', 'V7')",
    "('V8', 'V9')",
    "('V8', 'V10')",
    "('V9', 'D1')",
    "('V9', 'D2')",
    "('V9', 'D3')",
    "('V9', 'V1')",
    "('V9', 'V2')",
    "('V9', 'V3')",
    "('V9', 'V4')",
    "('V9', 'V5')",
    "('V9', 'V6')",
    "('V9', 'V7')",
    "('V9', 'V8')",
    "('V9', 'V10')",
    "('V10', 'D1')",
    "('V10', 'D2')",
    "('V10', 'D3')",
    "('V10', 'V1')",
    "('V10', 'V2')",
    "('V10', 'V3')",
    "('V10', 'V4')",
    "('V10', 'V5')",
    "('V10', 'V6')",
    "('V10', 'V7')",
    "('V10', 'V8')",
    "('V10', 'V9')"
  ],
  "set_L": [
    "L1",
    "L2",
    "L3",
    "L4",
    "L5"
  ],
  "set_T": [
    "T1",
    "T2",
    "T3",
    "T4",
    "T5",
    "T6",
    "T7",
    "T8"
  ],
  "set_U": [
    "U1",
    "U2",
    "U3",
    "U4",
    "U5",
    "U6",
    "U7",
    "U8",
    "U9",
    "U10"
  ],
  "par_d": {
    "V1": 14,
    "V2": 36,
    "V3": 16,
    "V4": 26,
    "V5": 5,
    "V6": 32,
    "V7": 24,
    "V8": 26,
    "V9": 38,
    "V10": 25
  },
  "par_r": 227,
  "par_n": 250,
  "par_h": 50,
  "par_m": 180,
  "par_v": 20,
  "par_l": {
    "L1": 72,
    "L2": 132,
    "L3": 168,
    "L4": 180,
    "L5": 192
  },
  "par_f": {
    "D1": 64.0,
    "D2": 108.0,
    "D3": 93.0
  },
  "par_o_items": [
    {
      "j": "D1",
      "l": "L1",
      "value": 28.0
    },
    {
      "j": "D1",
      "l": "L2",
      "value": 49.0
    },
    {
      "j": "D1",
      "l": "L3",
      "value": 60.0
    },
    {
      "j": "D1",
      "l": "L4",
      "value": 64.0
    },
    {
      "j": "D1",
      "l": "L5",
      "value": 68.0
    },
    {
      "j": "D2",
      "l": "L1",
      "value": 28.0
    },
    {
      "j": "D2",
      "l": "L2",
      "value": 49.0
    },
    {
      "j": "D2",
      "l": "L3",
      "value": 60.0
    },
    {
      "j": "D2",
      "l": "L4",
      "value": 64.0
    },
    {
      "j": "D2",
      "l": "L5",
      "value": 68.0
    },
    {
      "j": "D3",
      "l": "L1",
      "value": 28.0
    },
    {
      "j": "D3",
      "l": "L2",
      "value": 49.0
    },
    {
      "j": "D3",
      "l": "L3",
      "value": 60.0
    },
    {
      "j": "D3",
      "l": "L4",
      "value": 64.0
    },
    {
      "j": "D3",
      "l": "L5",
      "value": 68.0
    }
  ],
  "par_s_items": [
    {
      "j": "D1",
      "l": "L1",
      "value": 72.0
    },
    {
      "j": "D1",
      "l": "L2",
      "value": 132.0
    },
    {
      "j": "D1",
      "l": "L3",
      "value": 168.0
    },
    {
      "j": "D1",
      "l": "L4",
      "value": 180.0
    },
    {
      "j": "D1",
      "l": "L5",
      "value": 192.0
    },
    {
      "j": "D2",
      "l": "L1",
      "value": 72.0
    },
    {
      "j": "D2",
      "l": "L2",
      "value": 132.0
    },
    {
      "j": "D2",
      "l": "L3",
      "value": 168.0
    },
    {
      "j": "D2",
      "l": "L4",
      "value": 180.0
    },
    {
      "j": "D2",
      "l": "L5",
      "value": 192.0
    },
    {
      "j": "D3",
      "l": "L1",
      "value": 72.0
    },
    {
      "j": "D3",
      "l": "L2",
      "value": 132.0
    },
    {
      "j": "D3",
      "l": "L3",
      "value": 168.0
    },
    {
      "j": "D3",
      "l": "L4",
      "value": 180.0
    },
    {
      "j": "D3",
      "l": "L5",
      "value": 192.0
    }
  ],
  "par_t": 242.0,
  "par_c": {
    "('F1', 'D1')": 7.030274738122607,
    "('F1', 'D2')": 8.736535691939707,
    "('F1', 'D3')": 14.644093874142213,
    "('F2', 'D1')": 16.802704630363916,
    "('F2', 'D2')": 13.19122780349337,
    "('F2', 'D3')": 8.264806426272854,
    "('F3', 'D1')": 7.779851753576417,
    "('F3', 'D2')": 10.882120349909007,
    "('F3', 'D3')": 16.67506796722585,
    "('F4', 'D1')": 16.032982416115374,
    "('F4', 'D2')": 18.969433330676186,
    "('F4', 'D3')": 20.941511718849316,
    "('F5', 'D1')": 19.534484308228123,
    "('F5', 'D2')": 19.117022357419664,
    "('F5', 'D3')": 15.518698526309795,
    "('F6', 'D1')": 15.008250749936579,
    "('F6', 'D2')": 11.251308745442174,
    "('F6', 'D3')": 8.152876277546817,
    "('D1', 'D2')": 3.7570402423632836,
    "('D1', 'D3')": 9.025780404165088,
    "('D1', 'V1')": 9.720385041084173,
    "('D1', 'V2')": 6.214278716257529,
    "('D1', 'V3')": 6.455799875509205,
    "('D1', 'V4')": 8.846449043679073,
    "('D1', 'V5')": 4.867897967628534,
    "('D1', 'V6')": 8.186302505959128,
    "('D1', 'V7')": 10.529217837600372,
    "('D1', 'V8')": 9.306799211223737,
    "('D1', 'V9')": 6.510876359380716,
    "('D1', 'V10')": 5.215611652682747,
    "('D2', 'D1')": 3.7570402423632836,
    "('D2', 'D3')": 5.936712280509374,
    "('D2', 'V1')": 10.681962842511997,
    "('D2', 'V2')": 7.085658430439185,
    "('D2', 'V3')": 3.6941131636810933,
    "('D2', 'V4')": 8.32188117166999,
    "('D2', 'V5')": 2.636971178777365,
    "('D2', 'V6')": 8.709769425909618,
    "('D2', 'V7')": 9.959972272262775,
    "('D2', 'V8')": 9.624106123447614,
    "('D2', 'V9')": 6.1362444643876435,
    "('D2', 'V10')": 5.513288738477468,
    "('D3', 'D1')": 9.025780404165088,
    "('D3', 'D2')": 5.936712280509374,
    "('D3', 'V1')": 10.383095883693969,
    "('D3', 'V2')": 7.970579480458648,
    "('D3', 'V3')": 2.5915566068356024,
    "('D3', 'V4')": 6.4757914018405245,
    "('D3', 'V5')": 4.202849764818218,
    "('D3', 'V6')": 8.365335154033064,
    "('D3', 'V7')": 7.427786509049763,
    "('D3', 'V8')": 8.634086779086413,
    "('D3', 'V9')": 5.833920567701274,
    "('D3', 'V10')": 6.635749704975544,
    "('V1', 'D1')": 9.720385041084173,
    "('V1', 'D2')": 10.681962842511997,
    "('V1', 'D3')": 10.383095883693969,
    "('V1', 'V2')": 3.6476001310082014,
    "('V1', 'V3')": 9.078297367377195,
    "('V1', 'V4')": 4.058097971778019,
    "('V1', 'V5')": 8.574962181994273,
    "('V1', 'V6')": 2.101639577817885,
    "('V1', 'V7')": 4.171322268956448,
    "('V1', 'V8')": 1.8662216779624639,
    "('V1', 'V9')": 4.907583103380622,
    "('V1', 'V10')": 5.168715954299781,
    "('V2', 'D1')": 6.214278716257529,
    "('V2', 'D2')": 7.085658430439185,
    "('V2', 'D3')": 7.970579480458648,
    "('V2', 'V1')": 3.6476001310082014,
    "('V2', 'V3')": 6.07084848944004,
    "('V2', 'V4')": 3.446137765571779,
    "('V2', 'V5')": 5.207280677217991,
    "('V2', 'V6')": 1.984916105858518,
    "('V2', 'V7')": 4.8615398803021534,
    "('V2', 'V8')": 3.1283445575599047,
    "('V2', 'V9')": 2.1818234019078906,
    "('V2', 'V10')": 1.636840075334753,
    "('V3', 'D1')": 6.455799875509205,
    "('V3', 'D2')": 3.6941131636810933,
    "('V3', 'D3')": 2.5915566068356024,
    "('V3', 'V1')": 9.078297367377195,
    "('V3', 'V2')": 6.07084848944004,
    "('V3', 'V4')": 5.69182128199653,
    "('V3', 'V5')": 1.6113048966706163,
    "('V3', 'V6')": 6.9773496730482725,
    "('V3', 'V7')": 7.100608416061094,
    "('V3', 'V8')": 7.556041090054303,
    "('V3', 'V9')": 4.185041068207639,
    "('V3', 'V10')": 4.533607075343589,
    "('V4', 'D1')": 8.846449043679073,
    "('V4', 'D2')": 8.32188117166999,
    "('V4', 'D3')": 6.4757914018405245,
    "('V4', 'V1')": 4.058097971778019,
    "('V4', 'V2')": 3.446137765571779,
    "('V4', 'V3')": 5.69182128199653,
    "('V4', 'V5')": 5.772934927445828,
    "('V4', 'V6')": 2.3796020278773717,
    "('V4', 'V7')": 1.697813533482969,
    "('V4', 'V8')": 2.2123086814609727,
    "('V4', 'V9')": 2.355558845185652,
    "('V4', 'V10')": 3.6643762022926123,
    "('V5', 'D1')": 4.867897967628534,
    "('V5', 'D2')": 2.636971178777365,
    "('V5', 'D3')": 4.202849764818218,
    "('V5', 'V1')": 8.574962181994273,
    "('V5', 'V2')": 5.207280677217991,
    "('V5', 'V3')": 1.6113048966706163,
    "('V5', 'V4')": 5.772934927445828,
    "('V5', 'V6')": 6.505010782589703,
    "('V5', 'V7')": 7.3719992348930345,
    "('V5', 'V8')": 7.288888163652957,
    "('V5', 'V9')": 3.751511214872383,
    "('V5', 'V10')": 3.5745076155663202,
    "('V6', 'D1')": 8.186302505959128,
    "('V6', 'D2')": 8.709769425909618,
    "('V6', 'D3')": 8.365335154033064,
    "('V6', 'V1')": 2.101639577817885,
    "('V6', 'V2')": 1.984916105858518,
    "('V6', 'V3')": 6.9773496730482725,
    "('V6', 'V4')": 2.3796020278773717,
    "('V6', 'V5')": 6.505010782589703,
    "('V6', 'V7')": 3.268522697616454,
    "('V6', 'V8')": 1.151518742694625,
    "('V6', 'V9')": 2.8075257682793593,
    "('V6', 'V10')": 3.235805139690865,
    "('V7', 'D1')": 10.529217837600372,
    "('V7', 'D2')": 9.959972272262775,
    "('V7', 'D3')": 7.427786509049763,
    "('V7', 'V1')": 4.171322268956448,
    "('V7', 'V2')": 4.8615398803021534,
    "('V7', 'V3')": 7.100608416061094,
    "('V7', 'V4')": 1.697813533482969,
    "('V7', 'V5')": 7.3719992348930345,
    "('V7', 'V6')": 3.268522697616454,
    "('V7', 'V8')": 2.456640227540992,
    "('V7', 'V9')": 4.052812490634743,
    "('V7', 'V10')": 5.326234597367566,
    "('V8', 'D1')": 9.306799211223737,
    "('V8', 'D2')": 9.624106123447614,
    "('V8', 'D3')": 8.634086779086413,
    "('V8', 'V1')": 1.8662216779624639,
    "('V8', 'V2')": 3.1283445575599047,
    "('V8', 'V3')": 7.556041090054303,
    "('V8', 'V4')": 2.2123086814609727,
    "('V8', 'V5')": 7.288888163652957,
    "('V8', 'V6')": 1.151518742694625,
    "('V8', 'V7')": 2.456640227540992,
    "('V8', 'V9')": 3.5378938618890197,
    "('V8', 'V10')": 4.251553481841917,
    "('V9', 'D1')": 6.510876359380716,
    "('V9', 'D2')": 6.1362444643876435,
    "('V9', 'D3')": 5.833920567701274,
    "('V9', 'V1')": 4.907583103380622,
    "('V9', 'V2')": 2.1818234019078906,
    "('V9', 'V3')": 4.185041068207639,
    "('V9', 'V4')": 2.355558845185652,
    "('V9', 'V5')": 3.751511214872383,
    "('V9', 'V6')": 2.8075257682793593,
    "('V9', 'V7')": 4.052812490634743,
    "('V9', 'V8')": 3.5378938618890197,
    "('V9', 'V10')": 1.4533698972970988,
    "('V10', 'D1')": 5.215611652682747,
    "('V10', 'D2')": 5.513288738477468,
    "('V10', 'D3')": 6.635749704975544,
    "('V10', 'V1')": 5.168715954299781,
    "('V10', 'V2')": 1.636840075334753,
    "('V10', 'V3')": 4.533607075343589,
    "('V10', 'V4')": 3.6643762022926123,
    "('V10', 'V5')": 3.5745076155663202,
    "('V10', 'V6')": 3.235805139690865,
    "('V10', 'V7')": 5.326234597367566,
    "('V10', 'V8')": 4.251553481841917,
    "('V10', 'V9')": 1.4533698972970988
  },
  "par_a": [
    72,
    132,
    168,
    180,
    192
  ],
  "_distance": {
    "('F1', 'F1')": 0.0,
    "('F1', 'F2')": 21.051534927422622,
    "('F1', 'F3')": 4.448143876723304,
    "('F1', 'F4')": 20.356729008014796,
    "('F1', 'F5')": 26.561238346571926,
    "('F1', 'F6')": 18.013033062297904,
    "('F1', 'D1')": 7.030274738122607,
    "('F1', 'D2')": 8.736535691939707,
    "('F1', 'D3')": 14.644093874142213,
    "('F1', 'V1')": 16.542389700079326,
    "('F1', 'V2')": 13.184832776800333,
    "('F1', 'V3')": 12.401546220077526,
    "('F1', 'V4')": 15.85269783332206,
    "('F1', 'V5')": 11.07949455587289,
    "('F1', 'V6')": 15.168977885714327,
    "('F1', 'V7')": 17.543393659175678,
    "('F1', 'V8')": 16.30413511157379,
    "('F1', 'V9')": 13.502571694750952,
    "('F1', 'V10')": 12.243732207691956,
    "('F2', 'F1')": 21.051534927422622,
    "('F2', 'F2')": 0.0,
    "('F2', 'F3')": 23.97957829513326,
    "('F2', 'F4')": 28.894746150054246,
    "('F2', 'F5')": 19.38884417250001,
    "('F2', 'F6')": 4.3882548085257636,
    "('F2', 'D1')": 16.802704630363916,
    "('F2', 'D2')": 13.19122780349337,
    "('F2', 'D3')": 8.264806426272854,
    "('F2', 'V1')": 17.92135030820836,
    "('F2', 'V2')": 16.09632899117987,
    "('F2', 'V3')": 10.723737568645273,
    "('F2', 'V4')": 13.866391707830518,
    "('F2', 'V5')": 12.278202346781452,
    "('F2', 'V6')": 16.111545149614965,
    "('F2', 'V7')": 14.132750980934768,
    "('F2', 'V8')": 16.060899778821117,
    "('F2', 'V9')": 13.916582578459307,
    "('F2', 'V10')": 14.86867760687255,
    "('F3', 'F1')": 4.448143876723304,
    "('F3', 'F2')": 23.97957829513326,
    "('F3', 'F3')": 0.0,
    "('F3', 'F4')": 17.08801874782594,
    "('F3', 'F5')": 26.19418885169529,
    "('F3', 'F6')": 21.440281753844168,
    "('F3', 'D1')": 7.779851753576417,
    "('F3', 'D2')": 10.882120349909007,
    "('F3', 'D3')": 16.67506796722585,
    "('F3', 'V1')": 15.697856324731493,
    "('F3', 'V2')": 12.924549898226664,
    "('F3', 'V3')": 14.160542643759658,
    "('F3', 'V4')": 16.12959069077769,
    "('F3', 'V5')": 12.610575662152886,
    "('F3', 'V6')": 14.826200143460708,
    "('F3', 'V7')": 17.720386765207042,
    "('F3', 'V8')": 15.96980323498775,
    "('F3', 'V9')": 13.932151695217442,
    "('F3', 'V10')": 12.50258370857826,
    "('F4', 'F1')": 20.356729008014796,
    "('F4', 'F2')": 28.894746150054246,
    "('F4', 'F3')": 17.08801874782594,
    "('F4', 'F4')": 0.0,
    "('F4', 'F5')": 17.852416634788757,
    "('F4', 'F6')": 28.957509122693796,
    "('F4', 'D1')": 16.032982416115374,
    "('F4', 'D2')": 18.969433330676186,
    "('F4', 'D3')": 20.941511718849316,
    "('F4', 'V1')": 11.12857860527348,
    "('F4', 'V2')": 12.996306866275273,
    "('F4', 'V3')": 19.018930320937955,
    "('F4', 'V4')": 15.095909285847535,
    "('F4', 'V5')": 17.914639374489777,
    "('F4', 'V6')": 12.789445523043407,
    "('F4', 'V7')": 15.25744485150693,
    "('F4', 'V8')": 12.979536498112234,
    "('F4', 'V9')": 15.107606309913878,
    "('F4', 'V10')": 14.485351493162028,
    "('F5', 'F1')": 26.561238346571926,
    "('F5', 'F2')": 19.38884417250001,
    "('F5', 'F3')": 26.19418885169529,
    "('F5', 'F4')": 17.852416634788757,
    "('F5', 'F5')": 0.0,
    "('F5', 'F6')": 22.126801760982005,
    "('F5', 'D1')": 19.534484308228123,
    "('F5', 'D2')": 19.117022357419664,
    "('F5', 'D3')": 15.518698526309795,
    "('F5', 'V1')": 10.55567340834286,
    "('F5', 'V2')": 13.426872011286374,
    "('F5', 'V3')": 15.997275218680784,
    "('F5', 'V4')": 10.862596001835518,
    "('F5', 'V5')": 16.50164517577312,
    "('F5', 'V6')": 11.452081727189656,
    "('F5', 'V7')": 9.179820547665843,
    "('F5', 'V8')": 10.301566759931081,
    "('F5', 'V9')": 13.194606322124697,
    "('F5', 'V10')": 14.338776216203481,
    "('F6', 'F1')": 18.013033062297904,
    "('F6', 'F2')": 4.3882548085257636,
    "('F6', 'F3')": 21.440281753844168,
    "('F6', 'F4')": 28.957509122693796,
    "('F6', 'F5')": 22.126801760982005,
    "('F6', 'F6')": 0.0,
    "('F6', 'D1')": 15.008250749936579,
    "('F6', 'D2')": 11.251308745442174,
    "('F6', 'D3')": 8.152876277546817,
    "('F6', 'V1')": 18.53477640283318,
    "('F6', 'V2')": 15.966854045431939,
    "('F6', 'V3')": 9.958283209410515,
    "('F6', 'V4')": 14.584415445021232,
    "('F6', 'V5')": 11.232476619300343,
    "('F6', 'V6')": 16.514875519463267,
    "('F6', 'V7')": 15.329925624395868,
    "('F6', 'V8')": 16.76935526666092,
    "('F6', 'V9')": 13.90885271992888,
    "('F6', 'V10')": 14.483228819421559,
    "('D1', 'F1')": 7.030274738122607,
    "('D1', 'F2')": 16.802704630363916,
    "('D1', 'F3')": 7.779851753576417,
    "('D1', 'F4')": 16.032982416115374,
    "('D1', 'F5')": 19.534484308228123,
    "('D1', 'F6')": 15.008250749936579,
    "('D1', 'D1')": 0.0,
    "('D1', 'D2')": 3.7570402423632836,
    "('D1', 'D3')": 9.025780404165088,
    "('D1', 'V1')": 9.720385041084173,
    "('D1', 'V2')": 6.214278716257529,
    "('D1', 'V3')": 6.455799875509205,
    "('D1', 'V4')": 8.846449043679073,
    "('D1', 'V5')": 4.867897967628534,
    "('D1', 'V6')": 8.186302505959128,
    "('D1', 'V7')": 10.529217837600372,
    "('D1', 'V8')": 9.306799211223737,
    "('D1', 'V9')": 6.510876359380716,
    "('D1', 'V10')": 5.215611652682747,
    "('D2', 'F1')": 8.736535691939707,
    "('D2', 'F2')": 13.19122780349337,
    "('D2', 'F3')": 10.882120349909007,
    "('D2', 'F4')": 18.969433330676186,
    "('D2', 'F5')": 19.117022357419664,
    "('D2', 'F6')": 11.251308745442174,
    "('D2', 'D1')": 3.7570402423632836,
    "('D2', 'D2')": 0.0,
    "('D2', 'D3')": 5.936712280509374,
    "('D2', 'V1')": 10.681962842511997,
    "('D2', 'V2')": 7.085658430439185,
    "('D2', 'V3')": 3.6941131636810933,
    "('D2', 'V4')": 8.32188117166999,
    "('D2', 'V5')": 2.636971178777365,
    "('D2', 'V6')": 8.709769425909618,
    "('D2', 'V7')": 9.959972272262775,
    "('D2', 'V8')": 9.624106123447614,
    "('D2', 'V9')": 6.1362444643876435,
    "('D2', 'V10')": 5.513288738477468,
    "('D3', 'F1')": 14.644093874142213,
    "('D3', 'F2')": 8.264806426272854,
    "('D3', 'F3')": 16.67506796722585,
    "('D3', 'F4')": 20.941511718849316,
    "('D3', 'F5')": 15.518698526309795,
    "('D3', 'F6')": 8.152876277546817,
    "('D3', 'D1')": 9.025780404165088,
    "('D3', 'D2')": 5.936712280509374,
    "('D3', 'D3')": 0.0,
    "('D3', 'V1')": 10.383095883693969,
    "('D3', 'V2')": 7.970579480458648,
    "('D3', 'V3')": 2.5915566068356024,
    "('D3', 'V4')": 6.4757914018405245,
    "('D3', 'V5')": 4.202849764818218,
    "('D3', 'V6')": 8.365335154033064,
    "('D3', 'V7')": 7.427786509049763,
    "('D3', 'V8')": 8.634086779086413,
    "('D3', 'V9')": 5.833920567701274,
    "('D3', 'V10')": 6.635749704975544,
    "('V1', 'F1')": 16.542389700079326,
    "('V1', 'F2')": 17.92135030820836,
    "('V1', 'F3')": 15.697856324731493,
    "('V1', 'F4')": 11.12857860527348,
    "('V1', 'F5')": 10.55567340834286,
    "('V1', 'F6')": 18.53477640283318,
    "('V1', 'D1')": 9.720385041084173,
    "('V1', 'D2')": 10.681962842511997,
    "('V1', 'D3')": 10.383095883693969,
    "('V1', 'V1')": 0.0,
    "('V1', 'V2')": 3.6476001310082014,
    "('V1', 'V3')": 9.078297367377195,
    "('V1', 'V4')": 4.058097971778019,
    "('V1', 'V5')": 8.574962181994273,
    "('V1', 'V6')": 2.101639577817885,
    "('V1', 'V7')": 4.171322268956448,
    "('V1', 'V8')": 1.8662216779624639,
    "('V1', 'V9')": 4.907583103380622,
    "('V1', 'V10')": 5.168715954299781,
    "('V2', 'F1')": 13.184832776800333,
    "('V2', 'F2')": 16.09632899117987,
    "('V2', 'F3')": 12.924549898226664,
    "('V2', 'F4')": 12.996306866275273,
    "('V2', 'F5')": 13.426872011286374,
    "('V2', 'F6')": 15.966854045431939,
    "('V2', 'D1')": 6.214278716257529,
    "('V2', 'D2')": 7.085658430439185,
    "('V2', 'D3')": 7.970579480458648,
    "('V2', 'V1')": 3.6476001310082014,
    "('V2', 'V2')": 0.0,
    "('V2', 'V3')": 6.07084848944004,
    "('V2', 'V4')": 3.446137765571779,
    "('V2', 'V5')": 5.207280677217991,
    "('V2', 'V6')": 1.984916105858518,
    "('V2', 'V7')": 4.8615398803021534,
    "('V2', 'V8')": 3.1283445575599047,
    "('V2', 'V9')": 2.1818234019078906,
    "('V2', 'V10')": 1.636840075334753,
    "('V3', 'F1')": 12.401546220077526,
    "('V3', 'F2')": 10.723737568645273,
    "('V3', 'F3')": 14.160542643759658,
    "('V3', 'F4')": 19.018930320937955,
    "('V3', 'F5')": 15.997275218680784,
    "('V3', 'F6')": 9.958283209410515,
    "('V3', 'D1')": 6.455799875509205,
    "('V3', 'D2')": 3.6941131636810933,
    "('V3', 'D3')": 2.5915566068356024,
    "('V3', 'V1')": 9.078297367377195,
    "('V3', 'V2')": 6.07084848944004,
    "('V3', 'V3')": 0.0,
    "('V3', 'V4')": 5.69182128199653,
    "('V3', 'V5')": 1.6113048966706163,
    "('V3', 'V6')": 6.9773496730482725,
    "('V3', 'V7')": 7.100608416061094,
    "('V3', 'V8')": 7.556041090054303,
    "('V3', 'V9')": 4.185041068207639,
    "('V3', 'V10')": 4.533607075343589,
    "('V4', 'F1')": 15.85269783332206,
    "('V4', 'F2')": 13.866391707830518,
    "('V4', 'F3')": 16.12959069077769,
    "('V4', 'F4')": 15.095909285847535,
    "('V4', 'F5')": 10.862596001835518,
    "('V4', 'F6')": 14.584415445021232,
    "('V4', 'D1')": 8.846449043679073,
    "('V4', 'D2')": 8.32188117166999,
    "('V4', 'D3')": 6.4757914018405245,
    "('V4', 'V1')": 4.058097971778019,
    "('V4', 'V2')": 3.446137765571779,
    "('V4', 'V3')": 5.69182128199653,
    "('V4', 'V4')": 0.0,
    "('V4', 'V5')": 5.772934927445828,
    "('V4', 'V6')": 2.3796020278773717,
    "('V4', 'V7')": 1.697813533482969,
    "('V4', 'V8')": 2.2123086814609727,
    "('V4', 'V9')": 2.355558845185652,
    "('V4', 'V10')": 3.6643762022926123,
    "('V5', 'F1')": 11.07949455587289,
    "('V5', 'F2')": 12.278202346781452,
    "('V5', 'F3')": 12.610575662152886,
    "('V5', 'F4')": 17.914639374489777,
    "('V5', 'F5')": 16.50164517577312,
    "('V5', 'F6')": 11.232476619300343,
    "('V5', 'D1')": 4.867897967628534,
    "('V5', 'D2')": 2.636971178777365,
    "('V5', 'D3')": 4.202849764818218,
    "('V5', 'V1')": 8.574962181994273,
    "('V5', 'V2')": 5.207280677217991,
    "('V5', 'V3')": 1.6113048966706163,
    "('V5', 'V4')": 5.772934927445828,
    "('V5', 'V5')": 0.0,
    "('V5', 'V6')": 6.505010782589703,
    "('V5', 'V7')": 7.3719992348930345,
    "('V5', 'V8')": 7.288888163652957,
    "('V5', 'V9')": 3.751511214872383,
    "('V5', 'V10')": 3.5745076155663202,
    "('V6', 'F1')": 15.168977885714327,
    "('V6', 'F2')": 16.111545149614965,
    "('V6', 'F3')": 14.826200143460708,
    "('V6', 'F4')": 12.789445523043407,
    "('V6', 'F5')": 11.452081727189656,
    "('V6', 'F6')": 16.514875519463267,
    "('V6', 'D1')": 8.186302505959128,
    "('V6', 'D2')": 8.709769425909618,
    "('V6', 'D3')": 8.365335154033064,
    "('V6', 'V1')": 2.101639577817885,
    "('V6', 'V2')": 1.984916105858518,
    "('V6', 'V3')": 6.9773496730482725,
    "('V6', 'V4')": 2.3796020278773717,
    "('V6', 'V5')": 6.505010782589703,
    "('V6', 'V6')": 0.0,
    "('V6', 'V7')": 3.268522697616454,
    "('V6', 'V8')": 1.151518742694625,
    "('V6', 'V9')": 2.8075257682793593,
    "('V6', 'V10')": 3.235805139690865,
    "('V7', 'F1')": 17.543393659175678,
    "('V7', 'F2')": 14.132750980934768,
    "('V7', 'F3')": 17.720386765207042,
    "('V7', 'F4')": 15.25744485150693,
    "('V7', 'F5')": 9.179820547665843,
    "('V7', 'F6')": 15.329925624395868,
    "('V7', 'D1')": 10.529217837600372,
    "('V7', 'D2')": 9.959972272262775,
    "('V7', 'D3')": 7.427786509049763,
    "('V7', 'V1')": 4.171322268956448,
    "('V7', 'V2')": 4.8615398803021534,
    "('V7', 'V3')": 7.100608416061094,
    "('V7', 'V4')": 1.697813533482969,
    "('V7', 'V5')": 7.3719992348930345,
    "('V7', 'V6')": 3.268522697616454,
    "('V7', 'V7')": 0.0,
    "('V7', 'V8')": 2.456640227540992,
    "('V7', 'V9')": 4.052812490634743,
    "('V7', 'V10')": 5.326234597367566,
    "('V8', 'F1')": 16.30413511157379,
    "('V8', 'F2')": 16.060899778821117,
    "('V8', 'F3')": 15.96980323498775,
    "('V8', 'F4')": 12.979536498112234,
    "('V8', 'F5')": 10.301566759931081,
    "('V8', 'F6')": 16.76935526666092,
    "('V8', 'D1')": 9.306799211223737,
    "('V8', 'D2')": 9.624106123447614,
    "('V8', 'D3')": 8.634086779086413,
    "('V8', 'V1')": 1.8662216779624639,
    "('V8', 'V2')": 3.1283445575599047,
    "('V8', 'V3')": 7.556041090054303,
    "('V8', 'V4')": 2.2123086814609727,
    "('V8', 'V5')": 7.288888163652957,
    "('V8', 'V6')": 1.151518742694625,
    "('V8', 'V7')": 2.456640227540992,
    "('V8', 'V8')": 0.0,
    "('V8', 'V9')": 3.5378938618890197,
    "('V8', 'V10')": 4.251553481841917,
    "('V9', 'F1')": 13.502571694750952,
    "('V9', 'F2')": 13.916582578459307,
    "('V9', 'F3')": 13.932151695217442,
    "('V9', 'F4')": 15.107606309913878,
    "('V9', 'F5')": 13.194606322124697,
    "('V9', 'F6')": 13.90885271992888,
    "('V9', 'D1')": 6.510876359380716,
    "('V9', 'D2')": 6.1362444643876435,
    "('V9', 'D3')": 5.833920567701274,
    "('V9', 'V1')": 4.907583103380622,
    "('V9', 'V2')": 2.1818234019078906,
    "('V9', 'V3')": 4.185041068207639,
    "('V9', 'V4')": 2.355558845185652,
    "('V9', 'V5')": 3.751511214872383,
    "('V9', 'V6')": 2.8075257682793593,
    "('V9', 'V7')": 4.052812490634743,
    "('V9', 'V8')": 3.5378938618890197,
    "('V9', 'V9')": 0.0,
    "('V9', 'V10')": 1.4533698972970988,
    "('V10', 'F1')": 12.243732207691956,
    "('V10', 'F2')": 14.86867760687255,
    "('V10', 'F3')": 12.50258370857826,
    "('V10', 'F4')": 14.485351493162028,
    "('V10', 'F5')": 14.338776216203481,
    "('V10', 'F6')": 14.483228819421559,
    "('V10', 'D1')": 5.215611652682747,
    "('V10', 'D2')": 5.513288738477468,
    "('V10', 'D3')": 6.635749704975544,
    "('V10', 'V1')": 5.168715954299781,
    "('V10', 'V2')": 1.636840075334753,
    "('V10', 'V3')": 4.533607075343589,
    "('V10', 'V4')": 3.6643762022926123,
    "('V10', 'V5')": 3.5745076155663202,
    "('V10', 'V6')": 3.235805139690865,
    "('V10', 'V7')": 5.326234597367566,
    "('V10', 'V8')": 4.251553481841917,
    "('V10', 'V9')": 1.4533698972970988,
    "('V10', 'V10')": 0.0
  },
  "tij": {
    "('F1', 'D1')": 7.030274738122606,
    "('F1', 'D2')": 8.736535691939707,
    "('F1', 'D3')": 14.644093874142213,
    "('F2', 'D1')": 16.802704630363916,
    "('F2', 'D2')": 13.19122780349337,
    "('F2', 'D3')": 8.264806426272854,
    "('F3', 'D1')": 7.779851753576417,
    "('F3', 'D2')": 10.882120349909007,
    "('F3', 'D3')": 16.67506796722585,
    "('F4', 'D1')": 16.032982416115374,
    "('F4', 'D2')": 18.969433330676186,
    "('F4', 'D3')": 20.941511718849316,
    "('F5', 'D1')": 19.534484308228123,
    "('F5', 'D2')": 19.117022357419664,
    "('F5', 'D3')": 15.518698526309795,
    "('F6', 'D1')": 15.00825074993658,
    "('F6', 'D2')": 11.251308745442174,
    "('F6', 'D3')": 8.152876277546817,
    "('D1', 'D2')": 5.635560363544926,
    "('D1', 'D3')": 13.538670606247631,
    "('D1', 'V1')": 14.58057756162626,
    "('D1', 'V2')": 9.321418074386294,
    "('D1', 'V3')": 9.683699813263809,
    "('D1', 'V4')": 13.26967356551861,
    "('D1', 'V5')": 7.3018469514428,
    "('D1', 'V6')": 12.279453758938692,
    "('D1', 'V7')": 15.793826756400557,
    "('D1', 'V8')": 13.960198816835605,
    "('D1', 'V9')": 9.766314539071073,
    "('D1', 'V10')": 7.82341747902412,
    "('D2', 'D1')": 5.635560363544926,
    "('D2', 'D3')": 8.905068420764062,
    "('D2', 'V1')": 16.022944263767993,
    "('D2', 'V2')": 10.628487645658778,
    "('D2', 'V3')": 5.54116974552164,
    "('D2', 'V4')": 12.482821757504984,
    "('D2', 'V5')": 3.955456768166047,
    "('D2', 'V6')": 13.064654138864427,
    "('D2', 'V7')": 14.939958408394162,
    "('D2', 'V8')": 14.436159185171423,
    "('D2', 'V9')": 9.204366696581465,
    "('D2', 'V10')": 8.269933107716202,
    "('D3', 'D1')": 13.538670606247631,
    "('D3', 'D2')": 8.905068420764062,
    "('D3', 'V1')": 15.574643825540955,
    "('D3', 'V2')": 11.95586922068797,
    "('D3', 'V3')": 3.8873349102534034,
    "('D3', 'V4')": 9.713687102760787,
    "('D3', 'V5')": 6.304274647227327,
    "('D3', 'V6')": 12.548002731049596,
    "('D3', 'V7')": 11.141679763574643,
    "('D3', 'V8')": 12.951130168629621,
    "('D3', 'V9')": 8.750880851551912,
    "('D3', 'V10')": 9.953624557463318,
    "('V1', 'D1')": 14.58057756162626,
    "('V1', 'D2')": 16.022944263767993,
    "('V1', 'D3')": 15.574643825540955,
    "('V1', 'V2')": 5.471400196512302,
    "('V1', 'V3')": 13.617446051065793,
    "('V1', 'V4')": 6.087146957667029,
    "('V1', 'V5')": 12.86244327299141,
    "('V1', 'V6')": 3.152459366726828,
    "('V1', 'V7')": 6.256983403434672,
    "('V1', 'V8')": 2.7993325169436956,
    "('V1', 'V9')": 7.361374655070934,
    "('V1', 'V10')": 7.753073931449672,
    "('V2', 'D1')": 9.321418074386294,
    "('V2', 'D2')": 10.628487645658778,
    "('V2', 'D3')": 11.95586922068797,
    "('V2', 'V1')": 5.471400196512302,
    "('V2', 'V3')": 9.106272734160061,
    "('V2', 'V4')": 5.169206648357669,
    "('V2', 'V5')": 7.810921015826986,
    "('V2', 'V6')": 2.9773741587877773,
    "('V2', 'V7')": 7.292309820453229,
    "('V2', 'V8')": 4.692516836339857,
    "('V2', 'V9')": 3.272735102861836,
    "('V2', 'V10')": 2.4552601130021294,
    "('V3', 'D1')": 9.683699813263809,
    "('V3', 'D2')": 5.54116974552164,
    "('V3', 'D3')": 3.8873349102534034,
    "('V3', 'V1')": 13.617446051065793,
    "('V3', 'V2')": 9.106272734160061,
    "('V3', 'V4')": 8.537731922994796,
    "('V3', 'V5')": 2.4169573450059243,
    "('V3', 'V6')": 10.46602450957241,
    "('V3', 'V7')": 10.650912624091642,
    "('V3', 'V8')": 11.334061635081454,
    "('V3', 'V9')": 6.277561602311458,
    "('V3', 'V10')": 6.8004106130153845,
    "('V4', 'D1')": 13.26967356551861,
    "('V4', 'D2')": 12.482821757504984,
    "('V4', 'D3')": 9.713687102760787,
    "('V4', 'V1')": 6.087146957667029,
    "('V4', 'V2')": 5.169206648357669,
    "('V4', 'V3')": 8.537731922994796,
    "('V4', 'V5')": 8.659402391168742,
    "('V4', 'V6')": 3.569403041816058,
    "('V4', 'V7')": 2.5467203002244534,
    "('V4', 'V8')": 3.318463022191459,
    "('V4', 'V9')": 3.5333382677784777,
    "('V4', 'V10')": 5.496564303438918,
    "('V5', 'D1')": 7.3018469514428,
    "('V5', 'D2')": 3.955456768166047,
    "('V5', 'D3')": 6.304274647227327,
    "('V5', 'V1')": 12.86244327299141,
    "('V5', 'V2')": 7.810921015826986,
    "('V5', 'V3')": 2.4169573450059243,
    "('V5', 'V4')": 8.659402391168742,
    "('V5', 'V6')": 9.757516173884554,
    "('V5', 'V7')": 11.057998852339551,
    "('V5', 'V8')": 10.933332245479436,
    "('V5', 'V9')": 5.627266822308575,
    "('V5', 'V10')": 5.36176142334948,
    "('V6', 'D1')": 12.279453758938692,
    "('V6', 'D2')": 13.064654138864427,
    "('V6', 'D3')": 12.548002731049596,
    "('V6', 'V1')": 3.152459366726828,
    "('V6', 'V2')": 2.9773741587877773,
    "('V6', 'V3')": 10.46602450957241,
    "('V6', 'V4')": 3.569403041816058,
    "('V6', 'V5')": 9.757516173884554,
    "('V6', 'V7')": 4.902784046424681,
    "('V6', 'V8')": 1.7272781140419375,
    "('V6', 'V9')": 4.2112886524190385,
    "('V6', 'V10')": 4.853707709536297,
    "('V7', 'D1')": 15.793826756400557,
    "('V7', 'D2')": 14.939958408394162,
    "('V7', 'D3')": 11.141679763574643,
    "('V7', 'V1')": 6.256983403434672,
    "('V7', 'V2')": 7.292309820453229,
    "('V7', 'V3')": 10.650912624091642,
    "('V7', 'V4')": 2.5467203002244534,
    "('V7', 'V5')": 11.057998852339551,
    "('V7', 'V6')": 4.902784046424681,
    "('V7', 'V8')": 3.6849603413114878,
    "('V7', 'V9')": 6.079218735952114,
    "('V7', 'V10')": 7.989351896051349,
    "('V8', 'D1')": 13.960198816835605,
    "('V8', 'D2')": 14.436159185171423,
    "('V8', 'D3')": 12.951130168629621,
    "('V8', 'V1')": 2.7993325169436956,
    "('V8', 'V2')": 4.692516836339857,
    "('V8', 'V3')": 11.334061635081454,
    "('V8', 'V4')": 3.318463022191459,
    "('V8', 'V5')": 10.933332245479436,
    "('V8', 'V6')": 1.7272781140419375,
    "('V8', 'V7')": 3.6849603413114878,
    "('V8', 'V9')": 5.30684079283353,
    "('V8', 'V10')": 6.377330222762875,
    "('V9', 'D1')": 9.766314539071073,
    "('V9', 'D2')": 9.204366696581465,
    "('V9', 'D3')": 8.750880851551912,
    "('V9', 'V1')": 7.361374655070934,
    "('V9', 'V2')": 3.272735102861836,
    "('V9', 'V3')": 6.277561602311458,
    "('V9', 'V4')": 3.5333382677784777,
    "('V9', 'V5')": 5.627266822308575,
    "('V9', 'V6')": 4.2112886524190385,
    "('V9', 'V7')": 6.079218735952114,
    "('V9', 'V8')": 5.30684079283353,
    "('V9', 'V10')": 2.1800548459456484,
    "('V10', 'D1')": 7.82341747902412,
    "('V10', 'D2')": 8.269933107716202,
    "('V10', 'D3')": 9.953624557463318,
    "('V10', 'V1')": 7.753073931449672,
    "('V10', 'V2')": 2.4552601130021294,
    "('V10', 'V3')": 6.8004106130153845,
    "('V10', 'V4')": 5.496564303438918,
    "('V10', 'V5')": 5.36176142334948,
    "('V10', 'V6')": 4.853707709536297,
    "('V10', 'V7')": 7.989351896051349,
    "('V10', 'V8')": 6.377330222762875,
    "('V10', 'V9')": 2.1800548459456484
  },
  "waktu": {
    "('F1', 'D1')": 7.030274738122606,
    "('F1', 'D2')": 8.736535691939707,
    "('F1', 'D3')": 14.644093874142213,
    "('F2', 'D1')": 16.802704630363916,
    "('F2', 'D2')": 13.19122780349337,
    "('F2', 'D3')": 8.264806426272854,
    "('F3', 'D1')": 7.779851753576417,
    "('F3', 'D2')": 10.882120349909007,
    "('F3', 'D3')": 16.67506796722585,
    "('F4', 'D1')": 16.032982416115374,
    "('F4', 'D2')": 18.969433330676186,
    "('F4', 'D3')": 20.941511718849316,
    "('F5', 'D1')": 19.534484308228123,
    "('F5', 'D2')": 19.117022357419664,
    "('F5', 'D3')": 15.518698526309795,
    "('F6', 'D1')": 15.00825074993658,
    "('F6', 'D2')": 11.251308745442174,
    "('F6', 'D3')": 8.152876277546817,
    "('D1', 'D2')": 5.635560363544926,
    "('D1', 'D3')": 13.538670606247631,
    "('D1', 'V1')": 14.58057756162626,
    "('D1', 'V2')": 9.321418074386294,
    "('D1', 'V3')": 9.683699813263809,
    "('D1', 'V4')": 13.26967356551861,
    "('D1', 'V5')": 7.3018469514428,
    "('D1', 'V6')": 12.279453758938692,
    "('D1', 'V7')": 15.793826756400557,
    "('D1', 'V8')": 13.960198816835605,
    "('D1', 'V9')": 9.766314539071073,
    "('D1', 'V10')": 7.82341747902412,
    "('D2', 'D1')": 5.635560363544926,
    "('D2', 'D3')": 8.905068420764062,
    "('D2', 'V1')": 16.022944263767993,
    "('D2', 'V2')": 10.628487645658778,
    "('D2', 'V3')": 5.54116974552164,
    "('D2', 'V4')": 12.482821757504984,
    "('D2', 'V5')": 3.955456768166047,
    "('D2', 'V6')": 13.064654138864427,
    "('D2', 'V7')": 14.939958408394162,
    "('D2', 'V8')": 14.436159185171423,
    "('D2', 'V9')": 9.204366696581465,
    "('D2', 'V10')": 8.269933107716202,
    "('D3', 'D1')": 13.538670606247631,
    "('D3', 'D2')": 8.905068420764062,
    "('D3', 'V1')": 15.574643825540955,
    "('D3', 'V2')": 11.95586922068797,
    "('D3', 'V3')": 3.8873349102534034,
    "('D3', 'V4')": 9.713687102760787,
    "('D3', 'V5')": 6.304274647227327,
    "('D3', 'V6')": 12.548002731049596,
    "('D3', 'V7')": 11.141679763574643,
    "('D3', 'V8')": 12.951130168629621,
    "('D3', 'V9')": 8.750880851551912,
    "('D3', 'V10')": 9.953624557463318,
    "('V1', 'D1')": 14.58057756162626,
    "('V1', 'D2')": 16.022944263767993,
    "('V1', 'D3')": 15.574643825540955,
    "('V1', 'V2')": 5.471400196512302,
    "('V1', 'V3')": 13.617446051065793,
    "('V1', 'V4')": 6.087146957667029,
    "('V1', 'V5')": 12.86244327299141,
    "('V1', 'V6')": 3.152459366726828,
    "('V1', 'V7')": 6.256983403434672,
    "('V1', 'V8')": 2.7993325169436956,
    "('V1', 'V9')": 7.361374655070934,
    "('V1', 'V10')": 7.753073931449672,
    "('V2', 'D1')": 9.321418074386294,
    "('V2', 'D2')": 10.628487645658778,
    "('V2', 'D3')": 11.95586922068797,
    "('V2', 'V1')": 5.471400196512302,
    "('V2', 'V3')": 9.106272734160061,
    "('V2', 'V4')": 5.169206648357669,
    "('V2', 'V5')": 7.810921015826986,
    "('V2', 'V6')": 2.9773741587877773,
    "('V2', 'V7')": 7.292309820453229,
    "('V2', 'V8')": 4.692516836339857,
    "('V2', 'V9')": 3.272735102861836,
    "('V2', 'V10')": 2.4552601130021294,
    "('V3', 'D1')": 9.683699813263809,
    "('V3', 'D2')": 5.54116974552164,
    "('V3', 'D3')": 3.8873349102534034,
    "('V3', 'V1')": 13.617446051065793,
    "('V3', 'V2')": 9.106272734160061,
    "('V3', 'V4')": 8.537731922994796,
    "('V3', 'V5')": 2.4169573450059243,
    "('V3', 'V6')": 10.46602450957241,
    "('V3', 'V7')": 10.650912624091642,
    "('V3', 'V8')": 11.334061635081454,
    "('V3', 'V9')": 6.277561602311458,
    "('V3', 'V10')": 6.8004106130153845,
    "('V4', 'D1')": 13.26967356551861,
    "('V4', 'D2')": 12.482821757504984,
    "('V4', 'D3')": 9.713687102760787,
    "('V4', 'V1')": 6.087146957667029,
    "('V4', 'V2')": 5.169206648357669,
    "('V4', 'V3')": 8.537731922994796,
    "('V4', 'V5')": 8.659402391168742,
    "('V4', 'V6')": 3.569403041816058,
    "('V4', 'V7')": 2.5467203002244534,
    "('V4', 'V8')": 3.318463022191459,
    "('V4', 'V9')": 3.5333382677784777,
    "('V4', 'V10')": 5.496564303438918,
    "('V5', 'D1')": 7.3018469514428,
    "('V5', 'D2')": 3.955456768166047,
    "('V5', 'D3')": 6.304274647227327,
    "('V5', 'V1')": 12.86244327299141,
    "('V5', 'V2')": 7.810921015826986,
    "('V5', 'V3')": 2.4169573450059243,
    "('V5', 'V4')": 8.659402391168742,
    "('V5', 'V6')": 9.757516173884554,
    "('V5', 'V7')": 11.057998852339551,
    "('V5', 'V8')": 10.933332245479436,
    "('V5', 'V9')": 5.627266822308575,
    "('V5', 'V10')": 5.36176142334948,
    "('V6', 'D1')": 12.279453758938692,
    "('V6', 'D2')": 13.064654138864427,
    "('V6', 'D3')": 12.548002731049596,
    "('V6', 'V1')": 3.152459366726828,
    "('V6', 'V2')": 2.9773741587877773,
    "('V6', 'V3')": 10.46602450957241,
    "('V6', 'V4')": 3.569403041816058,
    "('V6', 'V5')": 9.757516173884554,
    "('V6', 'V7')": 4.902784046424681,
    "('V6', 'V8')": 1.7272781140419375,
    "('V6', 'V9')": 4.2112886524190385,
    "('V6', 'V10')": 4.853707709536297,
    "('V7', 'D1')": 15.793826756400557,
    "('V7', 'D2')": 14.939958408394162,
    "('V7', 'D3')": 11.141679763574643,
    "('V7', 'V1')": 6.256983403434672,
    "('V7', 'V2')": 7.292309820453229,
    "('V7', 'V3')": 10.650912624091642,
    "('V7', 'V4')": 2.5467203002244534,
    "('V7', 'V5')": 11.057998852339551,
    "('V7', 'V6')": 4.902784046424681,
    "('V7', 'V8')": 3.6849603413114878,
    "('V7', 'V9')": 6.079218735952114,
    "('V7', 'V10')": 7.989351896051349,
    "('V8', 'D1')": 13.960198816835605,
    "('V8', 'D2')": 14.436159185171423,
    "('V8', 'D3')": 12.951130168629621,
    "('V8', 'V1')": 2.7993325169436956,
    "('V8', 'V2')": 4.692516836339857,
    "('V8', 'V3')": 11.334061635081454,
    "('V8', 'V4')": 3.318463022191459,
    "('V8', 'V5')": 10.933332245479436,
    "('V8', 'V6')": 1.7272781140419375,
    "('V8', 'V7')": 3.6849603413114878,
    "('V8', 'V9')": 5.30684079283353,
    "('V8', 'V10')": 6.377330222762875,
    "('V9', 'D1')": 9.766314539071073,
    "('V9', 'D2')": 9.204366696581465,
    "('V9', 'D3')": 8.750880851551912,
    "('V9', 'V1')": 7.361374655070934,
    "('V9', 'V2')": 3.272735102861836,
    "('V9', 'V3')": 6.277561602311458,
    "('V9', 'V4')": 3.5333382677784777,
    "('V9', 'V5')": 5.627266822308575,
    "('V9', 'V6')": 4.2112886524190385,
    "('V9', 'V7')": 6.079218735952114,
    "('V9', 'V8')": 5.30684079283353,
    "('V9', 'V10')": 2.1800548459456484,
    "('V10', 'D1')": 7.82341747902412,
    "('V10', 'D2')": 8.269933107716202,
    "('V10', 'D3')": 9.953624557463318,
    "('V10', 'V1')": 7.753073931449672,
    "('V10', 'V2')": 2.4552601130021294,
    "('V10', 'V3')": 6.8004106130153845,
    "('V10', 'V4')": 5.496564303438918,
    "('V10', 'V5')": 5.36176142334948,
    "('V10', 'V6')": 4.853707709536297,
    "('V10', 'V7')": 7.989351896051349,
    "('V10', 'V8')": 6.377330222762875,
    "('V10', 'V9')": 2.1800548459456484
  },
  "truck_arcs": [
    {
      "p": "F1",
      "j": "D1",
      "cost": 7.030274738122607
    },
    {
      "p": "F1",
      "j": "D2",
      "cost": 8.736535691939707
    },
    {
      "p": "F1",
      "j": "D3",
      "cost": 14.644093874142213
    },
    {
      "p": "F2",
      "j": "D1",
      "cost": 16.802704630363916
    },
    {
      "p": "F2",
      "j": "D2",
      "cost": 13.19122780349337
    },
    {
      "p": "F2",
      "j": "D3",
      "cost": 8.264806426272854
    },
    {
      "p": "F3",
      "j": "D1",
      "cost": 7.779851753576417
    },
    {
      "p": "F3",
      "j": "D2",
      "cost": 10.882120349909007
    },
    {
      "p": "F3",
      "j": "D3",
      "cost": 16.67506796722585
    },
    {
      "p": "F4",
      "j": "D1",
      "cost": 16.032982416115374
    },
    {
      "p": "F4",
      "j": "D2",
      "cost": 18.969433330676186
    },
    {
      "p": "F4",
      "j": "D3",
      "cost": 20.941511718849316
    },
    {
      "p": "F5",
      "j": "D1",
      "cost": 19.534484308228123
    },
    {
      "p": "F5",
      "j": "D2",
      "cost": 19.117022357419664
    },
    {
      "p": "F5",
      "j": "D3",
      "cost": 15.518698526309795
    },
    {
      "p": "F6",
      "j": "D1",
      "cost": 15.008250749936579
    },
    {
      "p": "F6",
      "j": "D2",
      "cost": 11.251308745442174
    },
    {
      "p": "F6",
      "j": "D3",
      "cost": 8.152876277546817
    }
  ],
  "uav_arcs": [
    {
      "u": "D1",
      "v": "D2",
      "cost": 3.7570402423632836
    },
    {
      "u": "D1",
      "v": "D3",
      "cost": 9.025780404165088
    },
    {
      "u": "D1",
      "v": "V1",
      "cost": 9.720385041084173
    },
    {
      "u": "D1",
      "v": "V2",
      "cost": 6.214278716257529
    },
    {
      "u": "D1",
      "v": "V3",
      "cost": 6.455799875509205
    },
    {
      "u": "D1",
      "v": "V4",
      "cost": 8.846449043679073
    },
    {
      "u": "D1",
      "v": "V5",
      "cost": 4.867897967628534
    },
    {
      "u": "D1",
      "v": "V6",
      "cost": 8.186302505959128
    },
    {
      "u": "D1",
      "v": "V7",
      "cost": 10.529217837600372
    },
    {
      "u": "D1",
      "v": "V8",
      "cost": 9.306799211223737
    },
    {
      "u": "D1",
      "v": "V9",
      "cost": 6.510876359380716
    },
    {
      "u": "D1",
      "v": "V10",
      "cost": 5.215611652682747
    },
    {
      "u": "D2",
      "v": "D1",
      "cost": 3.7570402423632836
    },
    {
      "u": "D2",
      "v": "D3",
      "cost": 5.936712280509374
    },
    {
      "u": "D2",
      "v": "V1",
      "cost": 10.681962842511997
    },
    {
      "u": "D2",
      "v": "V2",
      "cost": 7.085658430439185
    },
    {
      "u": "D2",
      "v": "V3",
      "cost": 3.6941131636810933
    },
    {
      "u": "D2",
      "v": "V4",
      "cost": 8.32188117166999
    },
    {
      "u": "D2",
      "v": "V5",
      "cost": 2.636971178777365
    },
    {
      "u": "D2",
      "v": "V6",
      "cost": 8.709769425909618
    },
    {
      "u": "D2",
      "v": "V7",
      "cost": 9.959972272262775
    },
    {
      "u": "D2",
      "v": "V8",
      "cost": 9.624106123447614
    },
    {
      "u": "D2",
      "v": "V9",
      "cost": 6.1362444643876435
    },
    {
      "u": "D2",
      "v": "V10",
      "cost": 5.513288738477468
    },
    {
      "u": "D3",
      "v": "D1",
      "cost": 9.025780404165088
    },
    {
      "u": "D3",
      "v": "D2",
      "cost": 5.936712280509374
    },
    {
      "u": "D3",
      "v": "V1",
      "cost": 10.383095883693969
    },
    {
      "u": "D3",
      "v": "V2",
      "cost": 7.970579480458648
    },
    {
      "u": "D3",
      "v": "V3",
      "cost": 2.5915566068356024
    },
    {
      "u": "D3",
      "v": "V4",
      "cost": 6.4757914018405245
    },
    {
      "u": "D3",
      "v": "V5",
      "cost": 4.202849764818218
    },
    {
      "u": "D3",
      "v": "V6",
      "cost": 8.365335154033064
    },
    {
      "u": "D3",
      "v": "V7",
      "cost": 7.427786509049763
    },
    {
      "u": "D3",
      "v": "V8",
      "cost": 8.634086779086413
    },
    {
      "u": "D3",
      "v": "V9",
      "cost": 5.833920567701274
    },
    {
      "u": "D3",
      "v": "V10",
      "cost": 6.635749704975544
    },
    {
      "u": "V1",
      "v": "D1",
      "cost": 9.720385041084173
    },
    {
      "u": "V1",
      "v": "D2",
      "cost": 10.681962842511997
    },
    {
      "u": "V1",
      "v": "D3",
      "cost": 10.383095883693969
    },
    {
      "u": "V1",
      "v": "V2",
      "cost": 3.6476001310082014
    },
    {
      "u": "V1",
      "v": "V3",
      "cost": 9.078297367377195
    },
    {
      "u": "V1",
      "v": "V4",
      "cost": 4.058097971778019
    },
    {
      "u": "V1",
      "v": "V5",
      "cost": 8.574962181994273
    },
    {
      "u": "V1",
      "v": "V6",
      "cost": 2.101639577817885
    },
    {
      "u": "V1",
      "v": "V7",
      "cost": 4.171322268956448
    },
    {
      "u": "V1",
      "v": "V8",
      "cost": 1.8662216779624639
    },
    {
      "u": "V1",
      "v": "V9",
      "cost": 4.907583103380622
    },
    {
      "u": "V1",
      "v": "V10",
      "cost": 5.168715954299781
    },
    {
      "u": "V2",
      "v": "D1",
      "cost": 6.214278716257529
    },
    {
      "u": "V2",
      "v": "D2",
      "cost": 7.085658430439185
    },
    {
      "u": "V2",
      "v": "D3",
      "cost": 7.970579480458648
    },
    {
      "u": "V2",
      "v": "V1",
      "cost": 3.6476001310082014
    },
    {
      "u": "V2",
      "v": "V3",
      "cost": 6.07084848944004
    },
    {
      "u": "V2",
      "v": "V4",
      "cost": 3.446137765571779
    },
    {
      "u": "V2",
      "v": "V5",
      "cost": 5.207280677217991
    },
    {
      "u": "V2",
      "v": "V6",
      "cost": 1.984916105858518
    },
    {
      "u": "V2",
      "v": "V7",
      "cost": 4.8615398803021534
    },
    {
      "u": "V2",
      "v": "V8",
      "cost": 3.1283445575599047
    },
    {
      "u": "V2",
      "v": "V9",
      "cost": 2.1818234019078906
    },
    {
      "u": "V2",
      "v": "V10",
      "cost": 1.636840075334753
    },
    {
      "u": "V3",
      "v": "D1",
      "cost": 6.455799875509205
    },
    {
      "u": "V3",
      "v": "D2",
      "cost": 3.6941131636810933
    },
    {
      "u": "V3",
      "v": "D3",
      "cost": 2.5915566068356024
    },
    {
      "u": "V3",
      "v": "V1",
      "cost": 9.078297367377195
    },
    {
      "u": "V3",
      "v": "V2",
      "cost": 6.07084848944004
    },
    {
      "u": "V3",
      "v": "V4",
      "cost": 5.69182128199653
    },
    {
      "u": "V3",
      "v": "V5",
      "cost": 1.6113048966706163
    },
    {
      "u": "V3",
      "v": "V6",
      "cost": 6.9773496730482725
    },
    {
      "u": "V3",
      "v": "V7",
      "cost": 7.100608416061094
    },
    {
      "u": "V3",
      "v": "V8",
      "cost": 7.556041090054303
    },
    {
      "u": "V3",
      "v": "V9",
      "cost": 4.185041068207639
    },
    {
      "u": "V3",
      "v": "V10",
      "cost": 4.533607075343589
    },
    {
      "u": "V4",
      "v": "D1",
      "cost": 8.846449043679073
    },
    {
      "u": "V4",
      "v": "D2",
      "cost": 8.32188117166999
    },
    {
      "u": "V4",
      "v": "D3",
      "cost": 6.4757914018405245
    },
    {
      "u": "V4",
      "v": "V1",
      "cost": 4.058097971778019
    },
    {
      "u": "V4",
      "v": "V2",
      "cost": 3.446137765571779
    },
    {
      "u": "V4",
      "v": "V3",
      "cost": 5.69182128199653
    },
    {
      "u": "V4",
      "v": "V5",
      "cost": 5.772934927445828
    },
    {
      "u": "V4",
      "v": "V6",
      "cost": 2.3796020278773717
    },
    {
      "u": "V4",
      "v": "V7",
      "cost": 1.697813533482969
    },
    {
      "u": "V4",
      "v": "V8",
      "cost": 2.2123086814609727
    },
    {
      "u": "V4",
      "v": "V9",
      "cost": 2.355558845185652
    },
    {
      "u": "V4",
      "v": "V10",
      "cost": 3.6643762022926123
    },
    {
      "u": "V5",
      "v": "D1",
      "cost": 4.867897967628534
    },
    {
      "u": "V5",
      "v": "D2",
      "cost": 2.636971178777365
    },
    {
      "u": "V5",
      "v": "D3",
      "cost": 4.202849764818218
    },
    {
      "u": "V5",
      "v": "V1",
      "cost": 8.574962181994273
    },
    {
      "u": "V5",
      "v": "V2",
      "cost": 5.207280677217991
    },
    {
      "u": "V5",
      "v": "V3",
      "cost": 1.6113048966706163
    },
    {
      "u": "V5",
      "v": "V4",
      "cost": 5.772934927445828
    },
    {
      "u": "V5",
      "v": "V6",
      "cost": 6.505010782589703
    },
    {
      "u": "V5",
      "v": "V7",
      "cost": 7.3719992348930345
    },
    {
      "u": "V5",
      "v": "V8",
      "cost": 7.288888163652957
    },
    {
      "u": "V5",
      "v": "V9",
      "cost": 3.751511214872383
    },
    {
      "u": "V5",
      "v": "V10",
      "cost": 3.5745076155663202
    },
    {
      "u": "V6",
      "v": "D1",
      "cost": 8.186302505959128
    },
    {
      "u": "V6",
      "v": "D2",
      "cost": 8.709769425909618
    },
    {
      "u": "V6",
      "v": "D3",
      "cost": 8.365335154033064
    },
    {
      "u": "V6",
      "v": "V1",
      "cost": 2.101639577817885
    },
    {
      "u": "V6",
      "v": "V2",
      "cost": 1.984916105858518
    },
    {
      "u": "V6",
      "v": "V3",
      "cost": 6.9773496730482725
    },
    {
      "u": "V6",
      "v": "V4",
      "cost": 2.3796020278773717
    },
    {
      "u": "V6",
      "v": "V5",
      "cost": 6.505010782589703
    },
    {
      "u": "V6",
      "v": "V7",
      "cost": 3.268522697616454
    },
    {
      "u": "V6",
      "v": "V8",
      "cost": 1.151518742694625
    },
    {
      "u": "V6",
      "v": "V9",
      "cost": 2.8075257682793593
    },
    {
      "u": "V6",
      "v": "V10",
      "cost": 3.235805139690865
    },
    {
      "u": "V7",
      "v": "D1",
      "cost": 10.529217837600372
    },
    {
      "u": "V7",
      "v": "D2",
      "cost": 9.959972272262775
    },
    {
      "u": "V7",
      "v": "D3",
      "cost": 7.427786509049763
    },
    {
      "u": "V7",
      "v": "V1",
      "cost": 4.171322268956448
    },
    {
      "u": "V7",
      "v": "V2",
      "cost": 4.8615398803021534
    },
    {
      "u": "V7",
      "v": "V3",
      "cost": 7.100608416061094
    },
    {
      "u": "V7",
      "v": "V4",
      "cost": 1.697813533482969
    },
    {
      "u": "V7",
      "v": "V5",
      "cost": 7.3719992348930345
    },
    {
      "u": "V7",
      "v": "V6",
      "cost": 3.268522697616454
    },
    {
      "u": "V7",
      "v": "V8",
      "cost": 2.456640227540992
    },
    {
      "u": "V7",
      "v": "V9",
      "cost": 4.052812490634743
    },
    {
      "u": "V7",
      "v": "V10",
      "cost": 5.326234597367566
    },
    {
      "u": "V8",
      "v": "D1",
      "cost": 9.306799211223737
    },
    {
      "u": "V8",
      "v": "D2",
      "cost": 9.624106123447614
    },
    {
      "u": "V8",
      "v": "D3",
      "cost": 8.634086779086413
    },
    {
      "u": "V8",
      "v": "V1",
      "cost": 1.8662216779624639
    },
    {
      "u": "V8",
      "v": "V2",
      "cost": 3.1283445575599047
    },
    {
      "u": "V8",
      "v": "V3",
      "cost": 7.556041090054303
    },
    {
      "u": "V8",
      "v": "V4",
      "cost": 2.2123086814609727
    },
    {
      "u": "V8",
      "v": "V5",
      "cost": 7.288888163652957
    },
    {
      "u": "V8",
      "v": "V6",
      "cost": 1.151518742694625
    },
    {
      "u": "V8",
      "v": "V7",
      "cost": 2.456640227540992
    },
    {
      "u": "V8",
      "v": "V9",
      "cost": 3.5378938618890197
    },
    {
      "u": "V8",
      "v": "V10",
      "cost": 4.251553481841917
    },
    {
      "u": "V9",
      "v": "D1",
      "cost": 6.510876359380716
    },
    {
      "u": "V9",
      "v": "D2",
      "cost": 6.1362444643876435
    },
    {
      "u": "V9",
      "v": "D3",
      "cost": 5.833920567701274
    },
    {
      "u": "V9",
      "v": "V1",
      "cost": 4.907583103380622
    },
    {
      "u": "V9",
      "v": "V2",
      "cost": 2.1818234019078906
    },
    {
      "u": "V9",
      "v": "V3",
      "cost": 4.185041068207639
    },
    {
      "u": "V9",
      "v": "V4",
      "cost": 2.355558845185652
    },
    {
      "u": "V9",
      "v": "V5",
      "cost": 3.751511214872383
    },
    {
      "u": "V9",
      "v": "V6",
      "cost": 2.8075257682793593
    },
    {
      "u": "V9",
      "v": "V7",
      "cost": 4.052812490634743
    },
    {
      "u": "V9",
      "v": "V8",
      "cost": 3.5378938618890197
    },
    {
      "u": "V9",
      "v": "V10",
      "cost": 1.4533698972970988
    },
    {
      "u": "V10",
      "v": "D1",
      "cost": 5.215611652682747
    },
    {
      "u": "V10",
      "v": "D2",
      "cost": 5.513288738477468
    },
    {
      "u": "V10",
      "v": "D3",
      "cost": 6.635749704975544
    },
    {
      "u": "V10",
      "v": "V1",
      "cost": 5.168715954299781
    },
    {
      "u": "V10",
      "v": "V2",
      "cost": 1.636840075334753
    },
    {
      "u": "V10",
      "v": "V3",
      "cost": 4.533607075343589
    },
    {
      "u": "V10",
      "v": "V4",
      "cost": 3.6643762022926123
    },
    {
      "u": "V10",
      "v": "V5",
      "cost": 3.5745076155663202
    },
    {
      "u": "V10",
      "v": "V6",
      "cost": 3.235805139690865
    },
    {
      "u": "V10",
      "v": "V7",
      "cost": 5.326234597367566
    },
    {
      "u": "V10",
      "v": "V8",
      "cost": 4.251553481841917
    },
    {
      "u": "V10",
      "v": "V9",
      "cost": 1.4533698972970988
    }
  ],
  "number_of_uav": null
}